,param_config,cluster_label,num_points,avg_lon,avg_lat,median_lon,median_lat,bounding_box_area,density,radius_avg,radius_max,std_lon,std_lat,has_shop,shop_rel_butcher,shop_rel_car_repair,shop_rel_bakery,shop_rel_supermarket,amenity_rel_restaurant,amenity_rel_post_box,amenity_rel_doctors,amenity_rel_pharmacy,amenity_rel_school,amenity_rel_community_centre,amenity_rel_bar,amenity_rel_atm,amenity_rel_cafe,amenity_rel_clinic,amenity_rel_pub,shop_rel_copyshop,shop_rel_pet,shop_rel_tobacco,shop_rel_garden_centre,amenity_rel_library,shop_rel_hardware,shop_rel_convenience,amenity_rel_post_office,amenity_rel_events_venue,amenity_rel_biergarten,amenity_rel_theatre,shop_rel_furniture,shop_rel_wholesale,shop_rel_sports,shop_rel_electronics,shop_rel_doityourself,amenity_rel_fast_food,shop_rel_car,shop_rel_gift,shop_rel_variety_store,amenity_rel_charging_station,amenity_rel_car_rental,shop_rel_tyres,shop_rel_bathroom_furnishing,shop_rel_funeral_directors,amenity_rel_university,amenity_rel_veterinary,shop_rel_security,shop_rel_optician,shop_rel_clothes,shop_rel_houseware,shop_rel_car_parts,amenity_rel_cinema,shop_rel_stationery,shop_rel_books,shop_rel_sewing,shop_rel_jewelry,shop_rel_beauty,amenity_rel_bank,amenity_rel_dentist,shop_rel_mall,shop_rel_motorcycle,shop_rel_fuel,shop_rel_interior_decoration,amenity_rel_taxi,shop_rel_shoes,shop_rel_household_linen,shop_rel_pastry,shop_rel_hairdresser,shop_rel_bicycle,shop_rel_florist,shop_rel_yes,shop_rel_estate_agent,shop_rel_greengrocer,shop_rel_laundry,amenity_rel_language_school,shop_rel_toys,shop_rel_video_games,shop_rel_dry_cleaning,shop_rel_mobile_phone,shop_rel_kiosk,shop_rel_newsagent,shop_rel_vacant,shop_rel_medical_supply,shop_rel_doors,shop_rel_nutrition_supplements,shop_rel_lottery,shop_rel_perfumery,shop_rel_hearing_aids,shop_rel_confectionery,amenity_rel_college,shop_rel_seafood,shop_rel_boutique,shop_rel_e-cigarette,shop_rel_art,shop_rel_fabric,shop_rel_computer,shop_rel_chemist,shop_rel_appliance,shop_rel_ticket,shop_rel_outdoor,shop_rel_photo_studio,shop_rel_pet_grooming,shop_rel_kitchen,shop_rel_lighting,shop_rel_hifi,shop_rel_wine,shop_rel_erotic,shop_rel_second_hand,shop_rel_weapons,shop_rel_cosmetics,shop_rel_massage,amenity_rel_money_transfer,shop_rel_nuts,amenity_rel_arts_centre,shop_rel_leather,amenity_rel_place_of_worship,shop_rel_deli,shop_rel_fashion_accessories,shop_rel_craft,shop_rel_bag,amenity_rel_music_venue,shop_rel_tea,shop_rel_dairy,shop_rel_antiques,shop_rel_mobile_phone_accessories,geometry,population,av_age,percent_65,pp_income,male_rate,pop_buffer,has_Mercadona,has_Dia,has_Burger King,has_McDonald's,has_Eurostars Hotel Company,has_Lidl,has_100 Montaditos,has_Springfield,has_Telepizza,has_Carrefour Express,has_ALDI,trains_metro,trains_metro_in_buffer,bus,bus_in_buffer
0,Cordoba_hdbscan_5_5,0,20,-4.635038815,37.733651560000006,-4.6352781499999995,37.733403,7.946006488999334e-05,251698.7624876539,0.0026069761856006,0.0120837015328831,0.0034196108819973,0.0010975239470738,Yes,0.1,0.1,0.05,0.05,0.2,0.1,0.05,0.05,0.05,0.05,0.05,0.05,,,,,,,,,,,,,,,,,,,,,,,,,,,,,,,,,,,,,,,,,,,,,,,,,,,,,,,,,,,,,,,,,,,,,,,,,,,,,,,,,,,,,,,,,,,,,,,,,,,,,,,,,,,,,,"POLYGON ((-4.6360504 37.7324843, -4.6369195 37.7326992, -4.646469 37.7375716, -4.63114 37.7345351, -4.6308497 37.733582, -4.6360504 37.7324843))",68.0,44.42,20.73,13148.0,92.17,190.0,0.0,0.0,0.0,0.0,0.0,0.0,0.0,0.0,0.0,0.0,0.0,0.0,0.0,2.0,0.0
1,Cordoba_hdbscan_5_5,1,12,-4.769309116877256,37.99733523937758,-4.7693324217686754,38.001630384454614,0.0003964867742865,30265.826701513703,0.0079668171339744,0.0193943593905259,0.0028835615836968,0.009413356457843,No,,,,,0.25,,,0.083,0.083,,,,0.083,0.083,0.083,,,,,,,,,,,,,,,,,,,,,,,,,,,,,,,,,,,,,,,,,,,,,,,,,,,,,,,,,,,,,,,,,,,,,,,,,,,,,,,,,,,,,,,,,,,,,,,,,,,,,,,,,,,"POLYGON ((-4.768914043537351 37.97794490433083, -4.774780491017674 38.00999177644462, -4.76798502632081 38.002915772576195, -4.762408401383504 37.98055337455022, -4.768914043537351 37.97794490433083))",410.0,44.46,20.78,12925.6,92.76,372.0,0.0,0.0,0.0,0.0,0.0,0.0,0.0,0.0,0.0,0.0,0.0,0.0,0.0,4.0,2.0
2,Cordoba_hdbscan_5_5,2,18,-4.92749708795311,37.83197713599321,-4.9279098999999995,37.83195514173632,1.896209846999971e-05,949262.0254281526,0.0013360303631135,0.0037136048487238,0.0013284720676099,0.0008609058148738,Yes,,0.056,,0.056,0.167,,,0.111,0.056,,0.056,,,,,0.056,0.056,0.056,0.056,0.056,,,,,,,,,,,,,,,,,,,,,,,,,,,,,,,,,,,,,,,,,,,,,,,,,,,,,,,,,,,,,,,,,,,,,,,,,,,,,,,,,,,,,,,,,,,,,,,,,,,,,,"POLYGON ((-4.9279689 37.8302788, -4.9291038 37.8327133, -4.9290257 37.8338929, -4.9238571 37.8327129, -4.925255494852466 37.8310213264, -4.9279689 37.8302788))",28.0,44.42,20.73,13148.0,92.17,103.0,0.0,0.0,0.0,0.0,0.0,0.0,0.0,0.0,0.0,0.0,0.0,0.0,0.0,0.0,0.0
3,Cordoba_hdbscan_5_5,3,9,-4.912406995201344,37.8492387621296,-4.9100785441526895,37.8496576,5.9283105751558086e-05,151813.9086321985,0.0037440983969957,0.0101390722963837,0.0042806257231483,0.0014807670241409,No,,,,,0.222,,0.111,,,,,,,,,,,,,0.111,,,,,,,,,,,,,,,,,,,,,,,,,,,,,,,,,,,,,,,,,,,,,,,,,,,,,,,,,,,,,,,,,,,,,,,,,,,,,,,,,,,,,,,,,,,,,,,,,,,,,,"POLYGON ((-4.916024346003088 37.84655879267499, -4.9222327 37.8467375, -4.9146719 37.8495629, -4.9096577 37.8508432, -4.908560352401253 37.85049381290739, -4.908395755644709 37.85032124855593, -4.916024346003088 37.84655879267499))",52.0,44.42,20.73,13148.0,92.17,170.0,0.0,0.0,0.0,0.0,0.0,0.0,0.0,0.0,0.0,0.0,0.0,1.0,0.0,0.0,0.0
4,Cordoba_hdbscan_5_5,4,33,-4.89600772124692,37.925502488018715,-4.8976064337973755,37.92569325077842,0.001267009352844,26045.58516156604,0.0050263305938464,0.0286126462575654,0.0052170254841644,0.0063106206473503,Yes,,,,0.03,0.091,,,,,,0.121,,,,,,,,,,0.03,,,,,,,,,,,,,,,,,,,,,,,,,,,,,,,,,,,,,,,,,,,,,,,,,,,,,,,,,,,,,,,,,,,,,,,,,,,,,,,,,,,,,,,,,,,,,,,,,,,,,"POLYGON ((-4.881934576361711 37.900590038943996, -4.900293113755543 37.9184588696501, -4.9100888 37.9455925, -4.8946462 37.9389964, -4.883199987216271 37.925066413518, -4.882909123996451 37.92469301950437, -4.881934576361711 37.900590038943996))",1387.0,44.42,20.73,13148.0,92.17,642.0,0.0,0.0,0.0,0.0,0.0,0.0,0.0,0.0,0.0,0.0,0.0,0.0,0.0,5.0,1.0
5,Cordoba_hdbscan_5_5,5,24,-4.673489206085788,37.93369157813904,-4.673251098693449,37.932627075,0.00101330500479,23684.872655861334,0.0065586953432023,0.0235840881509101,0.0077714362932944,0.0047211770464306,Yes,,,,0.083,0.042,,0.042,,0.083,,0.125,,,,,,,,,0.042,,0.042,0.042,0.042,0.042,0.042,,,,,,,,,,,,,,,,,,,,,,,,,,,,,,,,,,,,,,,,,,,,,,,,,,,,,,,,,,,,,,,,,,,,,,,,,,,,,,,,,,,,,,,,,,,,,,,,"POLYGON ((-4.693556153450775 37.921300983425276, -4.690064491220355 37.93619050269726, -4.68081825 37.94728315, -4.662983539934925 37.94077009205899, -4.654556133884433 37.92722572980338, -4.693556153450775 37.921300983425276))",1540.0,44.42,20.73,13148.0,92.17,551.0,0.0,1.0,0.0,0.0,0.0,0.0,0.0,0.0,0.0,0.0,0.0,1.0,0.0,1.0,0.0
6,Cordoba_hdbscan_5_5,6,6,-4.755929695819936,37.92778809298801,-4.755629846386962,37.927495466662705,9.467787987590018e-05,63372.775223363155,0.0045962091004137,0.0071311021401957,0.0028797718663046,0.004011094916536,Yes,,,,0.333,0.333,,,,,,,,,,,,,,,,,,,,,,,,,,,,,,,,,,,,,,,,,,,,,,,,,,,,,,,,,,,,,,,,,,,,,,,,,,,,,,,,,,,,,,,,,,,,,,,,,,,,,,,,,,,,,,,,,,,,,"POLYGON ((-4.753111265985895 37.9223232256844, -4.7585775 37.9253372, -4.7604122 37.9309396, -4.752217516159797 37.933876798918234, -4.753111265985895 37.9223232256844))",148.0,44.42,20.73,13148.0,92.17,203.0,0.0,0.0,0.0,0.0,0.0,0.0,0.0,0.0,0.0,0.0,0.0,0.0,0.0,2.0,1.0
7,Cordoba_hdbscan_5_5,7,13,-4.837546906416222,37.87642737473977,-4.8373366,37.8765238,2.3011625630733963e-05,564931.8396105578,0.0023072914324053,0.0047058531295009,0.0027781553320665,0.0008200116978492,Yes,,,,0.154,,,,,,,,,,,,,0.077,,,,,,,,,,0.231,0.154,0.154,0.077,0.077,0.077,,,,,,,,,,,,,,,,,,,,,,,,,,,,,,,,,,,,,,,,,,,,,,,,,,,,,,,,,,,,,,,,,,,,,,,,,,,,,,,,,,,,,,,,,,"POLYGON ((-4.8346797 37.8748221, -4.841930817460366 37.875146043703296, -4.842237316440897 37.87604644498659, -4.841989 37.8763749, -4.83695227871299 37.877491316427886, -4.8336162 37.8774383, -4.834316069680205 37.87552111721399, -4.8346797 37.8748221))",43.0,44.42,20.73,13148.0,92.17,128.0,1.0,0.0,0.0,1.0,0.0,1.0,0.0,0.0,0.0,0.0,0.0,0.0,0.0,0.0,3.0
8,Cordoba_hdbscan_5_5,8,26,-4.732849863804055,37.899219958641936,-4.734302116245144,37.89895225,0.0002010971726338,129290.72875299664,0.0052961716271504,0.0117237563746594,0.0057969226794524,0.0020317985843989,Yes,,,,0.077,0.077,,,,,,,,,,,,,,,,,0.115,,,,,0.346,0.038,,,,,0.077,0.038,0.038,0.077,0.038,,,,,,,,,,,,,,,,,,,,,,,,,,,,,,,,,,,,,,,,,,,,,,,,,,,,,,,,,,,,,,,,,,,,,,,,,,,,,,,,,,,,,"POLYGON ((-4.739868358983543 37.893523538504525, -4.74120105099415 37.89725404147829, -4.7411549 37.8982106, -4.7334859 37.9009278, -4.7245358 37.9035451, -4.7239965 37.9033826, -4.7211346 37.8987738, -4.739868358983543 37.893523538504525))",252.0,44.42,20.73,13148.0,92.17,264.0,1.0,0.0,0.0,0.0,0.0,0.0,0.0,0.0,0.0,0.0,0.0,0.0,0.0,0.0,1.0
9,Cordoba_hdbscan_5_5,9,6,-4.714834983039106,37.905529817577715,-4.71491315993355,37.905175090178886,1.2374348613678634e-05,484874.00729664153,0.0019327877293393,0.0023501492851078,0.0009414311031968,0.001703955257032,Yes,,,,,0.167,,,,,,,,,,,,,,,,,,,,,,0.167,,,,,,,,,,,0.167,0.167,,,,,,,,,,,,,,,,,,,,,,,,,,,,,,,,,,,,,,,,,,,,,,,,,,,,,,,,,,,,,,,,,,,,,,,,,,,,,,,,,,,"POLYGON ((-4.7140355 37.9036556, -4.714654371325085 37.903922845898926, -4.7164272 37.9062208, -4.715171948542015 37.907855684279, -4.713480985640552 37.90412938035778, -4.7140355 37.9036556))",14.0,44.42,20.73,13148.0,92.17,88.0,0.0,0.0,0.0,0.0,0.0,0.0,0.0,0.0,0.0,0.0,0.0,0.0,0.0,0.0,0.0
10,Cordoba_hdbscan_5_5,10,29,-4.719681214103792,37.91430867693166,-4.72108761121449,37.914294621959115,7.103005459781346e-05,408277.8784868443,0.0032125750895347,0.0074849192726901,0.003468307684561,0.0012150878299543,Yes,,,,,,,,,,,,0.034,0.172,0.034,,,,,,0.034,,,,,,0.034,,,,,,,,,,,,,,0.034,0.103,0.034,,,,,,,,,,,,,,,,,,,,,,,,,,,,,,,,,,,,,,,,,,,,,,,,,,,,,,,,,,,,,,,,,,,,,,,,,,,,,,,,"POLYGON ((-4.7128224 37.91155436666667, -4.722300735709789 37.913161168598286, -4.724602066451359 37.914294621959115, -4.724332034586726 37.917454768271384, -4.715714732884417 37.91518298666982, -4.712624125538287 37.91236447266997, -4.712563893568164 37.911991833192474, -4.7128224 37.91155436666667))",92.0,44.42,20.73,13148.0,92.17,174.0,0.0,0.0,0.0,0.0,0.0,0.0,0.0,0.0,0.0,0.0,0.0,0.0,0.0,2.0,2.0
11,Cordoba_hdbscan_5_5,11,10,-4.7945019183235456,37.853789313096584,-4.794988249999999,37.85406095,1.9602651660978607e-05,510135.0660587507,0.0016010094070025,0.0038418140270218,0.0015406739076482,0.0009994556821632,Yes,0.1,0.1,,,0.1,,,,,,0.1,,,,,,,,,,,0.2,,,,,0.1,,,,,,,,,,0.1,0.1,,,,,0.1,,,,,,,,,,,,,,,,,,,,,,,,,,,,,,,,,,,,,,,,,,,,,,,,,,,,,,,,,,,,,,,,,,,,,,,,,,,,,,,"POLYGON ((-4.791191385278185 37.851839978344984, -4.79679755 37.85379215, -4.794919947957275 37.85533660262088, -4.791191385278185 37.851839978344984))",16.0,44.42,20.73,13148.0,92.17,99.0,0.0,0.0,0.0,0.0,0.0,0.0,0.0,0.0,0.0,0.0,0.0,0.0,0.0,0.0,0.0
12,Cordoba_hdbscan_5_5,12,11,-4.8052437549114755,37.90152222816556,-4.8050621038295045,37.90158676889196,4.129617331797357e-05,266368.5062366882,0.0027687869705316,0.004501748645901,0.0023536255148581,0.0018017301977327,No,,,,,0.091,,,,,,,,,,,,,,,,,,,,,,,,,,,,,,,,,,,,,,,,,,,,,,,,,,,,,,,,,,,,,,,,,,,,,,,,,,,,,,,,,,,,,,,,,,,,,,,,,,,,,,,,,,,,,,,,,,,,,"POLYGON ((-4.803412068375419 37.89740997023293, -4.80767231805303 37.89990761267776, -4.808773164692921 37.9035742459803, -4.804933407565208 37.90353601793654, -4.802498229973476 37.903436994269455, -4.802073890518567 37.9013700629192, -4.803412068375419 37.89740997023293))",70.0,44.42,20.73,13148.0,92.17,142.0,0.0,0.0,0.0,0.0,0.0,0.0,0.0,0.0,0.0,0.0,0.0,0.0,0.0,6.0,1.0
13,Cordoba_hdbscan_5_5,13,20,-4.786871963035358,37.85802768424078,-4.7865986,37.858076136874615,1.878718862382204e-05,1064555.2349775275,0.0015070303563126,0.0036215861764308,0.0015564737710533,0.000916981696982,Yes,,0.05,,0.05,,,,,0.05,,,,,,,,0.05,,,,,,,,,,,,0.05,,,0.05,0.1,,0.05,,,,0.05,,,0.05,,0.05,0.05,0.05,0.05,0.05,,,,,,,,,,,,,,,,,,,,,,,,,,,,,,,,,,,,,,,,,,,,,,,,,,,,,,,,,,,,,,,,,,,,,,,,,,"POLYGON ((-4.7895786 37.8566113, -4.7896858 37.8570838, -4.788787060761432 37.858066673749235, -4.7868113 37.8593429, -4.785646792670979 37.85965731811586, -4.783518013759334 37.85666133483921, -4.7895786 37.8566113))",29.0,44.42,20.73,13148.0,92.17,106.0,1.0,0.0,0.0,1.0,0.0,0.0,0.0,0.0,0.0,0.0,0.0,0.0,0.0,2.0,2.0
14,Cordoba_hdbscan_5_5,14,6,-4.765728443033647,37.87000517934006,-4.766003370237531,37.86959398851937,4.848731587348979e-06,1237437.0269649164,0.0008490948645466,0.0025241007748593,0.0006398863234243,0.0009363763929577,No,,,,,,,,,,,,,,,,,,,,,,,,,,,,,,,,,,,,,,,,,,,,,,,,,,,,,,,,,,,,,,,,,,,,,,,,,,,,,,,,,,,,,,,,,,,,,,,,,,,,,,,,,,,,,,,,,,,,,,,,,,"POLYGON ((-4.765990144796433 37.86946842752886, -4.766157728550006 37.86959559993677, -4.764310594215606 37.872093429672475, -4.765862964675036 37.86957758975521, -4.765990144796433 37.86946842752886))",1.0,44.42,20.73,13148.0,92.17,67.0,0.0,0.0,0.0,0.0,0.0,0.0,0.0,0.0,0.0,0.0,0.0,0.0,0.0,0.0,0.0
15,Cordoba_hdbscan_5_5,15,42,-4.778293020733936,37.90880447209246,-4.77830225,37.9088375,3.969509687687067e-05,1058065.1844805633,0.0016968943137983,0.0048661207864215,0.0017478552938046,0.0009905469567117,Yes,0.071,0.048,,0.071,0.095,,,0.048,0.071,,0.048,,0.024,,0.024,,,0.024,,,0.024,0.024,,,,,,0.024,,,,0.024,,,,,,,,,,0.024,,,,,,,0.024,0.024,0.024,0.024,0.024,0.048,0.024,,,,,,,,,,,,,,,,,,,,,,,,,,,,,,,,,,,,,,,,,,,,,,,,,,,,,,,,,,,,,,,,,,,"POLYGON ((-4.774148783421547 37.90625409396233, -4.7774833787171 37.90699748584741, -4.780254769228751 37.907617832103156, -4.781025234455831 37.9084800521347, -4.7808491 37.9094387, -4.779212225430926 37.91202670787014, -4.776698 37.9094278, -4.775586139350455 37.90813780708427, -4.774148783421547 37.90625409396233))",45.0,44.42,20.73,13148.0,92.17,130.0,0.0,0.0,0.0,0.0,0.0,0.0,0.0,0.0,0.0,0.0,0.0,0.0,0.0,4.0,2.0
16,Cordoba_hdbscan_5_5,16,5,-4.808011270328349,37.893397565077905,-4.8086451,37.89339647927597,1.0045559791841207e-05,497732.3418114434,0.0015111196631854,0.0022792483810814,0.0013472825528809,0.0009211596574242,Yes,,,,0.2,,,,,0.2,,,,,,,,,,,,,,,,,,,,,,,,,,,,,,,,,,,,,,,,,,,,,,,0.2,,,,,,,,,,,,,,,,,,,,,,,,,,,,,,,,,,,,,,,,,,,,,,,,,,,,,,,,,,,,,,,,,,"POLYGON ((-4.809642067424451 37.89196512859757, -4.808720639118341 37.89457049034334, -4.805786341896837 37.89290292717265, -4.809642067424451 37.89196512859757))",12.0,44.42,20.73,13148.0,92.17,83.0,0.0,0.0,0.0,0.0,0.0,0.0,0.0,0.0,0.0,0.0,0.0,0.0,0.0,0.0,6.0
17,Cordoba_hdbscan_5_5,17,5,-4.7892490844395486,37.90249505039181,-4.7892659,37.9022968,8.951902711617524e-06,558540.4758153976,0.0010956137263325,0.0021719411291994,0.000999625478711,0.0009677767340618,No,,,,,0.2,,,,0.2,,,,0.2,,,,,,,,,,,,,,,,,,,0.2,,,,0.2,,,,,,,,,,,,,,,,,,,,,,,,,,,,,,,,,,,,,,,,,,,,,,,,,,,,,,,,,,,,,,,,,,,,,,,,,,,,,,,,,,,,,,"POLYGON ((-4.787496222197741 37.901212551959084, -4.7892659 37.9020497, -4.7897324 37.9027705, -4.7905482 37.9041457, -4.787496222197741 37.901212551959084))",3.0,44.42,20.73,13148.0,92.17,77.0,0.0,0.0,1.0,0.0,0.0,0.0,0.0,0.0,0.0,0.0,0.0,0.0,0.0,1.0,5.0
18,Cordoba_hdbscan_5_5,18,23,-4.769521590481113,37.90189489609456,-4.769482427889677,37.90202678850686,1.840183729998707e-05,1249875.1958868888,0.0013246289171975,0.002973954707362,0.0010938879713564,0.000993172345095,Yes,,0.043,,0.087,,,,,,,0.043,,,,,,,,,,,,,,,,0.043,0.391,,0.043,,,0.043,,,,,,,,,,,,0.043,,,,,,,,,,,,0.087,0.043,0.043,,,,,,,,,,,,,,,,,,,,,,,,,,,,,,,,,,,,,,,,,,,,,,,,,,,,,,,,,,,,,,,"POLYGON ((-4.7687744 37.8995734, -4.7724563 37.90141335, -4.7696476 37.9037369, -4.768354393449391 37.90262251316672, -4.7680365 37.9016332, -4.7680966 37.9005147, -4.768147 37.9002747, -4.7687744 37.8995734))",26.0,44.42,20.73,13148.0,92.17,98.0,1.0,0.0,0.0,0.0,0.0,0.0,0.0,0.0,0.0,0.0,0.0,0.0,0.0,0.0,0.0
19,Cordoba_hdbscan_5_5,19,15,-4.8134741675431,37.88430494757123,-4.813449965644104,37.8848312,2.5602273040089083e-05,585885.4788601148,0.0018987398284093,0.0036960838898311,0.0011563790190269,0.0016738276864667,Yes,,,0.067,,,0.067,,0.067,0.133,,,,,,0.133,,,,,,,,,,,0.067,,,,,,,,,,,,,,,,,,,,,,,0.067,,,,,,,,,,,0.067,,,,,,,,,,,,,,,,,,,,,,,,,,,,,,,,,,,,,,,,,,,,,,,,,,,,,,,,,,,,,,"POLYGON ((-4.813293726868977 37.88061327081347, -4.8150493 37.8846675, -4.8147424 37.8852098, -4.813792881962793 37.8868737606142, -4.8109598 37.8851238, -4.812019203161879 37.88273665780694, -4.813293726868977 37.88061327081347))",34.0,44.42,20.73,13148.0,92.17,115.0,0.0,0.0,0.0,0.0,0.0,0.0,0.0,0.0,0.0,0.0,0.0,0.0,0.0,3.0,6.0
20,Cordoba_hdbscan_5_5,20,8,-4.77773165692455,37.86305946352452,-4.777284986533851,37.86323208077269,9.219609960779628e-06,867715.6662843798,0.0013150972744007,0.0022353119376236,0.0009754300566225,0.00103522911384,No,,,,,,,,,0.375,,,,,,,,,,,,,,,,,,,,,,,,,,,,,,,,,,,,,,,,,,,,,,,,,,,,,,,,,,,,,,,,,,,,,,,,,,,,,,,,,,,,,,,,,,,,,,,,,,,,,,,,,,,,,,,,,"POLYGON ((-4.777266610432044 37.86134902385077, -4.779191161704943 37.862946761688164, -4.77929185077592 37.864660217910625, -4.777303362635658 37.86395398513582, -4.776880686371908 37.86351739985721, -4.776507474567784 37.861798319207885, -4.777266610432044 37.86134902385077))",14.0,44.42,20.73,13148.0,92.17,82.0,0.0,0.0,0.0,0.0,0.0,0.0,0.0,0.0,0.0,0.0,0.0,0.0,0.0,2.0,7.0
21,Cordoba_hdbscan_5_5,21,10,-4.752245376197746,37.897665128374896,-4.752129350000001,37.89758115,5.290349399986514e-06,1890234.3198779067,0.0010515783812879,0.0016810927865115,0.0009989963809385,0.0005166359514035,Yes,,0.1,,0.1,0.3,,,0.1,0.2,,,,0.1,,,,,,,,,0.1,,,,,,,,,,,,,,,,,,,,,,,,,,,,,,,,,,,,,,,,,,,,,,,,,,,,,,,,,,,,,,,,,,,,,,,,,,,,,,,,,,,,,,,,,,,,,,,,,,,,"POLYGON ((-4.75289725 37.8967054, -4.7539262 37.8976952, -4.7532821 37.8984634, -4.751102611977466 37.89818318374891, -4.7509169 37.8977428, -4.7511556 37.897409, -4.75289725 37.8967054))",8.0,44.42,20.73,13148.0,92.17,69.0,0.0,0.0,0.0,0.0,0.0,0.0,0.0,0.0,0.0,0.0,0.0,0.0,0.0,1.0,0.0
22,Cordoba_hdbscan_5_5,22,17,-4.79145360590379,37.89633626896018,-4.791522872128284,37.8962234,8.337172051079616e-06,2039060.714573906,0.0007246983745065,0.0022434300838981,0.0007374041536214,0.0005366825508693,Yes,,,,0.059,,,,,,,,,,,,,,,,,,,,,,,,,,,,,,,,,,,,,,,,,0.471,,,,,,,,,0.059,,0.059,,,,,0.118,0.059,,,,,,,,,,,,,,,,,,,,,,,,,,,,,,,,,,,,,,,,,,,,,,,,,,,,,,,,,,,,"POLYGON ((-4.7919366 37.8955964, -4.793666256024565 37.89670661742362, -4.7913758 37.8977164, -4.78973362769858 37.89633957606434, -4.7911123 37.8956792, -4.7914232 37.8956164, -4.7919366 37.8955964))",11.0,44.42,20.73,13148.0,92.17,76.0,0.0,0.0,0.0,0.0,0.0,0.0,0.0,1.0,0.0,0.0,0.0,0.0,0.0,1.0,6.0
23,Cordoba_hdbscan_5_5,23,7,-4.754641959717736,37.89248150992245,-4.754411084516725,37.89198053393773,8.373166408170236e-06,836003.9271606558,0.0013434225387585,0.002094218600718,0.0012323086199328,0.0007582808007285,No,,,,,,,,,0.143,,,,,,,,,,,,,,,,,,,,,,,0.143,,,,,,,,,,,,,,,,,,,,,,,,,,,,,,,,,,,,,,,,,,,,,,,,,,,,,,,,,,,,,,,,,,,,,,,,,,,,,,,,,,,,,,,,,,"POLYGON ((-4.755848815604128 37.89160411843346, -4.756471437231962 37.89189434143817, -4.755367499959105 37.89310637998366, -4.753763021711135 37.89378039232138, -4.752623959001096 37.89304135334273, -4.7540079 37.89196345, -4.755848815604128 37.89160411843346))",11.0,44.42,20.73,13148.0,92.17,77.0,0.0,0.0,0.0,1.0,0.0,0.0,0.0,0.0,0.0,0.0,0.0,0.0,0.0,0.0,0.0
24,Cordoba_hdbscan_5_5,24,10,-4.7965110216987865,37.896206026389955,-4.7964991,37.8963814,1.0089769140015796e-05,991102.954015095,0.0012035424784239,0.0029336174390544,0.0013556696143271,0.0005564793936257,Yes,,,,,0.4,,,,,,,,,,,,,,,,,,,,,,,,,,,,,,,,,,,,,,,,,,,,,,,,,0.1,,,,,,,,,0.1,,,,,,,,,,,,,,,,,,,,,,,,,,,,,,,,,,,,,,,,,,,,,,,,,,,,,,,,,,,"POLYGON ((-4.7990921 37.8948117, -4.7977323 37.8962177, -4.7944248 37.8969735, -4.7948622 37.8965334, -4.7990921 37.8948117))",6.0,44.42,20.73,13148.0,92.17,83.0,0.0,0.0,0.0,0.0,0.0,0.0,0.0,0.0,0.0,0.0,0.0,0.0,0.0,1.0,5.0
25,Cordoba_hdbscan_5_5,25,41,-4.758296844254726,37.897673426215334,-4.758422920012932,37.8981286,1.909645453371586e-05,2146995.3978950493,0.0015254127545709,0.0028013307853462,0.0012390120456628,0.001074242646886,Yes,,0.122,0.024,,0.049,,,0.024,0.049,0.024,,0.024,,,0.024,,,0.049,,,,0.073,,,,,,,,,,0.049,,,,,,,,,,0.024,,0.024,,,,,,,,,,0.098,,,,,,0.024,,,,0.098,0.024,0.024,0.024,0.024,0.024,,,,,,,,,,,,,,,,,,,,,,,,,,,,,,,,,,,,,,,,,,,,,,,,,,,,,"POLYGON ((-4.759701307660497 37.8953964466762, -4.7609664 37.8985225, -4.76060002149707 37.89915534270791, -4.757613829192792 37.89940233170771, -4.75669 37.898752, -4.7561993 37.8967833, -4.7570254 37.8960452, -4.758422920012932 37.89567489360113, -4.759701307660497 37.8953964466762))",35.0,44.42,20.73,13148.0,92.17,104.0,0.0,0.0,0.0,0.0,0.0,0.0,0.0,0.0,0.0,0.0,0.0,0.0,0.0,3.0,6.0
26,Cordoba_hdbscan_5_5,26,10,-4.793345148560562,37.87249923663467,-4.79337265,37.87244085,1.3690207188108908e-06,7304491.351077461,0.0005283699529297,0.0008896064185177,0.0004169015797642,0.0003595410928415,Yes,0.1,,,,,,,,,0.1,,,,,,,,0.1,,,0.1,,,,,,,,,,,,,,,,,,,,,0.1,,,0.1,,,,,,,,,,0.1,,,,,,,,,,,,,,,0.1,0.1,,,,,,,,,,,,,,,,,,,,,,,,,,,,,,,,,,,,,,,,,,,,,,,,,,,"POLYGON ((-4.794016685605623 37.87191576634667, -4.7935293 37.8730487, -4.7928083 37.8729358, -4.7928101 37.8727848, -4.7929545 37.8723373, -4.7930042 37.87222, -4.793216 37.8720798, -4.794016685605623 37.87191576634667))",2.0,44.42,20.73,13148.0,92.17,52.0,0.0,0.0,0.0,0.0,0.0,0.0,0.0,0.0,0.0,0.0,0.0,0.0,0.0,0.0,3.0
27,Cordoba_hdbscan_5_5,27,12,-4.791684264253502,37.870512465271126,-4.791645962580042,37.870324749999995,2.783710335576918e-06,4310793.348947,0.0005569394819875,0.0013330980541881,0.0003933944810348,0.0005229465272298,Yes,,,0.083,,0.083,,,,,,0.083,,,,,,,,,,,,,,,,,,,,,,,,,,,,,0.083,,,,,,,,,,,,,,0.083,,,,,,,,,,,,,,,,,,,,,,,,,,,,,,,,,,,,,,,,,,,,,,,,,,,,,,,,,,,,,,,,,,,,"POLYGON ((-4.791111447469081 37.86961678312363, -4.7919264 37.8701084, -4.792620439601587 37.87146153120125, -4.791406448637587 37.87117975312267, -4.791177310173686 37.870719322514404, -4.791111447469081 37.86961678312363))",4.0,44.42,20.73,13148.0,92.17,60.0,0.0,0.0,0.0,0.0,0.0,0.0,0.0,0.0,0.0,0.0,0.0,0.0,0.0,0.0,7.0
28,Cordoba_hdbscan_5_5,28,17,-4.777743450862948,37.87421385298054,-4.778022999902938,37.8748677,2.136080573809838e-05,795850.1288965612,0.0018382253445308,0.0035620373025888,0.0014514342336013,0.0013713097219764,No,,,,,0.235,,,,,,0.176,,0.118,,,,,,,,,,,,,,,,,,,,,,,,,,,,,,,,,,,,,,,,,,,,,,,,,,,,,,,,,,,,,,,,,,,,,,,,,,,,,,,,,,,,,,,,,,,,,,,,,,,,,,,,,,,,,"POLYGON ((-4.77988642084776 37.871368542911455, -4.779718 37.8722546, -4.77892759807603 37.87580685599515, -4.7760187 37.87574, -4.7750736 37.8752574, -4.77988642084776 37.871368542911455))",24.0,44.42,20.73,13148.0,92.17,108.0,0.0,0.0,0.0,0.0,0.0,0.0,0.0,0.0,0.0,0.0,0.0,0.0,0.0,1.0,0.0
29,Cordoba_hdbscan_5_5,29,24,-4.766599728605879,37.87818836253674,-4.76657235,37.8781514,3.512254480005683e-06,6833217.848144411,0.0006871311989262,0.0021552816258625,0.0002557549107397,0.0007802353544096,Yes,,,,0.042,0.083,,,,,,,0.042,0.042,,,,,,,,0.042,,,,,,,,,,,0.083,,,,0.042,,,,,,,,,0.292,,,,,,,0.083,,,,0.042,,,,,,0.042,,,,,,,,,,0.042,0.042,0.042,0.042,,,,,,,,,,,,,,,,,,,,,,,,,,,,,,,,,,,,,,,,,,,,,,,"POLYGON ((-4.7665657 37.877129, -4.7668381 37.8778119, -4.7669298 37.8781606, -4.7671168 37.8802807, -4.7664588 37.8792815, -4.7662457 37.8788729, -4.7660024 37.8771334, -4.7665657 37.877129))",5.0,44.42,20.73,13148.0,92.17,72.0,0.0,0.0,0.0,1.0,0.0,0.0,1.0,1.0,0.0,0.0,0.0,0.0,0.0,0.0,4.0
30,Cordoba_hdbscan_5_5,30,11,-4.767134601205777,37.88104991717067,-4.767328139765099,37.8812093,8.205103055072433e-06,1340629.1092468058,0.0012249957579062,0.0022014781123523,0.001110623656823,0.0007460865365941,Yes,,0.091,,,0.182,,,0.091,0.182,,,,,,,,,,,,,,,,,,,,,,,,,,,,,0.091,,,,,,,,,,,,,,,,0.091,,,,,,,,,,,,,,,,,,,,,,0.091,,,,,,,,,,,,,,,,,,,,,,,,,,,,,,,,,,,,,,,,,,,,,,"POLYGON ((-4.7652355 37.8799364, -4.7678058 37.8805327, -4.768822273498454 37.88151492631716, -4.7678919 37.8818948, -4.7670349 37.882224, -4.7652771 37.8801612, -4.7652355 37.8799364))",10.0,44.42,20.73,13148.0,92.17,76.0,0.0,0.0,0.0,0.0,0.0,0.0,0.0,0.0,0.0,0.0,0.0,0.0,0.0,2.0,1.0
31,Cordoba_hdbscan_5_5,31,5,-4.755240999578559,37.8855902656305,-4.75476825690662,37.88576497414365,3.869266699604057e-06,1292234.52095242,0.0010219197655082,0.0018423206672235,0.0010217715003981,0.000496625325237,No,,,,,,,,,0.4,,,,,,,,,,,,,,,,,,,,,,,,,,,,,,,,,,,,,,,,,,,,,,,,,,,,,,,,,,,,,,,,,,,,,,,,,,,,,,,,,,,,,,,,,,,,,,,,,,,,,,,,,,,,,,,,,"POLYGON ((-4.754232061179523 37.884829374641754, -4.75564507662176 37.88522441475142, -4.757051562024098 37.885930866675245, -4.754508041160796 37.886201697940415, -4.754232061179523 37.884829374641754))",5.0,44.42,20.73,13148.0,92.17,66.0,0.0,0.0,0.0,0.0,0.0,0.0,0.0,0.0,0.0,0.0,0.0,0.0,0.0,0.0,7.0
32,Cordoba_hdbscan_5_5,32,7,-4.764987726487121,37.89707031565097,-4.7651224854098455,37.8969651,2.676605974323611e-06,2615252.3259494435,0.0006542605183464,0.001048021402526,0.000542515864389,0.0004520958549401,Yes,,0.143,,,0.143,,,,0.143,,0.286,,,,,,,,,,,,,,,,,,,,,,,,,,,,,,,,,,,,,,,,,,,,,,,,,,,,,,0.143,,,,,,,,,,,,,,,,,,,,,,,,,,,,,,,,,,,,,,,,,,,,,,,,,,,,,,,,,"POLYGON ((-4.765122485409846 37.89628060955679, -4.7658207 37.8968855, -4.7652931 37.8977076, -4.7648738 37.8976404, -4.763945 37.8969651, -4.765122485409846 37.89628060955679))",4.0,44.42,20.73,13148.0,92.17,57.0,0.0,0.0,0.0,0.0,0.0,0.0,0.0,0.0,0.0,0.0,0.0,0.0,0.0,0.0,3.0
33,Cordoba_hdbscan_5_5,33,5,-4.762677939672178,37.893670026323434,-4.762411099222909,37.8936774,3.137735771828936e-06,1593505.7517878823,0.0009171216105845,0.0016949280426748,0.0010096455108604,0.0003469137724445,Yes,,,,,0.2,,,0.2,0.2,,,,,0.2,,,,,,,,,,,,,,,,,,,,,,,,,,,,,,,,,,,,,,,,,,,,,,,,,,,,,,,,,,,,,,,0.2,,,,,,,,,,,,,,,,,,,,,,,,,,,,,,,,,,,,,,,,,,,,,"POLYGON ((-4.7642599 37.8930616, -4.763198 37.8936774, -4.7622936 37.8940962, -4.761227099137987 37.89362594863158, -4.7642599 37.8930616))",3.0,44.42,20.73,13148.0,92.17,63.0,0.0,0.0,0.0,0.0,0.0,0.0,0.0,0.0,0.0,0.0,0.0,0.0,0.0,1.0,3.0
34,Cordoba_hdbscan_5_5,34,10,-4.780598157375222,37.894705201521255,-4.780481099999999,37.894581015000746,3.268658173917591e-06,3059359.3664199766,0.000598292748621,0.0012684997248705,0.0004634250859674,0.000519033464769,Yes,,0.1,,,0.1,,,,0.1,,0.1,,,,0.1,,,,,,,,,,,,,,,,,,,,,,,,,,,,,,,,,,0.1,,,,,,,,,,,,,,,,,,,,0.1,,,,,,,,,,,,,,,,,,,,,,,,,,,,,,,,,,,,,,,,,,,,,,,,,,,,,"POLYGON ((-4.7803293 37.8939042, -4.780969 37.8944175, -4.7815435 37.8951792, -4.781109923849621 37.895865885211016, -4.779877249902602 37.89455633000149, -4.7803293 37.8939042))",4.0,44.42,20.73,13148.0,92.17,60.0,0.0,0.0,0.0,0.0,0.0,0.0,0.0,0.0,0.0,0.0,0.0,0.0,0.0,0.0,4.0
35,Cordoba_hdbscan_5_5,35,12,-4.806254221039814,37.88598629188173,-4.806273948238228,37.88613035,2.4268619442817266e-06,4944657.040865015,0.0006189806050861,0.0012374879304553,0.0005079801083285,0.0004478775382551,Yes,,,,,0.333,,,0.083,,,0.083,,0.083,,,,,,,,,,,,,,,,,,,0.083,,,,,,,,,,,,,,,,,,,,,,,,,,,,,,,,,,,,,,,,,,,,,,0.083,,,,,,,,,,,,,,,,,,,,,,,,,,,,,,,,,,,,,,,,,,,,"POLYGON ((-4.8063317 37.8852412, -4.80695007672674 37.88540491114642, -4.8069108 37.8861121, -4.8068464 37.8861486, -4.8051925 37.886622, -4.8060014 37.8853423, -4.8063317 37.8852412))",3.0,44.42,20.73,13148.0,92.17,58.0,0.0,0.0,0.0,0.0,0.0,0.0,0.0,0.0,0.0,0.0,0.0,0.0,0.0,0.0,3.0
36,Cordoba_hdbscan_5_5,36,9,-4.802686273631515,37.88668609511254,-4.802955641342837,37.8864547943639,2.454373541420841e-06,3666923.493149248,0.0007034400140082,0.0015966303609944,0.0006543338884612,0.0004404063344916,Yes,,,,0.111,0.333,,,,,,0.111,,0.111,,,,,,,,,,,,,,,,,,,,,,,,,,,,,,,,,,,,,,,,,,,,,,,,,,,,,,,,,,,,,,,,,,,,,,,,,,,,,,,,,,,,,,,,,,,,,,,,,,,,,,,,,,,,,"POLYGON ((-4.8031576 37.8861648, -4.8034329 37.8871594, -4.8021648 37.8872454, -4.80119739946502 37.88726270783005, -4.8023247 37.8864063, -4.8030313 37.8861912, -4.8031576 37.8861648))",3.0,44.42,20.73,13148.0,92.17,60.0,0.0,0.0,0.0,0.0,0.0,0.0,0.0,0.0,0.0,0.0,0.0,0.0,0.0,2.0,1.0
37,Cordoba_hdbscan_5_5,37,50,-4.798385403427981,37.89004122109277,-4.79840755,37.8897326,2.262076463834525e-05,2210358.526751269,0.0016426736164909,0.0033708285288097,0.0008739499674223,0.0016182125715467,Yes,,0.04,,,0.06,,,0.04,,,,,0.02,,0.04,,,,,,,,,,,,,,,0.02,,0.04,,,,,,,0.02,,,0.04,,,,,,,,0.02,,,0.02,0.14,0.06,,,,,,,,,0.08,,,,,0.04,,,,,,,,,0.02,0.02,0.02,0.02,0.02,0.02,0.02,,,,,,,,,,,,,,,,,,,,,,,,,,,,,,,,,,,,,,"POLYGON ((-4.800131825791826 37.88715808150238, -4.800324539039463 37.887932820580176, -4.799643 37.891975, -4.799237 37.8929606, -4.7992285 37.8929532, -4.7964261 37.8888706, -4.7969291 37.887895, -4.800131825791826 37.88715808150238))",32.0,44.42,20.73,13148.0,92.17,114.0,0.0,0.0,0.0,0.0,0.0,0.0,1.0,0.0,0.0,0.0,0.0,0.0,0.0,3.0,11.0
38,Cordoba_hdbscan_5_5,38,21,-4.78434354638976,37.897000197822855,-4.785088167958023,37.897258355325405,1.439541859732691e-05,1458797.454066358,0.0015667330345203,0.0031016369178745,0.0014029928796576,0.0009718464163003,Yes,0.048,,,,0.048,,,0.095,0.048,,,,0.048,,0.048,,,,,,,,0.048,,,,,,,,,0.143,,,,0.048,,,,,0.048,,,,,,,,,,,,,,,,,,,,,,,,,,,,0.095,,,,,,,,,,,,,,,,0.095,0.048,,,,,,,,,,,,,,,,,,,,,,,,,,,,,,,,,,,,"POLYGON ((-4.7854873 37.8949281, -4.7857142 37.8949848, -4.785750520414007 37.89638460948195, -4.7857122 37.8981175, -4.783349946217346 37.89814393257736, -4.782161646912715 37.89798339279793, -4.7812741 37.8974459, -4.7854873 37.8949281))",21.0,44.42,20.73,13148.0,92.17,97.0,0.0,0.0,0.0,1.0,0.0,0.0,0.0,0.0,0.0,0.0,0.0,0.0,0.0,2.0,15.0
39,Cordoba_hdbscan_5_5,39,88,-4.77836819588699,37.897837205082645,-4.7786411,37.8977152,3.2434327899979116e-05,2713174.7656795643,0.0016003592279574,0.0042395813684792,0.0015198756555552,0.0010336841738177,Yes,0.023,0.023,0.023,0.045,0.023,,,0.045,0.034,,0.045,0.023,0.023,0.011,,0.011,,0.011,,0.011,0.011,0.011,,,,,,,,0.011,,0.034,,0.023,0.034,,,0.011,,,,,,0.011,0.023,,,,0.011,,0.011,0.023,0.023,0.045,0.034,,,,,,,,,0.08,0.011,,,0.011,,0.011,0.011,0.011,,,,0.011,,,0.011,,,,0.023,,0.023,,0.023,0.023,0.011,0.011,0.011,0.011,0.011,0.011,,,,,,,,,,,,,,,,,,,,,,,,,,,,"POLYGON ((-4.7753013 37.8955144, -4.7785394 37.8966574, -4.7792274 37.8971261, -4.7800103 37.8976891, -4.7812446 37.899205, -4.7805753 37.900008, -4.7777312 37.9004154, -4.7746267 37.8958434, -4.7753013 37.8955144))",41.0,44.42,20.73,13148.0,92.17,120.0,2.0,0.0,0.0,0.0,0.0,0.0,0.0,0.0,1.0,0.0,0.0,0.0,0.0,4.0,7.0
40,Cordoba_hdbscan_5_5,40,16,-4.760668691816004,37.87813836912279,-4.7608147,37.878261249999994,9.385235008011168e-06,1704805.4722489654,0.0012438127537994,0.0026256133852621,0.0012136312982322,0.0006600588571312,Yes,0.062,,0.125,,0.188,,,,0.062,,,,,,0.062,,,,,,,,,,,,,,,,,0.125,,,,,,,,,,,,,0.062,,,,,,,,,,,,,,,,,,,0.062,,,,,0.062,,,,,,,0.062,,,,,,,,,,,,,,,,,,,,,,,,,,,,,,,,,,,,,,,,,,,,,,"POLYGON ((-4.761654352296566 37.876840214640104, -4.7625684 37.8773411, -4.7617163 37.8789007, -4.760415132746969 37.87894040701447, -4.758181484012532 37.87897958431001, -4.761654352296566 37.876840214640104))",12.0,44.42,20.73,13148.0,92.17,83.0,0.0,0.0,0.0,0.0,0.0,0.0,0.0,0.0,0.0,0.0,0.0,0.0,0.0,1.0,4.0
41,Cordoba_hdbscan_5_5,41,7,-4.789640214285714,37.888705057142865,-4.7896674,37.8887162,1.400569020000997e-06,4997968.611354131,0.0005850191519295,0.0007247130520134,0.0003271664426931,0.0004926592124298,Yes,,,,,,,,,,,,,0.143,,,,,,,,,,,,,,,,,,,,,,,,0.571,,,,,,,,,,,,,,,,,,,,,,,0.143,,,,,,,,,,,,,,,,,,,,,,,,,,,,,,,,,,,0.143,,,,,,,,,,,,,,,,,,,,,,,,,,,"POLYGON ((-4.7898316 37.8880438, -4.790126 37.8887162, -4.789823 37.8891622, -4.789536 37.8892861, -4.7889986 37.8883681, -4.7894989 37.8881317, -4.7898316 37.8880438))",2.0,44.42,20.73,13148.0,92.17,51.0,0.0,0.0,0.0,0.0,0.0,0.0,0.0,0.0,0.0,0.0,0.0,1.0,0.0,2.0,2.0
42,Cordoba_hdbscan_5_5,42,12,-4.759908294718524,37.88071401577121,-4.7599348500000005,37.88071205,6.080618538599449e-07,19734834.41499352,0.0002873197357187,0.0009222390597316,0.0003834398137205,0.0001154947975326,Yes,0.083,,0.083,,,0.083,,0.083,,,0.25,,0.083,,,,,,,,,0.083,,,,,,,,,,,,,,,,,,,,,,,,,,,,,,,,,,,,,,,,,,,,,,,0.083,,,,,,,,,,,,,,,,,,,,,,,,,,,,,,,,,,,,,,,,,,,,,,,,,,,,,"POLYGON ((-4.7600053 37.8805632, -4.7601477 37.8805666, -4.760740516953696 37.88077073376842, -4.7597208 37.8809, -4.7596262 37.8809117, -4.758995719668595 37.88058085548606, -4.7600053 37.8805632))",1.0,44.42,20.73,13148.0,92.17,49.0,0.0,0.0,0.0,0.0,0.0,0.0,0.0,0.0,0.0,0.0,0.0,0.0,0.0,0.0,4.0
43,Cordoba_hdbscan_5_5,43,8,-4.757632916366704,37.88064863960183,-4.757662536651161,37.88055706123852,8.838989555982486e-07,9050808.29582536,0.0004207517944332,0.0005807363222141,0.0002678685117044,0.0003610258893123,No,,,,,,,,,,,,,,,,,,,,,,,,,,,,,,,,,,,,,,,,,,,,,,,,,,,,,,,,,,,,,,,,,,,,,,,,,,,,,,,,,,,,,,,,,,,,,,,,,,,,,,,,,,,,,,,,,,,,,,,,,,"POLYGON ((-4.757593885325472 37.880181060245505, -4.757987253739398 37.88030654914925, -4.757957442549348 37.881091937092364, -4.757731187976849 37.881213619805614, -4.757521974842607 37.88092569844864, -4.757131226649295 37.880356129596215, -4.757593885325472 37.880181060245505))",1.0,44.42,20.73,13148.0,92.17,48.0,0.0,0.0,0.0,0.0,0.0,0.0,0.0,0.0,0.0,0.0,0.0,0.0,0.0,0.0,2.0
44,Cordoba_hdbscan_5_5,44,8,-4.79828338508184,37.88371174551833,-4.798290250000001,37.88401469601958,2.8878968018718058e-06,2770182.09058397,0.000713721204658,0.0015275258518807,0.000450090968849,0.0006439491192615,Yes,,0.125,,,0.125,,,,0.125,,,,,,,,,,,,,0.125,,,,,,,,,,,,,,,,,,,,,,,,,,,,,,,,,,,,,,,,,,,,,,,,,,,,,,,,,,,,,,,,,,,,,,,,,,,,,,,,,,,,,,,,,,,,,,,,,,,,"POLYGON ((-4.797997050648975 37.88221129631202, -4.798887812915354 37.883502053681994, -4.7987296 37.8841184, -4.7986233 37.8841852, -4.7985091 37.8842365, -4.797986982618095 37.88415962211347, -4.79746183447229 37.883910992039155, -4.797997050648975 37.88221129631202))",4.0,44.42,20.73,13148.0,92.17,61.0,0.0,0.0,0.0,0.0,0.0,0.0,0.0,0.0,0.0,0.0,0.0,0.0,0.0,0.0,1.0
45,Cordoba_hdbscan_5_5,45,12,-4.768657518892876,37.88840414260296,-4.7690303499999995,37.88817375,3.560976300000966e-06,3369862.3604983683,0.0009089192061586,0.0016019247255096,0.0008606102071291,0.0004669145251455,Yes,,,0.083,,0.167,,,,0.083,,0.083,,,,0.083,,,,,,,0.083,,,,0.083,,,,,,,,,,,,,,,,,,,,,,,,,,,,,,,,,,,,,0.083,0.083,,0.083,,,,,,,,,,,,,,,,,,,,,,,,,,,,,,,,,,,,,,,,,,,,,,,,,,,,,,,,"POLYGON ((-4.7693287 37.8878352, -4.7698232 37.8881761, -4.7683922 37.8890368, -4.7672923 37.8892422, -4.767417558019316 37.888122692215035, -4.7693287 37.8878352))",5.0,44.42,20.73,13148.0,92.17,64.0,0.0,0.0,0.0,0.0,0.0,0.0,0.0,0.0,0.0,0.0,0.0,0.0,0.0,1.0,0.0
46,Cordoba_hdbscan_5_5,46,6,-4.768823371318633,37.88590978993735,-4.768635,37.8858083,1.2797821099963937e-06,4688298.072878132,0.0005121016882588,0.0008379687723807,0.0003949784655558,0.000399892998082,Yes,,0.167,,,,,,0.167,,,0.167,,,,,,,,,,,0.167,,,,,,,,,,,,,,,,,,,0.167,,,,,,,,,,,,,,,,,,,,,,,,,,,,,,,,,,,,,,,,,,,,,,,,,,,,,,,,,,,,,,,,,,,,,,,,,,,,,,,,,"POLYGON ((-4.7684766 37.8853627, -4.7692765279118 37.88572823962408, -4.7694484 37.8860822, -4.7684687 37.886669, -4.7684766 37.8853627))",2.0,44.42,20.73,13148.0,92.17,52.0,0.0,0.0,0.0,0.0,0.0,0.0,0.0,0.0,0.0,0.0,0.0,0.0,0.0,0.0,0.0
47,Cordoba_hdbscan_5_5,47,7,-4.761574771335598,37.883760145601414,-4.761504343253418,37.88372722495416,2.286002964688202e-06,3062113.2641246426,0.0005155069267199,0.0011117446832563,0.0004664772458939,0.0004512278625092,No,,,,,,,,,,,,,,,,,,,,,,,,,,0.143,,,,,,,,,,,,,,,,,,,,,,,,,,,,,,,,,,,,,,,,,,,,,,,,,,,,,,,,,,,,,,,,,,,,,,,,,,,,,,,,,,,,,,,,,,,,,,,,"POLYGON ((-4.762285931937052 37.88301398498087, -4.7621799 37.8840923, -4.76083755 37.8845923, -4.761354124313573 37.883582108873945, -4.762285931937052 37.88301398498087))",3.0,44.42,20.73,13148.0,92.17,57.0,0.0,0.0,0.0,0.0,0.0,0.0,0.0,0.0,0.0,0.0,0.0,0.0,0.0,0.0,3.0
48,Cordoba_hdbscan_5_5,48,10,-4.761501578646164,37.88588217441411,-4.761442990657838,37.88605452682453,2.304085268432637e-06,4340117.154953444,0.0006235948906175,0.001121178347802,0.0006354363449217,0.0003656802130963,Yes,,,,,0.1,,,,,,,,,,0.1,,,,,,,,,,,,,,,,,,,,,,,,,,,,,,,,,,,,,,,,,,,,,,,,,,,,,,,,,,,,,,0.1,,,,,,,,,,,,,,,,,,,,,,,,,,,,,,,,,,,,,,,,,,,,,"POLYGON ((-4.7623794 37.8851847, -4.762589138425298 37.886120260418885, -4.761210213696518 37.886252342724404, -4.760431033269169 37.88617149298173, -4.7606957 37.885299, -4.7623794 37.8851847))",5.0,44.42,20.73,13148.0,92.17,61.0,0.0,0.0,0.0,0.0,0.0,0.0,0.0,0.0,0.0,0.0,0.0,0.0,0.0,0.0,4.0
49,Cordoba_hdbscan_5_5,49,5,-4.772614037970646,37.88880058315236,-4.7726319,37.8887568,1.908805941223445e-06,2619438.6197243608,0.000495809295449,0.0010821333481615,0.0005810039906261,0.0003376062310634,Yes,,,,,,,,0.2,0.2,,,,0.2,,,,,,,,,,,,,,,,,,,,,,,,,,,,,,,,,,,0.2,,,,,,,,,,,,,,,,0.2,,,,,,,,,,,,,,,,,,,,,,,,,,,,,,,,,,,,,,,,,,,,,,,,,,,,,,,,,,"POLYGON ((-4.77173136640315 37.88829682996342, -4.7726319 37.8887148, -4.7727109 37.8887568, -4.77354762345008 37.889347785798364, -4.7724484 37.8888867, -4.77173136640315 37.88829682996342))",1.0,44.42,20.73,13148.0,92.17,53.0,0.0,0.0,0.0,0.0,0.0,0.0,0.0,0.0,0.0,0.0,0.0,0.0,0.0,0.0,0.0
50,Cordoba_hdbscan_5_5,50,8,-4.7751866624999995,37.8901759875,-4.77526165,37.8904434,3.5299542600055982e-06,2266318.317673417,0.0007591050338688,0.0017724158905488,0.0004213907062854,0.0008041586059947,Yes,,,,,,,,,,,0.25,,,,0.25,,,,,,,,,,,,,,,,,,,,,,,,,,,,,,,,,,,,,,,,,,,,,,,,,0.125,,0.125,,,,,,,,,,,,,,,,,,,,,,,,,,,,,,0.125,,,,,,,,,,,,,,,,,,,,,,,,,,"POLYGON ((-4.7743825 37.8885965, -4.7749055 37.8892983, -4.7756896 37.8905084, -4.7756771 37.8912971, -4.774856 37.890692, -4.7743825 37.8885965))",3.0,44.42,20.73,13148.0,92.17,67.0,0.0,0.0,0.0,0.0,0.0,0.0,0.0,0.0,0.0,0.0,0.0,0.0,0.0,0.0,1.0
51,Cordoba_hdbscan_5_5,51,7,-4.7644955119034815,37.88772965235079,-4.7643883,37.8876615,3.6432298197624647e-06,1921372.06443276,0.0007272057826457,0.0014381651278501,0.0006573248175839,0.0005375497461413,Yes,0.143,,,0.143,0.143,,,,,,,,,,,,,,,,,,,,,,,,,,,0.143,,,,,,,,,,,,,,,,,,,,,,,,,,,,,,,0.143,,,,,,,,,,,,,,,,,,,,,,0.143,,,,,,,,,,,,,,,,,,,,,,,,,,,,,,,,,,,,,"POLYGON ((-4.76367388332437 37.886975566455504, -4.765824 37.8871788, -4.7639637 37.88867, -4.76367388332437 37.886975566455504))",5.0,44.42,20.73,13148.0,92.17,64.0,1.0,0.0,0.0,0.0,0.0,0.0,0.0,0.0,1.0,0.0,0.0,0.0,0.0,0.0,2.0
52,Cordoba_hdbscan_5_5,52,7,-4.76489843895133,37.89038461501158,-4.7649128,37.8903782,5.181153019412425e-07,13510506.201559445,0.0004047582375112,0.000604041157141,0.0003863469325776,0.0001670108479179,Yes,,0.143,,0.143,0.143,,,,,,,0.143,,,0.143,,,,,,,,,,,,,,,,,,,,,,,,,,,,,,,,,,,,,,,0.143,,,,,,,,,,,,,,,,,,,,,,,,,,,,,,,,,,,,,,,,,,,,,,,,,,,,,,,,,,,,,,,,,,,,"POLYGON ((-4.7649128 37.890156, -4.7652948 37.8901801, -4.765428972659308 37.89067340508104, -4.764582 37.8904279, -4.7644524 37.8903782, -4.7644276 37.8903674, -4.7649128 37.890156))",1.0,44.42,20.73,13148.0,92.17,44.0,0.0,0.0,0.0,0.0,0.0,0.0,0.0,0.0,0.0,0.0,0.0,0.0,0.0,0.0,0.0
53,Cordoba_hdbscan_5_5,53,12,-4.760148666666667,37.890655833333334,-4.7601868,37.89066235,2.1060135000318894e-07,56979691.724760056,0.0002606926627034,0.0006137294101552,0.0002901160869184,7.8427347838682e-05,Yes,,,,0.083,,,,0.083,,,,,,,,,,0.083,,,,,,,,,,,0.167,,,,,,,,,,,,,,,,0.333,,,,,,,0.083,,,,,,,,,,,,,,,,,,,,0.083,,,,,,,,,,,,,,,,,,,,,,,,,0.083,,,,,,,,,,,,,,,,,,,,,,,,,"POLYGON ((-4.7595457 37.8905414, -4.7599019 37.8905516, -4.7605312 37.890614, -4.7605133 37.8907194, -4.7602142 37.8907551, -4.7601594 37.8907492, -4.7598074 37.8907107, -4.7595457 37.8905414))",0.0,44.42,20.73,13148.0,92.17,42.0,0.0,0.0,0.0,0.0,0.0,0.0,0.0,0.0,0.0,0.0,0.0,0.0,0.0,0.0,1.0
54,Cordoba_hdbscan_5_5,54,13,-4.763520961538462,37.89108486923077,-4.7635916,37.8910511,8.819465599999689e-07,14740122.12259262,0.0003227420055673,0.0008623402269643,0.0003485087451468,0.0001775310000432,Yes,,,,,,,,0.077,,0.077,0.077,,,,,,,,,,,0.077,,,,,,,,,,,,,,,,,,,,,,0.077,,,,,,,,,,0.308,0.077,,,,,,,,,0.077,,,,0.077,,,,,,,,,,,,,,,,,,,,,,,,0.077,,,,,,,,,,,,,,,,,,,,,,,,,,,,,,"POLYGON ((-4.7634071 37.890814, -4.7639688 37.8911885, -4.7639953 37.8914828, -4.7626766 37.8909097, -4.7634071 37.890814))",1.0,44.42,20.73,13148.0,92.17,48.0,0.0,0.0,0.0,0.0,0.0,0.0,0.0,0.0,0.0,0.0,0.0,0.0,0.0,0.0,1.0
55,Cordoba_hdbscan_5_5,55,15,-4.761877346666666,37.89078096,-4.7618836,37.8908087,3.25469249999096e-07,46087303.17853888,0.0002344268725144,0.0006229846572037,0.0002736997962894,9.080600420683324e-05,Yes,,,,0.067,,,,,,,,,,,,,,,,,,,,,,,,,,,,,,,0.067,,,,,,,,,0.067,0.4,0.067,,,,,,,,,,,,,,0.067,,,,0.067,,,,,,,,,,,,,,,,,,,0.067,,,,,,,,,0.067,,,,,,,,,,,,,,,,,,,,,,,,,,,,,,"POLYGON ((-4.7618263 37.8905976, -4.7619793 37.8906445, -4.7621994 37.890763, -4.7623432 37.8908991, -4.7620318 37.8908839, -4.7614256 37.8908315, -4.7612637 37.8906735, -4.7618263 37.8905976))",0.0,44.42,20.73,13148.0,92.17,43.0,0.0,0.0,0.0,0.0,0.0,0.0,0.0,0.0,0.0,0.0,0.0,0.0,0.0,0.0,0.0
56,Cordoba_hdbscan_5_5,56,9,-4.7953732,37.87843417777778,-4.7953647,37.8783396,1.8933214299995424e-06,4753551.012203023,0.0005015034647182,0.0009512538149709,0.0002939672355137,0.0005114519175352,Yes,0.111,,,,0.222,,,0.111,,,,,,,,,,,,,0.111,,,,,,,,,,,,,,,,,,,,,,,,,,,,,,,,,,,,,,,,,,,0.111,,0.111,,,,,0.111,,,,,,,,,,,,,,,,,,,,,,,,,,,0.111,,,,,,,,,,,,,,,,,,,,,,,,"POLYGON ((-4.7956507 37.8775243, -4.796007 37.8781891, -4.7954592 37.8791709, -4.7952731 37.879338, -4.7949631 37.8783396, -4.7956507 37.8775243))",2.0,44.42,20.73,13148.0,92.17,55.0,0.0,0.0,0.0,0.0,0.0,0.0,0.0,0.0,0.0,0.0,0.0,0.0,0.0,1.0,5.0
57,Cordoba_hdbscan_5_5,57,10,-4.79378782881283,37.88224859139299,-4.793741750000001,37.8823041,1.162632360000292e-06,8601171.224924007,0.0004773300692603,0.0007309269269157,0.0003160529216036,0.0003937055170203,Yes,,,,0.1,0.2,,,,,,,,,0.1,,,,,,,0.1,,,,,,,,,,,,,,0.2,,,,,,,,,,,,,,,,,,,,,,,,,,,,,,,,,,0.1,,,,,,,,,,,,,,,,,,,,,,,,,,,,,,0.1,,,,,,,,,,,,,,,,,,,,,,,"POLYGON ((-4.793451 37.8815999, -4.7943411 37.8822427, -4.794216088128302 37.882677613929914, -4.7940021 37.8828057, -4.7933769 37.8823655, -4.793451 37.8815999))",2.0,44.42,20.73,13148.0,92.17,50.0,0.0,0.0,0.0,0.0,0.0,0.0,0.0,0.0,0.0,0.0,0.0,0.0,0.0,0.0,3.0
58,Cordoba_hdbscan_5_5,58,10,-4.794592481496537,37.88461235566616,-4.79452905,37.88476358807781,7.814694115324793e-06,1279640.6170767162,0.0010500171413149,0.001702807699303,0.0008432031345288,0.0007494602244517,Yes,,,,,0.1,,,0.1,0.1,,,,,,,,,,,,,,,,,,,,,,,,,,0.1,,,,,,,,,,,,,,,0.1,,,,,,,,,,,,,0.1,,,,,,0.1,,,,,,,,,,,,,,,,,,,,,,0.1,,,,,,,,,0.1,,,,,,,,,,,,,,,,,,,,,,"POLYGON ((-4.795080760827923 37.882981056381745, -4.7961033 37.8844115, -4.7941825 37.8855611, -4.7930744 37.8842851, -4.795080760827923 37.882981056381745))",10.0,44.42,20.73,13148.0,92.17,73.0,0.0,0.0,0.0,0.0,0.0,0.0,0.0,0.0,0.0,0.0,0.0,0.0,0.0,1.0,4.0
59,Cordoba_hdbscan_5_5,59,10,-4.797512790000001,37.87819404,-4.7974853,37.8781921,1.395249119995182e-06,7167178.861961606,0.0003414720142655,0.0009422481656604,0.0002518790203648,0.0003638034612252,Yes,,,,,0.5,,,,,,,,,,,,,,,,,,,,,,,,,,,0.1,,,,,,,,,,,,,,,,,,,,,,0.1,,,,,,,,,0.2,,,,,,,,,,,,,,,,,,,,,,,,,,,,,,,,,,,,,,0.1,,,,,,,,,,,,,,,,,,,,,"POLYGON ((-4.7973939 37.8776032, -4.7980325 37.87898, -4.7973344 37.8782456, -4.7970191 37.8777609, -4.7973939 37.8776032))",1.0,44.42,20.73,13148.0,92.17,51.0,0.0,0.0,0.0,0.0,0.0,0.0,0.0,0.0,0.0,0.0,0.0,0.0,0.0,0.0,3.0
60,Cordoba_hdbscan_5_5,60,7,-4.796277871428572,37.880126128571426,-4.7962464,37.8801124,7.92142719998056e-07,8836791.430737605,0.0002861739520529,0.0008436076746772,0.0003797094479966,0.0001740705088199,Yes,,,,,,,,,,,,,,,,,,,,,0.143,,,,,,,,,,,,,,,,,,,,,,,,0.143,,,,,,0.143,,,,,,,,0.143,,,,,0.143,,,,,0.143,,,,,,,,,,,,,,,,,,,,,,,,,,,,,,,,,0.143,,,,,,,,,,,,,,,,,,,,"POLYGON ((-4.7970489 37.8797838, -4.7961893 37.8803222, -4.7956582 37.8803534, -4.7961595 37.8801429, -4.7970489 37.8797838))",0.0,44.42,20.73,13148.0,92.17,47.0,0.0,0.0,0.0,0.0,0.0,0.0,0.0,0.0,0.0,0.0,0.0,0.0,0.0,0.0,3.0
61,Cordoba_hdbscan_5_5,61,16,-4.7983617692888885,37.88052547224995,-4.7984016,37.8804556,3.4087472161130097e-06,4693806.546982612,0.0006011003572154,0.0011792465369399,0.0004601216426798,0.0005042843613417,Yes,,,,0.062,0.188,,,0.062,,,,,,,,,,,,,,0.062,,,,0.062,,,,,,,,,,,,,,,,,,,0.125,,,,,,,,,,,0.062,,,,,,,,,,,,,,,,,0.062,,,,0.062,,,,,0.062,,,,,,,,,,,,,,,,,,,,,0.062,,,,,,,,,,,,,,,,,,,"POLYGON ((-4.7983982 37.8795178, -4.7987697 37.8801229, -4.7988731 37.8802983, -4.799212135710343 37.88134247858049, -4.798405 37.8812797, -4.7975446 37.880904, -4.797344 37.8802496, -4.798019138377691 37.87974047846924, -4.7983982 37.8795178))",5.0,44.42,20.73,13148.0,92.17,62.0,0.0,0.0,0.0,0.0,0.0,0.0,0.0,0.0,0.0,0.0,0.0,0.0,0.0,0.0,2.0
62,Cordoba_hdbscan_5_5,62,10,-4.7783935690765755,37.89130633827415,-4.77840053945303,37.89145945,4.232384400713802e-06,2362734.3485892904,0.0009166765955984,0.0012712710905329,0.0007453496713567,0.0005900188709012,Yes,,,,,,,,0.1,0.1,,0.1,,,,,0.1,,,,,,,,,,,,,,,,0.1,,,,,,,,,,,,,,,,,,,,,,,,,,,,,,,,,,,,,,,0.1,,,,,,,,,,,,,,,,,,,,,,,,,,,,,,,,,,,,,,,,,,,,,,,,,,,"POLYGON ((-4.778479878906061 37.890111491379464, -4.77936950632828 37.89049167474461, -4.7794189 37.891598, -4.7791171 37.8917145, -4.7778845 37.8921868, -4.7773795 37.8915398, -4.777401 37.8913791, -4.778479878906061 37.890111491379464))",7.0,44.42,20.73,13148.0,92.17,65.0,0.0,0.0,0.0,0.0,0.0,0.0,0.0,0.0,0.0,0.0,0.0,0.0,0.0,6.0,3.0
63,Cordoba_hdbscan_5_5,63,10,-4.78344500647107,37.89231041204102,-4.7836101,37.89233925,3.07902892224956e-06,3247777.22214247,0.000692936468208,0.0015047992836461,0.0006849630224322,0.0003667675893193,No,,,,,0.5,,,,,,0.2,,,,,,,,,,,,,,,,,,,,,,,,,,,,,,,,,,,,,,,,,,,0.1,,,,,,,,,,,,,,,,,,,,,,,,,,,,,,,,,,,,,,,,,,,,,,,,,,,,,,,,,,,,,,,,,,,,"POLYGON ((-4.782060264710707 37.89172142041021, -4.7840043 37.8918172, -4.7841997 37.8920649, -4.7843991 37.8923585, -4.7836494 37.8930379, -4.7827296 37.8924185, -4.782060264710707 37.89172142041021))",4.0,44.42,20.73,13148.0,92.17,60.0,0.0,0.0,0.0,0.0,0.0,0.0,0.0,0.0,0.0,0.0,0.0,0.0,0.0,0.0,3.0
64,Cordoba_hdbscan_5_5,64,29,-4.788522317683039,37.87799339147632,-4.7885542,37.8780479,1.2240473320201892e-05,2369189.429312173,0.0014177982819105,0.0025216973964124,0.000720808466116,0.0013408248551055,Yes,,,,,0.103,,,,0.034,,0.103,,0.034,,0.034,0.069,0.034,,,,,0.034,0.034,,,,,,,,,,,,,,,,0.034,,,0.034,,0.034,0.034,,,,,,,,,0.103,,,,,,,,,,,0.034,,,,,,0.034,,,,,,,,,,,0.034,,,,,,,,,,,,,,,,,,,,,,,,,,,,,,,,,,,,,,,,"POLYGON ((-4.787956469218465 37.87578416762304, -4.788761086220236 37.875811176683285, -4.7894909 37.8766768, -4.7896277 37.8769714, -4.7898554 37.8793626, -4.7868965 37.879921, -4.787956469218465 37.87578416762304))",21.0,44.42,20.73,13148.0,92.17,96.0,0.0,0.0,0.0,0.0,0.0,0.0,0.0,0.0,0.0,0.0,0.0,0.0,0.0,2.0,12.0
65,Cordoba_hdbscan_5_5,65,19,-4.791088793366761,37.88544504387278,-4.7911252,37.8853587,4.0489882356268e-06,4692530.304933999,0.0006886052892255,0.0014534543968137,0.0004603425057922,0.0006048296218049,Yes,0.053,,,0.105,0.053,,,0.053,,,,,,,,,,,0.053,,,,0.158,,,,,,,,,,,,,,,,,,,,,,0.053,,,,,,0.053,,,0.105,,,,,,0.053,,,,,,,,,0.053,,,,,,,,,,,,,,,,,,,,,,,,,,,,,,,,,,,0.053,,,,,,,,,,,,,,,,,,"POLYGON ((-4.7909535 37.8839979, -4.7915435 37.884755, -4.7919011 37.8854113, -4.7917234 37.8862096, -4.791041085123344 37.88650253208934, -4.7904774 37.8864403, -4.7902845 37.8850588, -4.7909535 37.8839979))",7.0,44.42,20.73,13148.0,92.17,67.0,1.0,0.0,0.0,0.0,0.0,0.0,0.0,0.0,0.0,0.0,0.0,0.0,0.0,0.0,2.0
66,Cordoba_hdbscan_5_5,66,8,-4.7878328,37.881364524999995,-4.78773025,37.88149945,5.323448100031834e-07,15027853.845240194,0.0003290203893921,0.0005636214515308,0.0002825982174395,0.0002315927824335,Yes,,,,,0.125,,,,,,,,,,,,,,,,,,,,,,,,,,,0.125,,,0.125,,,,,,,,,,,,,,,,0.125,,,,,,,,,,,,,,,,,,,,,,,,,,,,,,,,,,,,,,,,,,,,,,,,,,,,,,0.125,,,,,,,,,,,,,,,,,"POLYGON ((-4.7875252 37.8809476, -4.7883823 37.8814899, -4.7876509 37.8815687, -4.7875252 37.8809476))",1.0,44.42,20.73,13148.0,92.17,44.0,0.0,0.0,0.0,0.0,0.0,0.0,0.0,0.0,0.0,0.0,0.0,0.0,0.0,0.0,3.0
67,Cordoba_hdbscan_5_5,67,45,-4.790075937777777,37.88141339111111,-4.7902091,37.8814604,2.7726206900019925e-06,16230132.07766536,0.0004833762533718,0.001196366768528,0.0004700057263428,0.0002836955205244,Yes,0.022,,,0.022,0.044,,,,,,0.067,,0.067,,0.022,,0.022,,,,,0.022,,,,,,,,,,0.022,,,,,,,,,,,,,0.044,,,,0.022,,,,0.022,0.067,,,,,,0.022,,,,0.044,,,,0.022,0.022,0.022,,,,,,0.022,,0.156,,,,,,,,,0.022,,,,,,,,,,,,,,,,,,,0.022,0.022,0.022,,,,,,,,,,,,,,"POLYGON ((-4.7903317 37.8808562, -4.7909309 37.8814882, -4.790812 37.8820337, -4.7901719 37.8822085, -4.7888806 37.881463, -4.790101 37.880929, -4.7903317 37.8808562))",4.0,44.42,20.73,13148.0,92.17,58.0,0.0,0.0,0.0,0.0,0.0,0.0,0.0,0.0,0.0,0.0,0.0,0.0,0.0,2.0,0.0
68,Cordoba_hdbscan_5_5,68,11,-4.772963186830882,37.883323949887064,-4.7730056,37.8831548,1.6200506254846988e-06,6789911.270031415,0.0004274255080981,0.0009237977092636,0.000290518526708,0.0004122905768841,Yes,,,0.091,,0.182,,,0.091,,,,,,,,,,,,,0.091,0.182,,,,,,,,,,,,,,,,,,,,,,,,,,,0.091,0.091,,,,,,,,,,,,,,,,,,,,,,,,,,,,0.091,,,,,,,,,,,,,,,,,,,,,,,,,,,,,,,0.091,,,,,,,,,,,,,"POLYGON ((-4.7724099 37.8828125, -4.7726128 37.8828707, -4.7732292 37.8830602, -4.77353885513971 37.88381794875775, -4.7729418 37.8842475, -4.7724099 37.8828125))",2.0,44.42,20.73,13148.0,92.17,53.0,0.0,0.0,0.0,0.0,0.0,0.0,0.0,0.0,0.0,0.0,0.0,0.0,0.0,0.0,0.0
69,Cordoba_hdbscan_5_5,69,9,-4.771841644444444,37.88658848888889,-4.7718363,37.8866089,2.661469999992364e-07,33815898.73275228,0.0002221438457048,0.0003688506682025,0.0002293445303038,0.0001075284401083,Yes,,,0.111,0.111,0.333,,,0.111,,,,,,,,,,,,,,,,,,,,,,,,,,,,,,,,,,0.111,,,,,,,,,,0.111,,,,,,,,,,,,0.111,,,,,,,,,,,,,,,,,,,,,,,,,,,,,,,,,,,,,,,,,,,,,,,,,,,,,,,,,,"POLYGON ((-4.772111 37.8863365, -4.7721968 37.8865265, -4.771961 37.8866585, -4.7716197 37.8867225, -4.7715073 37.8866845, -4.7715608 37.8866089, -4.772111 37.8863365))",0.0,44.42,20.73,13148.0,92.17,40.0,0.0,0.0,0.0,0.0,0.0,0.0,0.0,0.0,0.0,0.0,0.0,0.0,0.0,0.0,0.0
70,Cordoba_hdbscan_5_5,70,5,-4.78439062,37.87811822,-4.7844314,37.8780024,3.561946199980806e-07,14037269.84991223,0.0003129406888796,0.0005687488204814,0.000195043558212,0.0002773392968896,Yes,,,,0.2,,,,,,,,,0.2,,,,,,,,,,,,,,,,,,,,,,,,,,,,,,,,,,,,,,,,,,,,,,,,,,,,,,,,0.2,,,,,,,,,,,,,,,,,,0.2,,,,,,,,,,,,,,,,,,,,,,,,,,,,,,,,,,,"POLYGON ((-4.7844314 37.8778754, -4.7846071 37.8780024, -4.7845867 37.8786521, -4.7841794 37.8781075, -4.7841485 37.8779537, -4.7844314 37.8778754))",0.0,44.42,20.73,13148.0,92.17,43.0,0.0,0.0,0.0,0.0,0.0,0.0,0.0,0.0,0.0,0.0,0.0,0.0,0.0,0.0,4.0
71,Cordoba_hdbscan_5_5,71,6,-4.783220166666666,37.88977521666667,-4.7831199,37.8897362,2.906495999985656e-07,20643413.92532318,0.0002806733698697,0.0003955609325901,0.0001771023495672,0.0002337833784833,No,,,,,0.333,,,,,,0.167,,0.333,,,,,,,,,,,,,,,,,,,,,,,,,,,,,,,,,,,,,,,,,,,,,,,,,,,,,,,,,,,,,,,,,,,,,,,,,,,,,,,,,,,,,,,,,,,,,,,,,,,,,,,,,,,,,"POLYGON ((-4.7830427 37.8894217, -4.7834747 37.8896226, -4.783461 37.8896887, -4.7831236 37.8900945, -4.7831162 37.8900401, -4.7830427 37.8894217))",0.0,44.42,20.73,13148.0,92.17,42.0,0.0,0.0,0.0,0.0,0.0,0.0,0.0,0.0,0.0,0.0,0.0,0.0,0.0,0.0,3.0
72,Cordoba_hdbscan_5_5,72,15,-4.783738619999999,37.880791286666664,-4.7837238,37.8808003,9.513680600012122e-07,15766768.54169446,0.0002781310921417,0.0007792339032099,0.0002113314338506,0.0002691589316536,Yes,,,,,0.2,,,,,,0.067,0.067,0.133,,0.067,,,,,,,,,,,,,,,,,,,0.067,,,,,,,,,,,0.067,,,,,,,,,,,,,,,,,,0.067,0.067,,,,,,,,,,,,0.067,,,,,,,,,,,,,,,,,,,,,,,,,,,,,,,,,,,,,,,,,,,,,,"POLYGON ((-4.7835161 37.8800445, -4.7842466 37.8811359, -4.7838991 37.8812552, -4.7834608 37.8809419, -4.7835161 37.8800445))",1.0,44.42,20.73,13148.0,92.17,49.0,0.0,0.0,0.0,0.0,0.0,0.0,0.0,0.0,0.0,0.0,0.0,0.0,0.0,0.0,4.0
73,Cordoba_hdbscan_5_5,73,13,-4.780591315384616,37.88902515384616,-4.7805019,37.8890532,1.5514710000064683e-06,8379144.695547516,0.0006037688940955,0.0009755118376745,0.0005287608021752,0.0003408070683987,Yes,,,,0.154,0.154,,,,,,,0.077,,,,,,,,,,0.077,,,,,0.077,,,,,,,,0.077,,,,,,,,,,,,,,0.077,,,,,,,,,,,,,,,,,,,,0.077,,,,,,,,,,,,,,,,0.077,,,,,,,,,,,,,,,,,,,,,,,,,,,,,,,,,,,,,"POLYGON ((-4.7799931 37.8885082, -4.7801461 37.8885356, -4.7815666 37.8890041, -4.7812885 37.8894942, -4.7805019 37.8894159, -4.7801248 37.8890532, -4.7800307 37.8887633, -4.7799931 37.8885082))",2.0,44.42,20.73,13148.0,92.17,53.0,0.0,0.0,0.0,0.0,0.0,0.0,0.0,0.0,0.0,0.0,0.0,0.0,0.0,3.0,7.0
74,Cordoba_hdbscan_5_5,74,9,-4.782366433333333,37.8882156,-4.7824332,37.8883599,1.2890310300005571e-06,6981988.633738406,0.0006172393130328,0.0011145044823235,0.0001895912562446,0.0006442013194648,No,,,,,0.222,,,,,,0.333,,,,,,,,,,,,,,,,,,,,,,,,,,,,,,,,,,,,,,,,,,,0.222,,,,,,0.111,,,,,,,,,,,,,,,,,,,,,,,,,,,,,,,,,,,,,,,,,,,,,,,,,,,,,,,,,,,,,,"POLYGON ((-4.7821708 37.8871184, -4.7826735 37.8879293, -4.7825101 37.8890903, -4.7822411 37.8887821, -4.7820198 37.8876715, -4.7821708 37.8871184))",2.0,44.42,20.73,13148.0,92.17,56.0,0.0,0.0,0.0,0.0,0.0,0.0,0.0,0.0,0.0,0.0,0.0,0.0,0.0,1.0,12.0
75,Cordoba_hdbscan_5_5,75,8,-4.7842575125,37.8793059625,-4.78428975,37.8793154,6.119387999994293e-07,13073202.745123306,0.0002881445350089,0.0006141578820333,0.0002015282575563,0.0002777188638601,No,,,,,0.125,,,0.125,,,0.125,,0.125,,0.25,,,,,,,,,,,,,,,,,0.125,,,,,,,,,,,,,,,,,,,,,,,,,,,,,,,,,,,,,,,,,,,,,,,,,,,,,,,,,,,,,,,,,,,,,,,,,,,,,,,,,,,,,,,,,,"POLYGON ((-4.7841991 37.8788604, -4.7843925 37.8790006, -4.7845157 37.8796281, -4.7838029 37.8797189, -4.7841991 37.8788604))",1.0,44.42,20.73,13148.0,92.17,46.0,0.0,0.0,0.0,0.0,0.0,0.0,0.0,0.0,0.0,0.0,0.0,0.0,0.0,0.0,6.0
76,Cordoba_hdbscan_5_5,76,7,-4.776049559931441,37.88131598993921,-4.7760452,37.8813119,2.690699595947882e-07,26015538.89754845,0.000201888307485,0.0004114506048116,0.0002046599638022,0.0001214181477924,Yes,,,,0.143,0.286,,,,,,0.143,,0.143,,,,,,,,,,,,,,,,,,,,,,,,,,,,,,,,,,,,,,,,,,,,,,,,,,,,,,,,,,,,,,,,,,,,,,,,,,,,,,,,,,,,,,,,,,,,,,,,,0.143,,,,,,,,,,,,"POLYGON ((-4.77630469107832 37.88107929868795, -4.776267928441767 37.88141243088652, -4.7760452 37.881486, -4.7756431 37.8812521, -4.77630469107832 37.88107929868795))",0.0,44.42,20.73,13148.0,92.17,41.0,0.0,0.0,0.0,0.0,0.0,0.0,0.0,0.0,0.0,0.0,0.0,0.0,0.0,1.0,2.0
77,Cordoba_hdbscan_5_5,77,7,-4.7759211285714285,37.88556651428571,-4.7759259,37.8855785,5.328637200020119e-07,13136567.075674752,0.0002948783468452,0.0006457577351082,0.0001875831907965,0.0002967365374432,Yes,,,,0.143,0.286,,,,,,,,0.286,,,,,,,,,,,,,,,,,,,,,,,,,,,,,,,,,,,,,,,,,0.143,,,,,,,,,,0.143,,,,,,,,,,,,,,,,,,,,,,,,,,,,,,,,,,,,,,,,,,,,,,,,,,,,,,,,,,"POLYGON ((-4.7759959 37.8849251, -4.7761913 37.8858709, -4.7756279 37.885815, -4.7759959 37.8849251))",1.0,44.42,20.73,13148.0,92.17,46.0,0.0,0.0,0.0,0.0,0.0,0.0,0.0,0.0,0.0,0.0,0.0,0.0,0.0,1.0,1.0
78,Cordoba_hdbscan_5_5,78,7,-4.7810405000000005,37.888178614285714,-4.7810093,37.8881591,1.419863199995559e-07,49300524.163327105,0.0001610891137084,0.0003769953242278,8.195378488603338e-05,0.0001736949989286,Yes,,,,,,,,0.143,,,,0.143,0.143,,,,,,,,,,,,,,,,,,,,,,,,,,,,,,,,,,,,,,,,,0.143,,,,,,,,,,,,,,,,,,,,,0.143,,,,,,,,,,0.143,,,,,,,0.143,,,,,,,,,,,,,,,,,,,,,,,,,,,,,,"POLYGON ((-4.7809042 37.8879856, -4.7810978 37.8880227, -4.781154 37.8881591, -4.7810057 37.888554, -4.7809042 37.8879856))",0.0,44.42,20.73,13148.0,92.17,40.0,0.0,0.0,0.0,0.0,0.0,0.0,0.0,0.0,0.0,0.0,0.0,0.0,0.0,0.0,7.0
79,Cordoba_hdbscan_5_5,79,5,-4.7807202,37.88730736,-4.780729,37.8874252,1.50112830000143e-07,33308278.845953654,0.0001875658409494,0.0003595135875033,0.0001009864743419,0.0001809634946617,Yes,,,,,,,,,,,,,,,0.2,,,0.2,,,,,,,,,,,,,,,,,,,,,,,,,,,0.4,,,,,,,0.2,,,,,,,,,,,,,,,,,,,,,,,,,,,,,,,,,,,,,,,,,,,,,,,,,,,,,,,,,,,,,,,,,,,,,,"POLYGON ((-4.7805662 37.8869825, -4.7808811 37.8872356, -4.7807367 37.8874592, -4.780688 37.8874252, -4.7805662 37.8869825))",0.0,44.42,20.73,13148.0,92.17,39.0,0.0,0.0,0.0,0.0,0.0,0.0,0.0,1.0,0.0,0.0,0.0,0.0,0.0,0.0,6.0
80,Cordoba_hdbscan_5_5,80,5,-4.782399582088096,37.87754572991398,-4.7824795538723075,37.877589316903745,2.746560999789737e-07,18204583.842786577,0.0002559433520051,0.0003879392715594,0.0002369869452057,0.00014823707698,No,,,,,,,,,,,,,0.2,,,,,,,,,,,,,,,,,,,,,,,,,,,,,,,,,,,,,,,,,,,,,,,,,,,,,,,,,,,,,,,,,,,,,,,,,,,,,,,,,,,,,,,,,,,,,,,,,,,,,,,,,,,,,"POLYGON ((-4.78249 37.8773431, -4.7827376 37.8777361, -4.782038729516597 37.8776529096928, -4.782252027051578 37.87740722297335, -4.78249 37.8773431))",0.0,44.42,20.73,13148.0,92.17,41.0,0.0,0.0,0.0,0.0,0.0,0.0,0.0,0.0,0.0,0.0,0.0,0.0,0.0,1.0,2.0
81,Cordoba_hdbscan_5_5,81,10,-4.78327074,37.88467415000001,-4.7832951999999995,37.88472315,4.423584000024197e-07,22606104.00965665,0.0002750827720176,0.0004530813482121,0.0002550293363517,0.0001566536322593,Yes,,,,,,,,,,,,,,,,,,,,,,,,,,,,,,,,0.3,,,,,,,,,,,,,0.3,,,,,0.1,,,,0.1,,,,,,,0.1,,,0.1,,,,,,,,,,,,,,,,,,,,,,,,,,,,,,,,,,,,,,,,,,,,,,,,,,,,,,,,,,"POLYGON ((-4.7834637 37.884299, -4.7837119 37.8847774, -4.7834743 37.884827, -4.7831258 37.8848073, -4.7829059 37.8847596, -4.7828741 37.8846322, -4.7834637 37.884299))",1.0,44.42,20.73,13148.0,92.17,43.0,0.0,0.0,1.0,0.0,0.0,0.0,0.0,0.0,0.0,0.0,0.0,0.0,0.0,0.0,4.0
82,Cordoba_hdbscan_5_5,82,10,-4.77447641,37.88061127,-4.7744155500000005,37.8805368,9.35508419993713e-07,10689374.661178574,0.0003973266207303,0.0008803294275443,0.0003306161292193,0.0002987335603839,No,,,,,0.5,,,0.1,,,,,,,0.1,,,,,,,,,,,0.1,,,,,,,,,,,,,,,,,,,,,,,,,,,,,,,,,,0.1,,,,,,,,,,,,,,,,,,,,,,,,,,,,,,,,,,,,,,,,,,,,,,,,,,,,,,,,,,,,,,"POLYGON ((-4.7744543 37.8802998, -4.7748716 37.8806183, -4.7750292 37.8812964, -4.7741714 37.8807151, -4.7740905 37.8803528, -4.7744543 37.8802998))",1.0,44.42,20.73,13148.0,92.17,48.0,0.0,0.0,0.0,0.0,0.0,0.0,0.0,0.0,0.0,0.0,0.0,0.0,0.0,0.0,3.0
83,Cordoba_hdbscan_5_5,83,15,-4.775418496679469,37.88010697691491,-4.7754214,37.880114,4.981001984598318e-07,30114422.853837997,0.0002774056212667,0.0006262470702767,0.0002700319140717,0.0001558820838131,Yes,,,,,0.333,0.067,,,,,0.2,,0.067,,0.067,,,,,,,0.067,,,,,,,,,,,,,,,,,,,,,,,,,,,,,,,,,,,,,,,,,,,,,,,,,,,,,,,,,,,,,,,,,,,,,,,,,,,,,,,,,,,,,,,,,,,,,,,,,,,,"POLYGON ((-4.7753483 37.8798629, -4.7760108 37.8799036, -4.7757092 37.880209, -4.7751972 37.8803656, -4.7750472 37.88034, -4.77501995019204 37.880032653723674, -4.7753483 37.8798629))",1.0,44.42,20.73,13148.0,92.17,44.0,0.0,0.0,0.0,0.0,0.0,0.0,0.0,0.0,0.0,0.0,0.0,0.0,0.0,0.0,3.0
84,Cordoba_hdbscan_5_5,84,22,-4.777206011669151,37.87938043649711,-4.7773721,37.87951520146814,1.697041689999534e-06,12963735.734745586,0.0004817509113056,0.0008650571049573,0.0003935919878357,0.0003461602804756,Yes,,,,,0.409,,,,,,0.091,,0.045,,,,,,,,,0.045,,,,,,,,,,0.136,,,0.045,,,,,,,,,,,,,,,,,,,,,,,,,,,,,,,,,,,,,,,,,,,,,,,,,,,,,,,,,,,,,,,,,,,,,,,,,,,,0.045,,,,,,,,,,,"POLYGON ((-4.7774464 37.8786045, -4.7778464 37.8789458, -4.7776557 37.8795624, -4.7773218 37.8797587, -4.7764735 37.8798406, -4.7764774 37.8797253, -4.776632756721328 37.87952760293627, -4.7773911 37.8786452, -4.7774464 37.8786045))",2.0,44.42,20.73,13148.0,92.17,53.0,0.0,0.0,0.0,0.0,0.0,0.0,0.0,0.0,0.0,0.0,0.0,0.0,0.0,0.0,4.0
85,Cordoba_hdbscan_5_5,85,29,-4.778863611430229,37.87850669107621,-4.7789085,37.8785136,1.45144328000334e-06,19980112.484955847,0.0004706078112322,0.0008398410319273,0.0004678830688974,0.0002281604394357,Yes,,,,,0.138,,,,,,0.034,0.034,0.103,,0.034,,,,,,,,,,,,,,,,,,,0.138,,,,,,,,,,,,,,,,,,,,,,,,,,,,,,,,,,,,,,,,,,,,,,,,,,,,,,,,,,,,,,,,,,,,0.034,,,,,,,,,,0.034,,,,,,,,,,"POLYGON ((-4.7791276 37.8779739, -4.7792861 37.8780293, -4.7797032 37.8784861, -4.7796093 37.8787813, -4.77944043147665 37.878877141209756, -4.7793655 37.8788867, -4.7781688 37.8787365, -4.7781131 37.8786695, -4.7787195 37.8782504, -4.7791276 37.8779739))",2.0,44.42,20.73,13148.0,92.17,51.0,0.0,0.0,0.0,0.0,0.0,0.0,0.0,0.0,0.0,0.0,0.0,0.0,0.0,0.0,1.0
86,Cordoba_hdbscan_5_5,86,148,-4.780526256027646,37.879814376881086,-4.7805458,37.8797936,1.7367818800010915e-05,8521507.605774134,0.00106522656371,0.0023834672155392,0.001017603360529,0.0006428041032059,Yes,0.007,,,0.007,0.291,0.007,,,,,,0.014,0.034,,0.014,,,0.007,,,,0.007,,,,0.007,,,,,,0.034,,0.203,,,,,,,,,,,0.027,,,,,,,0.041,,,,,,,,,0.014,,,,,,,,,,,,,,,,,,,,,0.007,,,0.007,,,0.007,,,,,,,0.007,,,,,,,,,,,,,,,,,0.007,0.02,0.007,0.007,0.007,,,,,,"POLYGON ((-4.7819438 37.8781975, -4.782806 37.8791968, -4.7828688 37.8793746, -4.7801665 37.8819261, -4.778478797929612 37.87996427383708, -4.7782108 37.8795618, -4.7816637 37.8782884, -4.7819438 37.8781975))",22.0,44.42,20.73,13148.0,92.17,94.0,0.0,0.0,1.0,0.0,1.0,0.0,0.0,0.0,0.0,0.0,0.0,0.0,0.0,0.0,3.0
87,Cordoba_hdbscan_5_5,87,11,-4.780360354545454,37.88610694545455,-4.7803137,37.8860994,1.659600599984631e-07,66281007.61172216,0.0001641257174462,0.0003316845839332,8.695070038547334e-05,0.0001646571664978,Yes,,,,,,,,0.182,,,,,0.091,,0.091,,,,,,,,,,,,,,,,,,,,,,,,,,,,,,0.182,,,,,,,,,,0.091,,,,,,,,,,,,,,,,,,,,0.091,,,,,,,,,0.091,,,,,,,,,,,,,,,,,,,,,,,,,,,,,,,,,,,,,,"POLYGON ((-4.7804077 37.8858371, -4.780524 37.8862558, -4.7804297 37.8864313, -4.7803137 37.8862233, -4.7802844 37.8861343, -4.7802447 37.8859876, -4.7804077 37.8858371))",0.0,44.42,20.73,13148.0,92.17,40.0,0.0,0.0,0.0,0.0,0.0,0.0,0.0,0.0,0.0,0.0,0.0,0.0,0.0,0.0,0.0
88,Cordoba_hdbscan_5_5,88,10,-4.776194819999999,37.88420891,-4.77628205,37.88415885,4.274138999933815e-07,23396525.008089,0.0002725871630251,0.0006135575885763,0.0002837913275629,0.0001377650133366,No,,,,,0.3,,,,0.1,,0.3,,,,,,,,,,,,,,,,,,,,,0.1,,,,,,,,,,,,,,,,,,,,,,,,,,,,,,,,,,,,,,,,,,,,,,,,,,,,,,,,,,,,,,,,,,,,,,,,,,,,,,,,,,,,,0.1,,,,,"POLYGON ((-4.7764583 37.8840325, -4.7765869 37.8840804, -4.7763406 37.8844612, -4.7755899 37.8843115, -4.7758244 37.8841313, -4.7764583 37.8840325))",1.0,44.42,20.73,13148.0,92.17,43.0,0.0,0.0,0.0,0.0,1.0,0.0,0.0,0.0,0.0,0.0,0.0,0.0,0.0,1.0,2.0
89,Cordoba_hdbscan_5_5,89,15,-4.779843358532925,37.882977665768415,-4.7798753,37.883149,7.676915723363865e-07,19539096.87239254,0.0003626061904667,0.0007110433151547,0.0001367991088618,0.0003704494250761,Yes,0.067,,,,0.067,,,0.067,,,0.067,,0.067,,,,,,,,,0.067,,,,0.067,,,,,,,,0.133,,,,,,,,,,,0.067,,,,0.067,,,,,,,,,,,,,,,,,,,,,,,,,,,,,,,,,,,,,,,,,,0.067,,,,,,,,,,,,,,,,,,,,,,0.067,,,,,0.067,,,,"POLYGON ((-4.7799265 37.8822715, -4.780129477993865 37.883567886526166, -4.7795373 37.8832837, -4.7796676 37.8826385, -4.7797043 37.8825608, -4.7799265 37.8822715))",1.0,44.42,20.73,13148.0,92.17,49.0,0.0,0.0,0.0,0.0,0.0,0.0,0.0,0.0,0.0,0.0,0.0,0.0,0.0,0.0,1.0
90,Cordoba_hdbscan_5_5,90,10,-4.77899921,37.88419631000001,-4.77902735,37.88420975,2.698324200006529e-07,37060038.967800096,0.0002049330060955,0.0003399288987459,0.00014655527592,0.0001724978634643,Yes,,,,0.1,,,,0.1,,,,,,,0.1,,,,,,,,,,,,,,,,,,,,0.1,,,,,,,,,,,,,,,,,,,,,,,,,,,,,,,,,,,,,,,,,,,,,,,,0.1,,,,,,,,,,,,,,,,,,,,,,,,,,,,,,,,,,,,0.1,,,"POLYGON ((-4.7789236 37.8839478, -4.7793209 37.8841644, -4.779042 37.8844197, -4.7790269 37.884405, -4.7787491 37.8839661, -4.7789236 37.8839478))",0.0,44.42,20.73,13148.0,92.17,40.0,0.0,0.0,0.0,0.0,0.0,0.0,0.0,0.0,0.0,0.0,0.0,0.0,0.0,0.0,1.0
91,Cordoba_hdbscan_5_5,91,5,-4.7771378,37.884533,-4.7771431,37.8845343,4.1142750002471595e-08,121528094.24988928,0.0001667956829328,0.000268747055798,0.0001882883214648,2.875635582089863e-05,Yes,,,,,,,,,,,0.2,0.2,,,,,,,,,,,,,,,,,,,,0.4,,,,,,,,,,,,,,,,,,,,,,,,,,,,,,,,,,,,,,,,,,,,,,,,,,,,,,,,,,,0.2,,,,,,,,,,,,,,,,,,,,,,,,,,,,,,,"POLYGON ((-4.7769566 37.8844996, -4.7774055 37.8845093, -4.777277 37.8845397, -4.7769068 37.8845821, -4.7769566 37.8844996))",0.0,44.42,20.73,13148.0,92.17,37.0,0.0,0.0,0.0,0.0,0.0,0.0,0.0,0.0,0.0,0.0,0.0,0.0,0.0,0.0,3.0
92,Cordoba_hdbscan_5_5,92,11,-4.7779180636363625,37.88433493636363,-4.7778784,37.8844596,2.96223940001442e-07,37134068.23211674,0.0002206029728927,0.0003700661045491,0.0001680421228184,0.000169221599056,Yes,,,,,0.091,,,,,,,,0.182,,,,,,,,,,,,,,,,,,,,,0.091,,,,,,,,,,,0.091,,,,,0.091,,0.091,,,,,,,0.091,,,,,,,,,,,,0.091,,,,,,,,,,,,,,,,,,,,,,0.091,,,,,,,,,,,,,,,,,,,,,,,,,,,,,"POLYGON ((-4.7778692 37.883979, -4.7782665 37.8844596, -4.7777872 37.8844948, -4.777694 37.8842293, -4.7776922 37.8841195, -4.7778692 37.883979))",0.0,44.42,20.73,13148.0,92.17,41.0,0.0,0.0,0.0,0.0,0.0,0.0,0.0,0.0,0.0,0.0,0.0,0.0,0.0,0.0,2.0
93,Cordoba_hdbscan_5_5,93,10,-4.781792562125135,37.88335107084166,-4.7816019,37.8834266,1.2915810800062604e-06,7742448.50346641,0.000525766906104,0.0011400187015629,0.0005474385286353,0.000224650727065,Yes,,,,0.1,,,,,,,,,0.2,,,,,,,,,,,,,,,,,,,0.2,,,,,,,,,,,,,,,,,,,,,,,,,,,,,,,,,,,,,0.1,,,,,,,,,0.1,,,,,,,,,,,,,,,,,,,,,,,,,,,,,,,,,,,,,,,,,,0.1,,"POLYGON ((-4.7828492 37.8829231, -4.7819876 37.8834256, -4.7814581 37.8836883, -4.7811613 37.8834276, -4.7812157 37.8833062, -4.7828492 37.8829231))",1.0,44.42,20.73,13148.0,92.17,51.0,0.0,0.0,0.0,0.0,0.0,0.0,0.0,0.0,0.0,0.0,0.0,0.0,0.0,0.0,0.0
94,Cordoba_hdbscan_5_5,94,47,-4.780830487234042,37.884515934042554,-4.7807507,37.8845636,2.2495342600023683e-06,20893213.691242255,0.0005807977870591,0.0011306669680313,0.0006080830219132,0.0002121142549172,Yes,,,,,0.021,,,0.043,0.021,,0.021,,0.085,,,,,,,,,0.021,,,,,,,0.021,,,,,,0.021,,,,,,,,,0.021,0.404,,,,,,,0.043,,0.043,,,,,0.021,,,,,,,,,,,,,,,,,0.021,,,,,,,,,,,,,,,,,0.021,,,,,,,,,,,,,0.043,,,,,,,,0.021,,,,,,,0.021,"POLYGON ((-4.7799786 37.883976, -4.780507 37.8840483, -4.7819546 37.8846375, -4.7818674 37.8847437, -4.7814863 37.8850438, -4.7801973 37.8849094, -4.7798479 37.8841917, -4.7799786 37.883976))",3.0,44.42,20.73,13148.0,92.17,57.0,0.0,0.0,0.0,0.0,0.0,0.0,0.0,0.0,0.0,0.0,0.0,0.0,0.0,0.0,1.0
95,Cordoba_hdbscan_5_5,95,27,-4.779461825925926,37.88526620740741,-4.779455,37.8852213,1.0600362499991335e-06,25470827.05900111,0.0004128056208084,0.0007310844301802,0.0002594256185307,0.0003562726005052,Yes,,,,,0.222,,,0.037,,,0.148,,0.037,,0.222,,,,,,,,,,,,,,,,,,,,,,,,,,,,,,0.037,,,,,,,0.037,,0.037,,,,,,,0.037,,,0.037,,,,,,,,,,,0.037,,,,,,,,,,0.037,,,,,,,,,,,,,,,,,,,,,,,,,,,,0.037,,,,,,,,,"POLYGON ((-4.7792447 37.8847861, -4.779455 37.884787, -4.7796465 37.8847978, -4.7798072 37.884809, -4.7799136 37.8849767, -4.7799459 37.8850948, -4.7797817 37.8859236, -4.7792195 37.8857514, -4.779014 37.8853938, -4.7790168 37.8852213, -4.7792447 37.8847861))",2.0,44.42,20.73,13148.0,92.17,50.0,0.0,0.0,0.0,0.0,0.0,0.0,1.0,0.0,0.0,0.0,0.0,0.0,0.0,0.0,1.0
