,param_config,cluster_label,num_points,avg_lon,avg_lat,median_lon,median_lat,bounding_box_area,density,radius_avg,radius_max,std_lon,std_lat,has_shop,amenity_rel_restaurant,shop_rel_clothes,shop_rel_confectionery,amenity_rel_atm,amenity_rel_post_box,shop_rel_convenience,amenity_rel_school,amenity_rel_pharmacy,amenity_rel_clinic,shop_rel_agrarian,amenity_rel_cafe,amenity_rel_pub,amenity_rel_bar,shop_rel_toys,shop_rel_gas,shop_rel_truck,amenity_rel_hospital,amenity_rel_charging_station,shop_rel_vacant,shop_rel_bakery,amenity_rel_doctors,amenity_rel_taxi,amenity_rel_biergarten,shop_rel_hairdresser,shop_rel_paint,shop_rel_variety_store,shop_rel_lottery,shop_rel_tobacco,shop_rel_furniture,shop_rel_butcher,amenity_rel_library,amenity_rel_bank,amenity_rel_fast_food,shop_rel_car,shop_rel_computer,shop_rel_motorcycle,shop_rel_pet,shop_rel_beauty,shop_rel_hifi,shop_rel_electronics,shop_rel_doityourself,shop_rel_supermarket,shop_rel_grocery,shop_rel_ticket,shop_rel_hardware,amenity_rel_dentist,shop_rel_wholesale,shop_rel_kitchen,shop_rel_sports,shop_rel_car_repair,amenity_rel_veterinary,shop_rel_ice_cream,shop_rel_dry_cleaning,shop_rel_interior_decoration,shop_rel_newsagent,amenity_rel_cinema,shop_rel_florist,shop_rel_video,shop_rel_chemist,shop_rel_kiosk,shop_rel_tea,shop_rel_mobile_phone,shop_rel_shoes,shop_rel_estate_agent,shop_rel_beverages,shop_rel_pet_grooming,shop_rel_gift,shop_rel_greengrocer,shop_rel_mall,shop_rel_bicycle,shop_rel_optician,shop_rel_appliance,shop_rel_yes,shop_rel_stationery,shop_rel_books,shop_rel_cosmetics,shop_rel_outdoor,shop_rel_funeral_directors,shop_rel_bed,shop_rel_herbalist,shop_rel_general,shop_rel_travel_agency,shop_rel_fabric,amenity_rel_post_office,shop_rel_lighting,shop_rel_jetski,shop_rel_copyshop,shop_rel_second_hand,shop_rel_nutrition_supplements,amenity_rel_community_centre,shop_rel_perfumery,shop_rel_laundry,amenity_rel_college,shop_rel_car_parts,amenity_rel_parcel_locker,shop_rel_radiotechnics,shop_rel_musical_instrument,amenity_rel_language_school,shop_rel_video_games,shop_rel_jewelry,shop_rel_massage,shop_rel_games,shop_rel_sewing,shop_rel_tattoo,shop_rel_alcohol,shop_rel_outdoor;hunting,shop_rel_medical_supply,shop_rel_pawnbroker,shop_rel_tyres,amenity_rel_bureau_de_change,shop_rel_pastry,shop_rel_wine,amenity_rel_car_rental,shop_rel_watches,shop_rel_accessories,shop_rel_bookmaker,shop_rel_deli,shop_rel_erotic,amenity_rel_arts_centre,geometry,population,av_age,percent_65,pp_income,male_rate,pop_buffer,has_Mercadona,has_Burger King,has_Carrefour Express,has_McDonald's,has_Vodafone,has_Spar,has_Lidl,has_Carrefour,has_Supercor,has_Telepizza,has_Consum,has_Barclays,has_Zara,has_The Good Burger,has_KFC,has_Phone House,has_Masymas,has_100 Montaditos,has_Vips,has_ALDI,trains_metro,trains_metro_in_buffer,bus,bus_in_buffer
0,Alicante_hdbscan_5_5,0,6,-0.4778920223213961,38.16573133753895,-0.4778048499999999,38.16571265,5.676708946561005e-07,10569504.366847709,0.0002936647674226,0.000729373246331,0.0002946223399936,0.0002161340493061,No,0.833,,,,,,,,,,,,,,,,,,,,,,,,,,,,,,,,,,,,,,,,,,,,,,,,,,,,,,,,,,,,,,,,,,,,,,,,,,,,,,,,,,,,,,,,,,,,,,,,,,,,,,,,,,,,,,,,,,,,,,,"POLYGON ((-0.4776381 38.1654434, -0.478534433928377 38.166076725233694, -0.4778126 38.1659037, -0.4776381 38.1654434))",5.0,43.78,19.71,12743.0,93.19,263.0,0.0,0.0,0.0,0.0,0.0,0.0,0.0,0.0,0.0,0.0,0.0,0.0,0.0,0.0,0.0,0.0,0.0,0.0,0.0,0.0,0.0,0.0,0.0,0.0
1,Alicante_hdbscan_5_5,1,24,-0.4815202488161221,38.16630954518036,-0.4816123904591536,38.16627041662962,3.813958086997201e-06,6292675.339517336,0.000900800700181,0.0016846221784114,0.0009590479368898,0.0003044838055725,Yes,0.458,0.042,0.042,0.042,0.042,,,,,,,,,,,,,,,,,,,,,,,,,,,,,,,,,,,,,,,,,,,,,,,,,,,,,,,,,,,,,,,,,,,,,,,,,,,,,,,,,,,,,,,,,,,,,,,,,,,,,,,,,,,,,,,,,,,"POLYGON ((-0.48101965 38.16571765, -0.482379971343888 38.16605037948855, -0.482733105770409 38.16619255028753, -0.482891243921871 38.16653683718055, -0.482533210211724 38.16697415335441, -0.4815354 38.1668916, -0.480144474911213 38.166624148356384, -0.479868317394757 38.16615093561233, -0.479855869544535 38.16604917328421, -0.48101965 38.16571765))",86.0,43.78,19.71,12743.0,93.19,246.0,0.0,0.0,0.0,0.0,0.0,0.0,0.0,0.0,0.0,0.0,0.0,0.0,0.0,0.0,0.0,0.0,0.0,0.0,0.0,0.0,0.0,0.0,0.0,0.0
2,Alicante_hdbscan_5_5,2,13,-0.5736876565772957,38.40209412270196,-0.5761144632551165,38.403134058571005,0.0012581569618997,10332.574069590502,0.0119607234048525,0.0322989866165902,0.0095075056779793,0.0102098362129145,Yes,0.308,,,0.077,0.077,0.077,0.154,0.077,0.077,,,,,,,,,,,,,,,,,,,,,,,,,,,,,,,,,,,,,,,,,,,,,,,,,,,,,,,,,,,,,,,,,,,,,,,,,,,,,,,,,,,,,,,,,,,,,,,,,,,,,,,,,,,,,,,"POLYGON ((-0.562906351363878 38.3716476451659, -0.58997498475555 38.40818783100482, -0.576891060566022 38.41506442940547, -0.5609964 38.4102198, -0.5610355 38.4011922, -0.562906351363878 38.3716476451659))",21155.0,43.81,19.76,12579.07,93.39,8176.0,0.0,0.0,0.0,0.0,0.0,0.0,0.0,0.0,0.0,0.0,0.0,0.0,0.0,0.0,0.0,0.0,0.0,0.0,0.0,0.0,0.0,0.0,3.0,0.0
3,Alicante_hdbscan_5_5,3,11,-0.6112842645684617,38.34371188437296,-0.6130366,38.3443215254192,0.0001464725823703,75099.37916018856,0.0042539868166598,0.0136254460539911,0.0050049152723834,0.0020578892583288,Yes,0.091,,,,,0.182,0.091,,,0.091,0.273,0.091,0.091,,,,,,,,,,,,,,,,,,,,,,,,,,,,,,,,,,,,,,,,,,,,,,,,,,,,,,,,,,,,,,,,,,,,,,,,,,,,,,,,,,,,,,,,,,,,,,,,,,,,,,,,,,,"POLYGON ((-0.59892912323028 38.337967037753266, -0.6176179 38.3458045, -0.610139849091714 38.3443215254192, -0.59892912323028 38.337967037753266))",517.0,43.78,19.71,12743.0,93.19,3010.0,0.0,0.0,0.0,0.0,0.0,0.0,0.0,0.0,0.0,0.0,0.0,0.0,0.0,0.0,0.0,0.0,0.0,0.0,0.0,0.0,0.0,0.0,6.0,4.0
4,Alicante_hdbscan_5_5,4,12,-0.5678806693870847,38.34049187459363,-0.5676106772590837,38.3394575,0.0002211162825903,54270.08748256535,0.0049605854730125,0.0105482047441073,0.0043176220167704,0.0036131403963424,Yes,0.333,,,,,,,,,,,,,0.083,0.083,0.083,0.083,0.083,,,,,,,,,,,,,,,,,,,,,,,,,,,,,,,,,,,,,,,,,,,,,,,,,,,,,,,,,,,,,,,,,,,,,,,,,,,,,,,,,,,,,,,,,,,,,,,,,,,,,,"POLYGON ((-0.573023963293081 38.33425513051222, -0.574759114833768 38.33996782576101, -0.563469 38.3500732, -0.5607804 38.3426157, -0.5645301 38.3393795, -0.573023963293081 38.33425513051222))",3419.0,43.78,19.71,12743.0,93.19,3491.0,0.0,0.0,0.0,0.0,0.0,0.0,0.0,0.0,0.0,0.0,0.0,0.0,0.0,0.0,0.0,0.0,0.0,0.0,0.0,0.0,0.0,0.0,4.0,2.0
5,Alicante_hdbscan_5_5,5,26,-0.5210467507856362,38.28208073999385,-0.5207877000000001,38.28250415,2.3159792379998035e-05,1122635.279859197,0.0016597535588577,0.0050327586102547,0.0007630972299892,0.0020291885644729,Yes,0.308,,,,,0.038,,0.038,,,,0.038,0.192,,,,,,0.115,0.038,0.038,,,,,,,,,,,,,,,,,,,,,,,,,,,,,,,,,,,,,,,,,,,,,,,,,,,,,,,,,,,,,,,,,,,,,,,,,,,,,,,,,,,,,,,,,,,,,,,,,,,"POLYGON ((-0.5219021 38.2771212, -0.5232795 38.2777083, -0.522898220426543 38.28145203984022, -0.5208011 38.2855301, -0.5207743 38.2853985, -0.5206312 38.2827208, -0.5205253 38.2803653, -0.5219021 38.2771212))",447.0,43.78,19.71,12743.0,93.19,1432.0,0.0,0.0,0.0,0.0,0.0,0.0,0.0,0.0,0.0,0.0,0.0,0.0,0.0,0.0,0.0,0.0,0.0,0.0,0.0,0.0,0.0,0.0,2.0,3.0
6,Alicante_hdbscan_5_5,6,11,-0.5191222885764388,38.31397246612877,-0.5183264702337734,38.313556445640664,2.1016423661172676e-05,523400.1834632896,0.0021506620217852,0.0059833553535987,0.0024055057304663,0.0007301297039061,No,,,,,,,0.091,,,,,,,,,,,,,,,0.091,,,,,,,,,,,,,,,,,,,,,,,,,,,,,,,,,,,,,,,,,,,,,,,,,,,,,,,,,,,,,,,,,,,,,,,,,,,,,,,,,,,,,,,,,,,,,,,,,,"POLYGON ((-0.5169723 38.3132098, -0.520311629557511 38.31330744287749, -0.521471674217267 38.31341189972452, -0.5250734 38.3145928, -0.519020253668055 38.3157035973989, -0.516645921620859 38.3135050606175, -0.5169723 38.3132098))",396.0,43.78,19.71,12743.0,93.19,1485.0,0.0,0.0,0.0,0.0,0.0,0.0,0.0,0.0,0.0,0.0,0.0,0.0,0.0,0.0,0.0,0.0,0.0,0.0,0.0,0.0,0.0,0.0,2.0,2.0
7,Alicante_hdbscan_5_5,7,11,-0.5204378875164903,38.30378935633464,-0.5200815,38.3043756,2.319654835633814e-05,474208.4827027466,0.0020590320769707,0.0051850344736427,0.0008338667889331,0.0022041497670262,No,0.273,,,,,,,,,,0.091,,,,,,,,,,,,0.091,,,,,,,,,,,,,,,,,,,,,,,,,,,,,,,,,,,,,,,,,,,,,,,,,,,,,,,,,,,,,,,,,,,,,,,,,,,,,,,,,,,,,,,,,,,,,,,,,"POLYGON ((-0.519413574123672 38.298706506291, -0.522680500210087 38.30251633389775, -0.52111382634542 38.305389567516116, -0.520824101776825 38.30568237140931, -0.520421911152029 38.30580692660745, -0.519939642903532 38.305769244542255, -0.519413574123672 38.298706506291))",405.0,43.78,19.71,12743.0,93.19,1335.0,0.0,0.0,0.0,0.0,0.0,0.0,0.0,0.0,0.0,0.0,0.0,0.0,0.0,0.0,0.0,0.0,0.0,0.0,0.0,0.0,0.0,0.0,1.0,6.0
8,Alicante_hdbscan_5_5,8,27,-0.490557510945333,38.386990902900784,-0.490907,38.3871464,7.312627990216361e-05,369224.3067215175,0.0017314298699358,0.0063835053034273,0.0018248688893877,0.0015782751444723,Yes,0.037,,,,,,0.148,0.037,0.037,,,0.074,,,,,,,,0.037,,,,0.074,0.037,0.037,0.037,0.037,0.037,0.037,0.037,0.037,0.037,,,,,,,,,,,,,,,,,,,,,,,,,,,,,,,,,,,,,,,,,,,,,,,,,,,,,,,,,,,,,,,,,,,,,,,,,,,,,,,,,,,,,,,"POLYGON ((-0.493139366709463 38.38486748673235, -0.493036928858337 38.385408993157434, -0.491470128352551 38.39302419366039, -0.48417419479054 38.38694176201316, -0.4904319 38.384994, -0.493139366709463 38.38486748673235))",1243.0,43.78,19.71,12743.0,93.19,1954.0,0.0,0.0,0.0,0.0,0.0,0.0,0.0,0.0,0.0,0.0,0.0,0.0,0.0,0.0,0.0,0.0,0.0,0.0,0.0,0.0,0.0,0.0,6.0,1.0
9,Alicante_hdbscan_5_5,9,11,-0.4508036179887649,38.38467267499945,-0.4507499,38.3850051,5.718871636148265e-06,1923456.3564026144,0.0008385254890095,0.0022319507346383,0.0005142998986093,0.0009514092819042,Yes,0.182,,,,,0.091,,,,,,,,,,,,0.091,,,,,,,,,,,,,,,0.091,0.182,0.182,0.182,,,,,,,,,,,,,,,,,,,,,,,,,,,,,,,,,,,,,,,,,,,,,,,,,,,,,,,,,,,,,,,,,,,,,,,,,,,,,,,,,,,,"POLYGON ((-0.451702577977344 38.382629766528474, -0.451159820039853 38.385185318717056, -0.451148 38.3852379, -0.4498632 38.3857389, -0.4515252 38.3828126, -0.451702577977344 38.382629766528474))",55.0,43.78,19.71,12743.0,93.19,986.0,0.0,0.0,0.0,1.0,0.0,0.0,0.0,1.0,0.0,0.0,0.0,0.0,0.0,0.0,0.0,0.0,0.0,0.0,0.0,0.0,0.0,0.0,1.0,3.0
10,Alicante_hdbscan_5_5,10,16,-0.443956315218785,38.38841491915382,-0.4433545453316211,38.38855146252091,2.051585761879388e-05,779884.5311415568,0.0021514094418489,0.0033379204801071,0.0020272953531678,0.0012000598302964,Yes,0.125,,,,0.062,,,,,,,,0.062,,,,,,,,,,,,,,,,0.062,,,,,0.25,,,0.125,0.062,,,,,,,,,,,,,,,,,,,,,,,,,,,,,,,,,,,,,,,,,,,,,,,,,,,,,,,,,,,,,,,,,,,,,,,,,,,,,,,,,,"POLYGON ((-0.446766933668564 38.386633449134784, -0.4467958 38.3866602, -0.443413156828867 38.39015590807728, -0.4424031 38.3899504, -0.4410665 38.3892356, -0.4409715 38.3891466, -0.4410556 38.3887292, -0.446766933668564 38.386633449134784))",250.0,43.78,19.71,12743.0,93.19,1315.0,0.0,0.0,0.0,0.0,0.0,0.0,0.0,0.0,0.0,0.0,0.0,0.0,0.0,0.0,0.0,0.0,0.0,0.0,0.0,0.0,0.0,0.0,0.0,1.0
11,Alicante_hdbscan_5_5,11,10,-0.50034419,38.3775694,-0.50033815,38.377837,5.123905050002701e-06,1951636.4769473488,0.0009922896031513,0.0018862220240739,0.0005388478717597,0.0010170799889893,Yes,,,,,,,,,,,,,,,,,,,,,,,,,,,,,0.7,,,,,,,,,,0.1,0.1,0.1,,,,,,,,,,,,,,,,,,,,,,,,,,,,,,,,,,,,,,,,,,,,,,,,,,,,,,,,,,,,,,,,,,,,,,,,,,,,,,,"POLYGON ((-0.4995464 38.3758602, -0.5012217 38.3789187, -0.5009205 38.3786039, -0.5004013 38.3779832, -0.500275 38.3776908, -0.4997415 38.3764225, -0.4996554 38.3761886, -0.4995464 38.3758602))",17.0,43.78,19.71,12743.0,93.19,921.0,0.0,0.0,0.0,0.0,0.0,0.0,0.0,0.0,0.0,0.0,0.0,0.0,0.0,0.0,0.0,0.0,0.0,0.0,0.0,0.0,0.0,0.0,0.0,5.0
12,Alicante_hdbscan_5_5,12,10,-0.4545040179668375,38.37538922746575,-0.4540098622662364,38.3751511950243,1.03443836626062e-05,966708.1506410954,0.0014498613886548,0.0025750762917001,0.000861664018978,0.0013041868631418,Yes,0.3,,,,,,,,,,,,,,,,,,,,0.1,,,,,,,,,,,,0.1,0.3,,,,,,,,,,,,,,,,,,,,,,,,,,,,,,,,,,,,,,,,,,,,,,,,,,,,,,,,,,,,,,,,,,,,,,,,,,,,,,,,,,,,,,"POLYGON ((-0.4534704 38.3730307, -0.4558916680904 38.37453735488899, -0.4539698 38.377303, -0.453698118858571 38.3751215900486, -0.4534704 38.3730307))",162.0,43.78,19.71,12743.0,93.19,1190.0,0.0,0.0,0.0,0.0,0.0,0.0,0.0,0.0,0.0,0.0,0.0,0.0,0.0,1.0,0.0,0.0,0.0,0.0,0.0,0.0,0.0,0.0,0.0,2.0
13,Alicante_hdbscan_5_5,13,8,-0.4125407298347835,38.382415040250216,-0.4124919999999999,38.38205221100087,2.3567172332394265e-06,3394552.3405044214,0.0007215188123721,0.0012183468665224,0.0003679732006843,0.0007066076545834,Yes,0.375,,,,,,,,,,0.125,,0.125,,,,,,,,,,,,,,,,,,,,,,,,,0.125,,,,0.125,,,,,,,,,,,,,,,,,,,,,,,,,,,,,,,,,,,,,,,,,,,,,,,,,,,,,,,,,,,,,,,,,,,,,,,,,,,,,,"POLYGON ((-0.4124019 38.3817326, -0.413399838678268 38.38201102200173, -0.4125945 38.3836322, -0.4121592 38.3835498, -0.4122338 38.3820934, -0.4124019 38.3817326))",48.0,43.78,19.71,12743.0,93.19,685.0,0.0,0.0,0.0,0.0,0.0,0.0,0.0,0.0,0.0,0.0,1.0,0.0,0.0,0.0,0.0,0.0,0.0,0.0,0.0,0.0,0.0,0.0,0.0,7.0
14,Alicante_hdbscan_5_5,14,7,-0.4202035578845504,38.37516378463822,-0.4195226,38.374849022268464,4.570479527745211e-06,1531567.9585711574,0.0010075621579614,0.0020882153233191,0.000829587842448,0.0007508702951427,Yes,,,,,,,,,,,,,,,,,,,,,,,,0.286,,,,,,,,,0.143,,,,,,,,,,0.143,,,,,,,,,,,,,,,,,,,,,,,,,,,,,,,,,,,,,,,,,,,,,,,,,,,,,,,,,,,,,,,,,,,,,,,,,,,,,"POLYGON ((-0.4195219 38.3745647, -0.420579328786095 38.37465044564605, -0.421447683919601 38.374849022268464, -0.421322792486157 38.376926724552995, -0.4195226 38.3751877, -0.4195179 38.3751451, -0.4195127 38.3748228, -0.4195219 38.3745647))",89.0,43.78,19.71,12743.0,93.19,931.0,0.0,0.0,0.0,0.0,0.0,0.0,0.0,0.0,0.0,0.0,0.0,0.0,0.0,0.0,0.0,0.0,0.0,0.0,0.0,0.0,0.0,0.0,0.0,2.0
15,Alicante_hdbscan_5_5,15,16,-0.4405449016104312,38.36773707017174,-0.44043295,38.3680902,3.0899585574202236e-05,517806.297485046,0.0024370779299601,0.0036327996314292,0.0019762936010583,0.001724376401238,Yes,0.25,,,,,,,,,,,,,,,,,,,,,,,,,,,,,,,,,0.062,,,,,,,,0.125,,0.062,,,,,,,,,,,,,,,,,,,,,,,,,,,,,,,,,,,,,,,,,,,,,,,,,,,,,,,,,,,,,,,,,,,,,,,,,,,,"POLYGON ((-0.4379869 38.3653322, -0.4401247 38.3657462, -0.4438161 38.3693171, -0.442285281679556 38.37025110641046, -0.43948857566328 38.36987208718305, -0.437534300145362 38.36670617173002, -0.4379869 38.3653322))",568.0,43.78,19.71,12743.0,93.19,1585.0,1.0,0.0,0.0,0.0,0.0,0.0,1.0,0.0,0.0,0.0,0.0,0.0,0.0,0.0,0.0,0.0,0.0,0.0,0.0,0.0,0.0,0.0,2.0,4.0
16,Alicante_hdbscan_5_5,16,11,-0.4168612334809991,38.385284171681185,-0.4168893,38.3854977,2.3263493000001637e-06,4728438.67427786,0.0005318451689821,0.0013930541565786,0.0002723530396624,0.0005824318650264,Yes,,0.091,,,,,,,,,0.182,0.091,0.091,,,,,,,0.091,,,,0.091,,,,,,,,,,,,,,,,,,,,,0.091,,,,,,,,,,,,,,,,,,,,,,,,,,,,,,,,,,,,,,,,,,,,,,,,,,,,,,,,,,,,,,,,,,,,,,,,,,,"POLYGON ((-0.4163794 38.3839771, -0.4169244 38.3844844, -0.4174884 38.3860748, -0.4165593 38.3853097, -0.4163794 38.3839771))",28.0,43.78,19.71,12743.0,93.19,723.0,0.0,0.0,0.0,0.0,0.0,0.0,0.0,0.0,0.0,0.0,0.0,0.0,0.0,0.0,0.0,0.0,0.0,0.0,0.0,0.0,0.0,0.0,0.0,2.0
17,Alicante_hdbscan_5_5,17,6,-0.4155061,38.38322018333333,-0.41549505,38.383209949999994,9.52638400008864e-08,62982974.44176272,0.0001252598762487,0.0002347214809367,0.0001085214418137,9.843179392734451e-05,Yes,,,,,,,,,,,,,,,,,,,,,0.167,,,,,,,,,,,,,,,,,0.167,,,,,,,,0.167,,,,,,,,,,,,,,,,,,,,,,,,,,,,,,,,,,,,,,,,,,,,,,,,,,,,,,,,,,,,,,,,,,,,,,,,,,"POLYGON ((-0.4153555 38.3830842, -0.4154157 38.3831376, -0.4154694 38.3831856, -0.4156803 38.3833775, -0.415595 38.3833019, -0.4153555 38.3830842))",0.0,43.78,19.71,12743.0,93.19,493.0,0.0,0.0,0.0,0.0,0.0,0.0,0.0,0.0,0.0,0.0,0.0,0.0,0.0,0.0,0.0,0.0,0.0,0.0,0.0,0.0,0.0,0.0,0.0,1.0
18,Alicante_hdbscan_5_5,18,16,-0.5058969427886908,38.37436205339359,-0.5059498,38.37476316040069,5.4374695433075585e-05,294254.52175070683,0.002173411248122,0.0058266505404938,0.0013308238491305,0.0023208182274066,Yes,0.062,,,,,,0.062,,,,,,,,,,,,,,,,,,,,,,,,,,0.125,,,,0.062,,,,,0.125,,,,,0.125,0.062,0.062,0.062,,,,,,,,,,,,,,,,,,,,,,,,,,,,,,,,,,,,,,,,,,,,,,,,,,,,,,,,,,,,,,,,,,,,,,"POLYGON ((-0.505321857554066 38.368563852509354, -0.5090809 38.3764075, -0.5046268 38.3774585, -0.502967707151128 38.37072779615852, -0.505321857554066 38.368563852509354))",977.0,43.78,19.71,12743.0,93.19,2100.0,0.0,1.0,0.0,1.0,0.0,0.0,0.0,0.0,0.0,0.0,0.0,0.0,0.0,0.0,0.0,0.0,0.0,0.0,0.0,0.0,0.0,0.0,6.0,10.0
19,Alicante_hdbscan_5_5,19,7,-0.430354136167861,38.35862293519709,-0.4306137082248677,38.35889190536185,6.669282436590942e-06,1049588.1778217368,0.001151117725968,0.0020809260364113,0.0009760374643769,0.000774391754407,No,0.143,,,,,,0.143,,,,,,,,,,,,,,,,,,,,,,,,0.143,,,,,,,,,,,,,,,,,,,,,,,,,,,,,,,,,,,,,,,,,,,,,,,,,,,,,,,,,,,,,,,,,,,,,,,,,,,,,,,,,,,,,,,,,"POLYGON ((-0.430943971693851 38.357653863930054, -0.4316244 38.3594495, -0.430229541585686 38.35965440832854, -0.428290666221513 38.35889190536185, -0.429961765449109 38.35792773331458, -0.430943971693851 38.357653863930054))",127.0,43.78,19.71,12743.0,93.19,981.0,0.0,0.0,0.0,0.0,0.0,0.0,0.0,0.0,0.0,0.0,0.0,0.0,0.0,0.0,0.0,0.0,0.0,0.0,0.0,0.0,0.0,0.0,4.0,3.0
20,Alicante_hdbscan_5_5,20,12,-0.4215117451070668,38.359051044932706,-0.42138935,38.35903995,2.775009605312354e-06,4324309.356273123,0.0004109555672763,0.0013231107246397,0.0004225287756127,0.000402679367063,No,,,,,,,0.083,,,,0.083,,,,,,,,,,,,,,,,,,,,,,0.583,,,,,,,,,,,,,,,,,,0.083,,,,,,,,,,,,,,,,,,,,,,,,,,,,,,,,,,,,,,,,,,,,,,,,,,,,,,,,,,,,,,,,,,,,,"POLYGON ((-0.422562682156324 38.35830297383093, -0.422188359128478 38.360188065361584, -0.4212576 38.3591293, -0.4210906 38.3589099, -0.422562682156324 38.35830297383093))",43.0,43.78,19.71,12743.0,93.19,798.0,0.0,0.0,0.0,0.0,0.0,0.0,0.0,0.0,0.0,0.0,0.0,0.0,0.0,0.0,0.0,0.0,0.0,0.0,0.0,0.0,0.0,0.0,0.0,6.0
21,Alicante_hdbscan_5_5,21,8,-0.410665375,38.366960862499994,-0.41051645,38.3666561,3.161293549999018e-06,2530609.661352861,0.0008694436854225,0.0019879224248054,0.0003327517571328,0.0009325391264405,Yes,0.5,,,,,,,,,,0.125,0.125,,,,,,,,,,,,,,,,,,,,,0.125,,,,,,,,,,,,,,,,,,,0.125,,,,,,,,,,,,,,,,,,,,,,,,,,,,,,,,,,,,,,,,,,,,,,,,,,,,,,,,,,,,,,,,,,,,"POLYGON ((-0.4104744 38.3659956, -0.4115143 38.3665249, -0.410647 38.3689487, -0.4104438 38.3667873, -0.4104744 38.3659956))",54.0,43.78,19.71,12743.0,93.19,764.0,0.0,0.0,0.0,0.0,0.0,0.0,0.0,0.0,0.0,0.0,0.0,0.0,0.0,0.0,0.0,0.0,0.0,0.0,1.0,0.0,0.0,0.0,0.0,4.0
22,Alicante_hdbscan_5_5,22,9,-0.4245470117990736,38.360483968674515,-0.4245879553081588,38.36033041751065,4.473360786552531e-06,2011910.156465604,0.0009353733720803,0.0019628547485655,0.000336461929533,0.0010423039746704,No,0.222,,,,,,,,,,,,,,,,,,,,,0.111,,,,,,,,,,,,,,,,,,,,,,,,,,,,,,,,,,,,,,,,,,,,,,,,,,,,,,,,,,,,,,,,,,,,,,,,,,,,,,,,,,,,,,,,,,,,,,,,,,"POLYGON ((-0.424587955308159 38.358816161321755, -0.424850774565903 38.36033041751065, -0.424987264475302 38.36239681376627, -0.423737950040049 38.361183059506146, -0.424587955308159 38.358816161321755))",72.0,43.78,19.71,12743.0,93.19,1017.0,0.0,0.0,0.0,0.0,0.0,0.0,0.0,0.0,0.0,0.0,0.0,0.0,0.0,0.0,0.0,0.0,0.0,0.0,0.0,0.0,0.0,0.0,0.0,4.0
23,Alicante_hdbscan_5_5,23,11,-0.4168671363636363,38.37058640909091,-0.4168606,38.3705116,1.562241900003512e-07,70411630.87467615,0.0002143294296284,0.0003042780390358,0.0001858613670685,0.0001258931397832,Yes,,,,,,0.273,,0.091,,,,0.091,,,,,,,0.182,,0.091,,,0.091,,,,,,0.091,,,,,,,,,,,,,,,,,,,,,,,0.091,,,,,,,,,,,,,,,,,,,,,,,,,,,,,,,,,,,,,,,,,,,,,,,,,,,,,,,,,,,,,,,,,,,"POLYGON ((-0.4171506 38.3705059, -0.4169836 38.3707875, -0.4168606 38.3707911, -0.4166477 38.3707972, -0.4166143 38.3705127, -0.4169288 38.3705087, -0.4171506 38.3705059))",4.0,43.78,19.71,12743.0,93.19,531.0,0.0,0.0,0.0,0.0,0.0,0.0,0.0,0.0,0.0,0.0,0.0,0.0,0.0,0.0,0.0,0.0,0.0,0.0,0.0,0.0,0.0,0.0,0.0,0.0
24,Alicante_hdbscan_5_5,24,10,-0.41394532,38.368371790000005,-0.41395565,38.368449,2.0859962199979873e-06,4793872.541154292,0.0004958900409251,0.0010475707539348,0.0004731815249986,0.0003273718327826,Yes,0.2,,,,,,,,,,,0.2,,,,,,,0.1,,,,,,,0.1,,,,,,0.3,,,,,,,,,,,,,,,,,,,,,,0.1,,,,,,,,,,,,,,,,,,,,,,,,,,,,,,,,,,,,,,,,,,,,,,,,,,,,,,,,,,,,,,,,,,"POLYGON ((-0.4140362 38.3677963, -0.4149925 38.3684004, -0.414482 38.369039, -0.4133139 38.3684708, -0.4134635 38.3680565, -0.4140362 38.3677963))",39.0,43.78,19.71,12743.0,93.19,721.0,0.0,0.0,0.0,0.0,0.0,0.0,0.0,0.0,0.0,0.0,0.0,0.0,0.0,0.0,0.0,0.0,0.0,0.0,0.0,0.0,0.0,0.0,0.0,2.0
25,Alicante_hdbscan_5_5,25,6,-0.4123542166666667,38.37082293333333,-0.4123308,38.3709682,2.823057600002061e-07,21253551.468434863,0.0003049429200336,0.0008470430929905,8.049197510036574e-05,0.0003840848936831,Yes,0.167,,,,,0.167,,,,,,,,,,,,,,,,,,0.167,,,,0.167,,,,,,,,,,,,,,,,,0.167,,,,,,,,,,0.167,,,,,,,,,,,,,,,,,,,,,,,,,,,,,,,,,,,,,,,,,,,,,,,,,,,,,,,,,,,,,,,,,"POLYGON ((-0.4122761 38.3699795, -0.4125287 38.3708714, -0.4123308 38.3710971, -0.4122761 38.3699795))",4.0,43.78,19.71,12743.0,93.19,610.0,0.0,0.0,0.0,0.0,0.0,0.0,0.0,0.0,0.0,0.0,0.0,0.0,0.0,0.0,0.0,0.0,0.0,0.0,0.0,0.0,0.0,0.0,0.0,4.0
26,Alicante_hdbscan_5_5,26,7,-0.4143050142857142,38.37026614285714,-0.4144339,38.3701775,2.4890976000392266e-07,28122641.71517294,0.0002279441017043,0.0004395325624713,0.0001974283192059,0.0001505031357749,No,0.571,,,,,,,0.143,,,,,,,,,0.143,,,,,,,,,,,,,,,,,,,,,,,,,,,,,,,,,,,,,,,0.143,,,,,,,,,,,,,,,,,,,,,,,,,,,,,,,,,,,,,,,,,,,,,,,,,,,,,,,,,,,,,,,,"POLYGON ((-0.4144491 38.37011, -0.4145419 38.3704354, -0.4139587 38.3705368, -0.4141535 38.3701556, -0.4144491 38.37011))",5.0,43.78,19.71,12743.0,93.19,544.0,0.0,0.0,0.0,0.0,0.0,0.0,0.0,0.0,0.0,0.0,0.0,0.0,0.0,0.0,0.0,0.0,0.0,0.0,0.0,0.0,0.0,0.0,0.0,2.0
27,Alicante_hdbscan_5_5,27,6,-0.4350352166666666,38.36868391666667,-0.43501615,38.3687659,6.143737500047774e-07,9766042.250264345,0.000310212739577,0.0006711817939733,0.0002255754080617,0.0002782744892901,Yes,0.167,,,,,,,,,,,0.167,,,,,,,,,,,,0.333,,,,,,,,,,,,,,,,,,,,,,,,,,,,,,,,,0.167,0.167,,,,,,,,,,,,,,,,,,,,,,,,,,,,,,,,,,,,,,,,,,,,,,,,,,,,,,,,,,,,,,"POLYGON ((-0.4354502 38.3681564, -0.4351289 38.3690009, -0.4347227 38.3685288, -0.4354502 38.3681564))",8.0,43.78,19.71,12743.0,93.19,597.0,0.0,0.0,0.0,0.0,0.0,0.0,0.0,0.0,0.0,0.0,0.0,0.0,0.0,0.0,0.0,0.0,0.0,0.0,0.0,0.0,0.0,0.0,1.0,4.0
28,Alicante_hdbscan_5_5,28,6,-0.4333578666666667,38.36839346666667,-0.4333529499999999,38.36835285,9.511679999920047e-08,63080339.12043335,0.0001295479751361,0.0002887668590528,8.137546040148668e-05,0.0001319966876682,Yes,0.333,,,,,,,,,,,0.167,,,,,,,,,,,,,,,,,,,,,,,,,,,,,,,,,,,,,,,,,0.167,,,,,,0.167,0.167,,,,,,,,,,,,,,,,,,,,,,,,,,,,,,,,,,,,,,,,,,,,,,,,,,,,,,,,,,,,"POLYGON ((-0.43324 38.3682674, -0.433294 38.3682793, -0.4333301 38.3683233, -0.4333758 38.3683824, -0.4334196 38.368457, -0.4334877 38.3686514, -0.43324 38.3682674))",1.0,43.78,19.71,12743.0,93.19,501.0,0.0,0.0,0.0,0.0,0.0,0.0,0.0,0.0,0.0,0.0,0.0,0.0,0.0,0.0,0.0,0.0,0.0,0.0,0.0,0.0,0.0,0.0,0.0,2.0
29,Alicante_hdbscan_5_5,29,9,-0.4263447222222222,38.36766224444444,-0.4263188,38.3676726,8.229759999881285e-08,109359203.67215843,0.0001442331681347,0.0002794604389038,0.0001562109739905,5.3166345057996714e-05,Yes,,,,,,,,,,,0.111,,,,,,,,,,,,,0.111,,0.111,,,0.111,,,,,,,,,,,,,,,,,,,,,,,,,,,,,,,0.111,0.111,0.111,0.111,,,,,,,,,,,,,,,,,,,,,,,,,,,,,,,,,,,,,,,,,,,,,,,,,,,,,,,,,"POLYGON ((-0.4266108 38.3675768, -0.426118 38.3677438, -0.4262222 38.3677022, -0.4263834 38.3676425, -0.4265361 38.3675977, -0.4266108 38.3675768))",0.0,43.78,19.71,12743.0,93.19,498.0,0.0,0.0,0.0,0.0,0.0,0.0,0.0,0.0,0.0,0.0,0.0,0.0,0.0,0.0,0.0,0.0,0.0,0.0,0.0,0.0,0.0,0.0,0.0,2.0
30,Alicante_hdbscan_5_5,30,16,-0.41468473125,38.3709911375,-0.4145819,38.3709973,2.591772899993342e-07,61733803.914845705,0.0002137803980166,0.0004697271148037,0.000203135172726,0.0001276891336163,Yes,0.062,0.125,,,,,,,,,,0.188,,,,,,,,0.062,,,,0.062,,,0.062,,,,,,0.062,,,,,0.062,,,,,,,,0.062,,,,,,,,,,,,,,,,,,0.125,0.062,0.062,,,,,,,,,,,,,,,,,,,,,,,,,,,,,,,,,,,,,,,,,,,,,,,,,,,,,,"POLYGON ((-0.4151143 38.3708011, -0.4148912 38.3709706, -0.4145107 38.3712248, -0.4145026 38.3708339, -0.4150297 38.3708018, -0.4151143 38.3708011))",4.0,43.78,19.71,12743.0,93.19,549.0,0.0,0.0,0.0,0.0,0.0,0.0,0.0,0.0,0.0,0.0,0.0,0.0,0.0,0.0,0.0,0.0,0.0,0.0,0.0,0.0,0.0,0.0,0.0,0.0
31,Alicante_hdbscan_5_5,31,22,-0.4146216187158549,38.371957071174094,-0.41452205,38.37190955,3.54400800000448e-07,62076609.3078012,0.0002833472503851,0.0005162768247892,0.0001380901094977,0.0002756263067609,Yes,0.045,,0.045,,,,,,,,0.091,0.045,0.045,,,,,,0.045,0.045,,,,0.136,,,0.045,0.045,,,,,,,,,,,,,,0.045,,,,,,,,,,,,,,,,,,,,,0.136,0.045,,,0.045,0.045,0.045,,,,,,,,,,,,,,,,,,,,,,,,,,,,,,,,,,,,,,,,,,,,,,,,,,,"POLYGON ((-0.4146714 38.3714432, -0.4148782 38.3715959, -0.4148749 38.3717219, -0.414874 38.3717548, -0.4146474 38.3724052, -0.4145308 38.3723985, -0.4145209 38.3723302, -0.4145198 38.3722922, -0.4145098 38.3717727, -0.4146714 38.3714432))",8.0,43.78,19.71,12743.0,93.19,596.0,0.0,0.0,0.0,0.0,0.0,0.0,0.0,0.0,0.0,0.0,0.0,0.0,0.0,0.0,0.0,0.0,0.0,0.0,0.0,0.0,0.0,0.0,0.0,0.0
32,Alicante_hdbscan_5_5,32,17,-0.4869382626530811,38.37263284034512,-0.4871978,38.3726991,2.7554265596459472e-05,616964.3658433916,0.0013772238323588,0.0035861474081475,0.0009689209145726,0.001348792192002,Yes,,,,,,,0.059,0.059,,,,0.059,0.059,,,,,,,,,,,,,,,,,0.059,,0.059,0.059,,,,,,,,,0.118,,,,,,,,,,,,,,,,,,,,,,,,,,,,,,,,,,,,,,,,,,,,,,,,,,,,,,,,,,,,,,,,,,,,,,,,,,,,,,"POLYGON ((-0.487516955851096 38.36986162875466, -0.488960254329655 38.37293608087469, -0.486804572223458 38.376216494918594, -0.484624322637993 38.37342328649841, -0.48596239513887 38.37125217265371, -0.487516955851096 38.36986162875466))",481.0,43.78,19.71,12743.0,93.19,1546.0,0.0,0.0,0.0,0.0,0.0,0.0,0.0,0.0,0.0,1.0,1.0,0.0,0.0,0.0,0.0,0.0,0.0,0.0,0.0,0.0,0.0,0.0,11.0,14.0
33,Alicante_hdbscan_5_5,33,11,-0.4217724090909091,38.36774770909091,-0.4217244,38.367754,8.104382000335469e-08,135729041.3944539,0.0003080080879589,0.0007403009057635,0.0003673167556867,1.882539168019903e-05,Yes,,,,,,,,,,,0.273,,,,,,,,,,,,,0.091,,,,,,,,,,,,0.091,,0.182,,,,,0.091,,,,,,,,,,,,,,,,,,,,,,,,,,,,,,,,,,,,,,,,,,,,,,,,,,,,,,,,,,,,,,,,,,,,,,,,,,,,,"POLYGON ((-0.4225115 38.3677054, -0.4222225 38.3677448, -0.4215307 38.3677692, -0.4213475 38.3677713, -0.4212817 38.3677609, -0.4219484 38.3677257, -0.4225115 38.3677054))",1.0,43.78,19.71,12743.0,93.19,582.0,0.0,0.0,0.0,0.0,0.0,0.0,0.0,0.0,0.0,0.0,0.0,0.0,0.0,0.0,0.0,0.0,0.0,0.0,0.0,0.0,0.0,0.0,0.0,3.0
34,Alicante_hdbscan_5_5,34,20,-0.42418729,38.36746616,-0.42425625,38.367471,9.8900920000111e-07,20222258.80201878,0.0005572509988578,0.0012489555002887,0.0006329734448616,0.0001283443976188,Yes,0.05,0.05,,0.05,,,,0.05,,,0.05,0.05,,,,,,,,,0.1,,,,,,,,,,,0.05,,,,,,,,,,,,,,,,,,,,,0.05,,,,0.05,0.05,,,,,,,,,,,,0.05,0.05,0.05,0.05,,,,,,,,,,,,,,,,,,,,,,,,,,,,,,,,,,,,,,,,,,,,,,,"POLYGON ((-0.4251845 38.3672345, -0.4250854 38.3672646, -0.4249629 38.3673011, -0.4248687 38.3673253, -0.4242107 38.3674857, -0.4237804 38.3675664, -0.4235105 38.3676107, -0.4229565 38.3676784, -0.4251845 38.3672345))",3.0,43.78,19.71,12743.0,93.19,711.0,0.0,0.0,0.0,0.0,0.0,0.0,0.0,0.0,0.0,0.0,0.0,2.0,0.0,0.0,0.0,0.0,0.0,0.0,0.0,0.0,0.0,0.0,0.0,3.0
35,Alicante_hdbscan_5_5,35,13,-0.433014823076923,38.364083223076925,-0.4330232,38.3641351,7.283628000029887e-07,17848248.153182257,0.0003597699298461,0.0007888750283134,0.0001656334839515,0.0003613378754536,Yes,0.077,,,,,,,,,,0.077,0.231,,,,,,,,,0.077,,,0.077,,,,,,,,,,,,,,,,0.077,,,,,,,,,,0.077,0.077,,,,,,,,,,,,,,,,,,,,0.077,,,,,,,,,,,,,,,,,,,,,,,,,,,,,,,,,,,,,,,,,,,,,,,,,"POLYGON ((-0.4331081 38.3636206, -0.433323 38.3637881, -0.433213 38.3648468, -0.432729 38.364062, -0.4327558 38.3636827, -0.4331081 38.3636206))",15.0,43.78,19.71,12743.0,93.19,650.0,0.0,0.0,0.0,0.0,0.0,0.0,0.0,0.0,0.0,0.0,0.0,0.0,0.0,0.0,0.0,0.0,0.0,0.0,0.0,0.0,0.0,0.0,0.0,8.0
36,Alicante_hdbscan_5_5,36,6,-0.4276285962592216,38.367425636066734,-0.4276080887776647,38.3674427,1.4654365001616008e-07,40943432.20834442,0.0001688978488315,0.0003413212091949,0.0001735068283879,9.5028301621534e-05,Yes,,,,,,,,,,,0.167,,,,,,,,,,,,,0.167,,,,,,0.167,,,,,,,,,,,,,,,,,,,,,,,,,,,,,,,,,,0.167,,,,0.167,,,,,,,,,,,,,,,,,,,,,,,,,,,,,,,,,,,,,,,,,,,,,,,,,,,,"POLYGON ((-0.42756137755533 38.36727001640042, -0.427959 38.36734, -0.4274206 38.3675422, -0.42756137755533 38.36727001640042))",2.0,43.78,19.71,12743.0,93.19,516.0,0.0,0.0,0.0,0.0,0.0,0.0,0.0,0.0,0.0,0.0,0.0,0.0,0.0,0.0,0.0,0.0,0.0,0.0,0.0,0.0,0.0,0.0,0.0,2.0
37,Alicante_hdbscan_5_5,37,7,-0.4338830857142857,38.36740751428571,-0.4339871,38.3675389,2.491978499998276e-07,28090129.99110884,0.0002642309581294,0.000418219379014,0.0001676304816175,0.0002185575401758,Yes,,0.143,,,,,,,,,0.143,,,,,,,,,0.143,,,,0.143,,,,,,,,,,,,,,,,,,,,,,,,,,,0.143,,,,,,,,,,,,,0.143,,,,,,,,,,0.143,,,,,,,,,,,,,,,,,,,,,,,,,,,,,,,,,,,,,,,,,,,,,,"POLYGON ((-0.4336258 38.3670778, -0.4337621 38.3672383, -0.4339871 38.3675389, -0.4340367 38.3676065, -0.4340623 38.3676487, -0.4336258 38.3670778))",0.0,43.78,19.71,12743.0,93.19,535.0,0.0,0.0,0.0,0.0,0.0,0.0,0.0,0.0,0.0,0.0,0.0,0.0,0.0,0.0,0.0,0.0,0.0,0.0,0.0,0.0,0.0,0.0,0.0,3.0
38,Alicante_hdbscan_5_5,38,7,-0.428727339818114,38.366604680973424,-0.4287264,38.3666426,2.271714007442453e-07,30813737.89599844,0.0002123063978387,0.0003578158789761,0.0002068441072326,0.0001217377260338,Yes,,,,,,,,,0.143,,0.143,,,,,,,,,,,,,,,,,,,,,0.143,,,,,,,,,,,,,0.143,,,,,,,,,0.143,,,,,,,,,,,,,,,,,0.143,,,,,,,,,,,,,,,,,,,,,,,,,,,,,,,,,,,,,,,,,,,,,,,,,"POLYGON ((-0.428462778726798 38.366363766814004, -0.4290554 38.3665208, -0.4289624 38.3665774, -0.4285982 38.3667175, -0.4285094 38.3667471, -0.428462778726798 38.366363766814004))",4.0,43.78,19.71,12743.0,93.19,538.0,0.0,0.0,0.0,0.0,0.0,0.0,0.0,0.0,0.0,0.0,0.0,0.0,0.0,0.0,0.0,0.0,0.0,0.0,0.0,0.0,0.0,0.0,0.0,3.0
39,Alicante_hdbscan_5_5,39,8,-0.4278749375,38.366209675,-0.4278972,38.36620635,9.72512999983081e-08,82261111.16395542,0.000123509123189,0.0003096589446972,0.0001506094115377,5.167087549963952e-05,Yes,,0.375,,,,,,,,,,,,,,,,,,,,,,0.125,,0.125,,,,,,,,,0.125,,,,,,,,,,,,,,,,,,,,,,,,,,,,,,,,,,,,,,,,0.125,0.125,,,,,,,,,,,,,,,,,,,,,,,,,,,,,,,,,,,,,,,,,,,,"POLYGON ((-0.4281197 38.3661139, -0.427947 38.3661868, -0.427915 38.3662003, -0.427767 38.3662602, -0.4275767 38.366293, -0.4281197 38.3661139))",0.0,43.78,19.71,12743.0,93.19,504.0,0.0,0.0,0.0,0.0,0.0,0.0,0.0,0.0,0.0,0.0,0.0,0.0,0.0,0.0,0.0,0.0,0.0,0.0,0.0,0.0,0.0,0.0,0.0,3.0
40,Alicante_hdbscan_5_5,40,8,-0.5242487233684971,38.34433708158341,-0.5245288434739885,38.3441497,1.2009351239996513e-05,666147.5578594472,0.0014606135967405,0.0024099956888546,0.0010027488647629,0.001210743200463,Yes,0.125,,,,,,,,,,,,,,,,,0.125,,,,,,,,,,,,,,,,0.375,,,,,,,,,,,,,,,,0.125,,,,,,,,,,,,,,,,,,,,,,,,,,,0.125,0.125,,,,,,,,,,,,,,,,,,,,,,,,,,,,,,,,,,,,,,,,,,"POLYGON ((-0.5250911 38.3420791, -0.525562 38.3443393, -0.524959286947977 38.34602985266724, -0.5235352 38.3461333, -0.5225998 38.3443682, -0.5250911 38.3420791))",240.0,43.78,19.71,12743.0,93.19,1207.0,0.0,0.0,0.0,0.0,0.0,0.0,0.0,0.0,0.0,0.0,0.0,0.0,0.0,0.0,0.0,0.0,0.0,0.0,0.0,0.0,0.0,0.0,4.0,4.0
41,Alicante_hdbscan_5_5,41,10,-0.43248714,38.36570664,-0.4325238,38.36567165,7.311734499980525e-07,13676645.397923892,0.000305364011235,0.0007283693494377,0.0002891655933889,0.0002259089205838,Yes,0.1,,,,,0.1,,0.1,,,0.1,,,,,,,,,,,,,,,,,,0.1,,,0.1,,,,,,,,0.1,,,,,,,,,,,,,,,,,,,,0.1,,,,,,,,,,,,,,,,,,,0.1,,,,,,,,,,,,,,,,,,,,,,,,,,,,,,,,,,,,,,,,,"POLYGON ((-0.431826 38.365401, -0.4323644 38.3654895, -0.4324418 38.3655585, -0.4327223 38.365914, -0.4328683 38.3661025, -0.431826 38.365401))",5.0,43.78,19.71,12743.0,93.19,605.0,0.0,0.0,0.0,0.0,0.0,0.0,0.0,0.0,0.0,0.0,0.0,0.0,0.0,0.0,0.0,0.0,0.0,0.0,0.0,0.0,0.0,0.0,0.0,5.0
42,Alicante_hdbscan_5_5,42,26,-0.5141032344038553,38.32950131205121,-0.51413235,38.32935803606394,2.3310598452586676e-05,1115372.4797277737,0.0015462540139564,0.0040049531378426,0.0011713103482423,0.0013695455720155,Yes,0.077,0.038,,,0.038,,0.077,0.038,,,0.038,,,,,,,,,0.038,,,,0.038,,,,,,,,0.192,,,,,,,,,,0.077,,,,,,,,,0.038,,,,,,,,,0.038,,,,,,,,,,,,,,,,,,,,0.038,,,,,,,,,,,,,,,,,,,,,,,,,,,,,,,,,,,,,,,,"POLYGON ((-0.5137101 38.3274669, -0.5151469 38.3275218, -0.5152545 38.3276088, -0.5155052 38.3278442, -0.5156609 38.3290716, -0.515491193201283 38.331989871316445, -0.511913148445022 38.33285439617321, -0.511334103710383 38.32915351404165, -0.5137101 38.3274669))",604.0,43.78,19.71,12743.0,93.19,1576.0,0.0,0.0,0.0,0.0,0.0,0.0,0.0,0.0,0.0,0.0,0.0,0.0,0.0,0.0,0.0,0.0,0.0,0.0,0.0,1.0,0.0,0.0,8.0,14.0
43,Alicante_hdbscan_5_5,43,10,-0.5078845545678246,38.33151870316679,-0.5078811999999999,38.33138359252922,1.819505950268979e-05,549599.7415409216,0.0014973782028895,0.0035986870643464,0.0012460062968935,0.0012521772929616,Yes,0.3,,,,,,0.1,,,,0.1,,0.1,,,,,,,,,,,,,,,,,,,,,,,,,,,,,,,,,,,,,0.1,,,,,,,,,,,,,,,,,,,,,,,,,,,,,,,,,,,,,,,,,,,,,,,,,,,,,,,,,,,,,,,,,,,,,,"POLYGON ((-0.5061199 38.3300521, -0.5074714 38.3301545, -0.5082728 38.3309499, -0.5090039 38.332306, -0.51010148447235 38.33435344660942, -0.5074896 38.3319692, -0.5058714 38.3302741, -0.5061199 38.3300521))",154.0,43.78,19.71,12743.0,93.19,1131.0,0.0,0.0,0.0,0.0,0.0,0.0,0.0,0.0,0.0,0.0,0.0,0.0,0.0,0.0,0.0,0.0,0.0,0.0,0.0,0.0,0.0,0.0,1.0,8.0
44,Alicante_hdbscan_5_5,44,14,-0.4310931428571428,38.363013821428574,-0.43112815,38.3629843,7.09763999998457e-07,19724866.29362779,0.0002988981751256,0.0007010095134912,0.0001840686856051,0.0002824046038138,Yes,0.143,0.143,,,,,,0.071,,,0.071,,,,,,,,,0.071,,,,0.071,,,,,,,,,,,0.143,,,,,,,,,,,,,,,,,,,,,,,0.071,,,,,,,,,,,,,,,,,,,,,,,0.071,0.071,0.071,,,,,,,,,,,,,,,,,,,,,,,,,,,,,,,,,,,,,"POLYGON ((-0.4311952 38.3626438, -0.4314512 38.3626861, -0.4312824 38.3636888, -0.4310484 38.3634069, -0.430772 38.3630252, -0.4311302 38.362657, -0.4311952 38.3626438))",13.0,43.78,19.71,12743.0,93.19,625.0,0.0,0.0,0.0,0.0,0.0,0.0,0.0,0.0,0.0,0.0,0.0,0.0,0.0,0.0,0.0,0.0,0.0,0.0,0.0,0.0,0.0,0.0,0.0,4.0
45,Alicante_hdbscan_5_5,45,13,-0.4314831692307692,38.3642593,-0.4314956,38.3642024,2.643657399993634e-07,49174299.2115064,0.0002485490067795,0.0004960393619831,0.0001001931011337,0.0002597761669652,Yes,0.231,,,,,,,,,,,,,,,,,,,,,,,,,,,,,,,0.154,,,,,,,,,,,,,,,,,0.077,0.077,,,,,,,,,0.077,,,0.231,,0.077,,,,,,,,,,,,,,,,,,0.077,,,,,,,,,,,,,,,,,,,,,,,,,,,,,,,,,,,,,,"POLYGON ((-0.4313517 38.363781, -0.431594 38.3641019, -0.4316188 38.3641485, -0.4316152 38.3642024, -0.4313375 38.3647208, -0.4313517 38.363781))",5.0,43.78,19.71,12743.0,93.19,585.0,0.0,0.0,0.0,0.0,1.0,0.0,0.0,0.0,0.0,0.0,0.0,0.0,0.0,0.0,0.0,0.0,0.0,0.0,0.0,0.0,0.0,0.0,0.0,5.0
46,Alicante_hdbscan_5_5,46,11,-0.4653991018754614,38.36994914612485,-0.465327,38.3697676,8.794950600058799e-06,1250717.6560976317,0.0011068185616213,0.0028226886401721,0.0011812163318894,0.0005464888692719,Yes,0.182,,,,,,,,,,,,,,,,,,,,,,,,,,,,0.091,,,,0.273,,,,,,,0.091,,0.091,,,,,,,,,,,,0.091,,,,,,,,,,,,,,,0.091,,,,,,,,,,,,,,,,,,,,,,,,,,,,,,,,,,,,,,,,,,,,,,,,,,,"POLYGON ((-0.465655870478962 38.368953379488474, -0.46821439165473 38.36974490455684, -0.4660362 38.3709541, -0.4654153 38.3707392, -0.4648196 38.3704174, -0.4638185 38.3696377, -0.465655870478962 38.368953379488474))",155.0,43.78,19.71,12743.0,93.19,1052.0,0.0,1.0,0.0,1.0,0.0,0.0,0.0,0.0,0.0,0.0,0.0,0.0,0.0,0.0,1.0,0.0,0.0,0.0,0.0,0.0,0.0,0.0,1.0,3.0
47,Alicante_hdbscan_5_5,47,14,-0.4930704496020311,38.37473974373115,-0.4927588977458956,38.374899563132445,2.771719876622421e-05,505101.5478901933,0.002019255750248,0.0035494291351914,0.0015558479345605,0.0014573142081195,Yes,0.071,,,,,,0.143,0.071,0.143,,,,,,,,,,,,,,,0.071,,,,,,,,,,,,,,,,,,,,,,,,,,,,,,,,,,,,,,,,,,,,,,,,,,,,,,,,,,,,,,,,,,,,,,,,,,,,,,,,,,,,,,,,,,,,,,,,"POLYGON ((-0.493461085700116 38.37121187601472, -0.495696368693395 38.37574211074601, -0.494957402052858 38.37712259572143, -0.493053718488399 38.376617925231315, -0.491031576292187 38.37520596452665, -0.491007058399295 38.37496432626488, -0.491956966398941 38.37303577374834, -0.493461085700116 38.37121187601472))",507.0,43.78,19.71,12743.0,93.19,1548.0,0.0,0.0,0.0,0.0,0.0,0.0,0.0,0.0,0.0,0.0,0.0,0.0,0.0,0.0,0.0,0.0,0.0,0.0,0.0,0.0,0.0,0.0,8.0,7.0
48,Alicante_hdbscan_5_5,48,12,-0.5028230865322613,38.354139472491546,-0.50282315,38.3542152,9.15652776365688e-06,1310540.4482722292,0.0009650703657998,0.0026866715196892,0.00059684426505,0.0010894814319704,Yes,0.083,0.083,,,,,0.083,,,,,,,0.083,,,,,,,0.083,,,,,0.083,,,,,,,0.083,,,,,,,,,0.25,,,,,,,0.083,,,,,,,,,,,,,,,,,,,,,,,,0.083,,,,,,,,,,,,,,,,,,,,,,,,,,,,,,,,,,,,,,,,,,,,,,,"POLYGON ((-0.502003002121904 38.35158102268461, -0.5041209 38.3533066, -0.5030845 38.3555793, -0.501982136265231 38.355862247213906, -0.502003002121904 38.35158102268461))",190.0,43.78,19.71,12743.0,93.19,1200.0,1.0,1.0,0.0,0.0,0.0,0.0,1.0,0.0,1.0,0.0,0.0,0.0,0.0,0.0,0.0,0.0,0.0,0.0,0.0,0.0,0.0,0.0,3.0,9.0
49,Alicante_hdbscan_5_5,49,8,-0.4996253907529728,38.36822633402644,-0.4997404500880775,38.36830799322156,7.449077420162228e-06,1073958.498316396,0.0010026201634876,0.0022325437898089,0.0005518895523285,0.0011235524426584,No,,,,,,,0.125,,,,0.125,,,,,,,,,,,,,,,,,,,,,,,,,,,,,,,,,,,,,,,,,,,,,,,,,,,,,,,,,,,,,,,,,,,,,,,,,0.125,,,,,,,,,,,,,,,,,,,,,,,,,,,,,,,,,,,,"POLYGON ((-0.5001909 38.3660666, -0.5000122 38.3699975, -0.498295894423624 38.367281375359816, -0.5001909 38.3660666))",121.0,43.78,19.71,12743.0,93.19,1114.0,0.0,0.0,0.0,0.0,0.0,0.0,0.0,0.0,0.0,0.0,0.0,0.0,0.0,0.0,0.0,0.0,0.0,0.0,0.0,0.0,0.0,0.0,1.0,6.0
50,Alicante_hdbscan_5_5,50,13,-0.5022614359000879,38.34902123364351,-0.5029554112490757,38.3488394205451,1.3177048290887215e-05,986563.8884385318,0.0016500807573862,0.002637640581995,0.0015436387874685,0.0008082403973494,Yes,,,,,,,0.308,,0.077,,0.077,,,,,,,,,,,,,,,,,,,,,0.077,,,0.077,,,,,,,,,,,,,,0.077,,,,,,,,,,,,,,,,,,,,,,,,,,,,,,,,,,,,,,,,,,,,,,,,,,,,,,,,,,,,,,,,,,,,,,,"POLYGON ((-0.5002442 38.347911, -0.501893588757764 38.348181082374225, -0.5043036 38.3486381, -0.5041866 38.349592, -0.503445101126453 38.35084719329981, -0.500365762545628 38.34954161162083, -0.4998158 38.3480333, -0.5002442 38.347911))",265.0,43.78,19.71,12743.0,93.19,1223.0,0.0,0.0,0.0,0.0,0.0,0.0,0.0,0.0,0.0,0.0,0.0,0.0,0.0,0.0,0.0,0.0,0.0,0.0,0.0,0.0,0.0,0.0,4.0,10.0
51,Alicante_hdbscan_5_5,51,7,-0.4574266010555256,38.37068014916828,-0.4574630671194075,38.3709929,9.592703900012015e-07,7297212.624264606,0.0007507105209435,0.0012770608042099,0.0001723677514362,0.0008175017160112,Yes,0.286,,,,,,,,,,,,,,,,,0.143,,,,,,,,,,,,,,,0.143,,,,,,,,,,,,,,,,,,,,,,,,,,,,,,,,,,,,,,,,0.143,,,,,,,,,,,,0.143,,,,,,,,,,,,,,,,,,,,,,,,,,,,,,,,,,,"POLYGON ((-0.4574946 38.3694049, -0.4576825 38.371442, -0.45725555 38.3713453, -0.4572116 38.3712826, -0.457463067119407 38.369439881825116, -0.4574946 38.3694049))",17.0,43.78,19.71,12743.0,93.19,767.0,0.0,0.0,0.0,0.0,0.0,0.0,0.0,0.0,0.0,0.0,0.0,0.0,0.0,0.0,1.0,0.0,0.0,0.0,0.0,0.0,0.0,0.0,1.0,2.0
52,Alicante_hdbscan_5_5,52,68,-0.4962615017769675,38.363007085981,-0.4961825625391031,38.36323934646962,5.6181180466156785e-05,1210369.7258722216,0.0023983936811917,0.005323939825757,0.0018628867090895,0.0018329911946162,Yes,0.015,,,,,0.015,0.044,0.029,0.015,,0.088,,0.029,,,,,,,0.044,,,,0.059,,0.015,0.015,,,0.015,,0.044,,,,,,,,0.015,,0.074,,,,,,,,0.015,,,,,,,,,,,,,,,0.044,,,0.015,,,,,,,,,,,,,,,,0.029,,0.029,0.015,0.015,0.015,0.015,,,,,,,,,,,,,,,,,,,,,,,,,,,,,,"POLYGON ((-0.4993635 38.3586802, -0.500047943207501 38.36051417473606, -0.500214558438615 38.36229718036186, -0.499365410059654 38.36429526344331, -0.4961097 38.3664097, -0.4939062 38.3663146, -0.4930007 38.3638551, -0.492946147743721 38.36249758546697, -0.4948802 38.359581, -0.49795475 38.3587583, -0.4993635 38.3586802))",1387.0,43.78,19.71,12743.0,93.19,2100.0,1.0,0.0,0.0,0.0,0.0,0.0,0.0,0.0,0.0,0.0,1.0,0.0,0.0,0.0,0.0,0.0,0.0,0.0,0.0,1.0,0.0,0.0,19.0,16.0
53,Alicante_hdbscan_5_5,53,14,-0.5177628688234773,38.34194082314821,-0.5178076077981995,38.34184965,2.920738710935776e-06,4793307.921582119,0.0005366499417128,0.0014343060317524,0.0003742116525922,0.0005127762458581,Yes,0.071,,,,,,,,,,,,,,,,,,,,,0.071,,,,,0.071,,,,,,0.071,,,,,,,,,0.286,,,,,,,,0.071,,,,,,0.071,,,,,,0.071,,,,,,,0.071,,,,,,,,,,,,,,,,,,,,,,0.071,,,,,,,,,,,,,,,,,,,,,,,,,,,,,"POLYGON ((-0.5179142 38.3413167, -0.518045206320106 38.34140227339467, -0.5182257 38.3418625, -0.5182482 38.3419986, -0.517818415596399 38.34337405318862, -0.516828541612178 38.34155079749155, -0.5179142 38.3413167))",51.0,43.78,19.71,12743.0,93.19,819.0,1.0,0.0,0.0,1.0,0.0,0.0,0.0,3.0,0.0,0.0,0.0,0.0,0.0,0.0,0.0,1.0,0.0,0.0,0.0,0.0,0.0,0.0,0.0,6.0
54,Alicante_hdbscan_5_5,54,33,-0.5151067979278673,38.34268357324736,-0.5148805,38.3432328,1.8279197192915655e-05,1805330.926283217,0.0015597316871786,0.003007577927244,0.0010500519420341,0.0013327387195081,Yes,0.03,0.03,0.03,,,,0.061,0.061,,,0.061,0.03,0.182,,,,,,,0.03,,,,0.03,,,,,,,,0.061,,0.03,,0.03,,,,,,0.03,,,,,,,,0.091,,,,,,,,,,,,,,,,,,0.03,,,,,,,,,,,,,,,,,,,,,,,,0.03,0.03,,,,,,,,,,,,,,,,,,,,,,,,,,,"POLYGON ((-0.514324592904794 38.34006111932799, -0.515369031117786 38.34048818236036, -0.5176356 38.3439547, -0.5164328 38.3441853, -0.5158419 38.3442309, -0.5141718 38.3433554, -0.513251868904591 38.34031613511574, -0.514324592904794 38.34006111932799))",331.0,43.78,19.71,12743.0,93.19,1342.0,0.0,0.0,0.0,0.0,0.0,0.0,1.0,0.0,0.0,0.0,0.0,0.0,0.0,0.0,0.0,0.0,0.0,0.0,0.0,0.0,0.0,0.0,6.0,15.0
55,Alicante_hdbscan_5_5,55,21,-0.4620728024497557,38.363600074652254,-0.461908291072836,38.36369678663725,1.915691413200784e-05,1096209.9561177597,0.0014700071972451,0.0030854588003352,0.0013362756577037,0.0009756911227886,Yes,0.286,,,,,,0.095,,0.286,,0.048,,,,,,0.048,,,,,,,,,,,,,,,,0.048,,,,,,,,,,,,,,,,,0.095,,,,,,,,,,,,,,,,,,,,,,,,,,,,,,,,,,,,,,,,,,,,,,,,,,,,,,,,,,,,,,,,,,,,,,"POLYGON ((-0.46106086619018 38.36134095901075, -0.4650551 38.3628089, -0.463927705994008 38.36397747415422, -0.4601243 38.3651811, -0.460066503439193 38.36517845367885, -0.46106086619018 38.36134095901075))",335.0,43.78,19.71,12743.0,93.19,1363.0,0.0,1.0,0.0,0.0,0.0,0.0,0.0,0.0,0.0,0.0,0.0,0.0,0.0,0.0,0.0,0.0,0.0,0.0,0.0,0.0,0.0,0.0,2.0,8.0
56,Alicante_hdbscan_5_5,56,7,-0.4942326972456933,38.35530884791399,-0.4937016045002416,38.35573612303568,1.1751785856365516e-05,595654.1487018634,0.0014795609623334,0.0027876437559193,0.0011361241413401,0.0011460039453982,Yes,,0.143,,,,,0.143,,,,,,,,,,,,,,,,,,,,,,,,,,,,,,,,,,,,,,,,,,,,,,,,,,,,,,,,,,,,,,,,,,,,,,,,,,,,,,,,,,,,,,,,,,,,,,,,,,,,,,,,,,,,,,,,,"POLYGON ((-0.496380252919721 38.35353150092005, -0.495062900171096 38.35577218846256, -0.4935985 38.3570137, -0.493005435573976 38.35618863726574, -0.493111678500971 38.355736123035676, -0.493701604500242 38.35496736953289, -0.494768509053847 38.353952416181, -0.496380252919721 38.35353150092005))",162.0,43.78,19.71,12743.0,93.19,1132.0,0.0,0.0,0.0,0.0,0.0,0.0,0.0,0.0,0.0,0.0,0.0,0.0,0.0,0.0,0.0,0.0,0.0,0.0,0.0,0.0,0.0,0.0,2.0,3.0
57,Alicante_hdbscan_5_5,57,13,-0.5081735369121176,38.337590915440195,-0.5082786,38.3378654,6.669265763372443e-06,1949240.060487003,0.0009162396675243,0.0023157804246037,0.000568227222701,0.0009242511389756,Yes,0.308,,,,,,0.077,0.077,,,0.077,,,,,,,,,,,,,,,0.077,,,,,,,,,,,,,,,,,,,,,,,,,,,,,,,0.154,,,,,,,,,,,,,,,,,,0.077,,,,,,,,,,,,,,,,,,,,,,,,,,,,,,,,,,,,,,,,,,,,,"POLYGON ((-0.508524 38.3363308, -0.5088397 38.3363319, -0.50910227985753 38.33971230072258, -0.5076316 38.3379377, -0.50713 38.3364538, -0.508524 38.3363308))",120.0,43.78,19.71,12743.0,93.19,1076.0,0.0,0.0,0.0,0.0,0.0,0.0,0.0,0.0,0.0,0.0,0.0,0.0,0.0,0.0,0.0,0.0,0.0,0.0,0.0,0.0,0.0,0.0,1.0,10.0
58,Alicante_hdbscan_5_5,58,11,-0.4841403709443346,38.36409477375373,-0.4842004,38.36393789908078,6.758638302115564e-06,1627546.7791428964,0.0008092979186617,0.0018992528253355,0.0007240594748006,0.0006836758476157,Yes,0.273,,,,,0.091,,0.091,,,,0.091,,,,,,,,,,,,,,,0.091,,,,,,,,,,,,,,,,,,,,,,,,,,,,,,,,,,,,,,,,,,,,,,,,,,,,,,,,,,,,,,,,,,,,,,,,,,,,,,,,,,,,,,,,,,,,,"POLYGON ((-0.483442 38.362866, -0.4845753 38.3637914, -0.484911137282144 38.36507446173554, -0.484883090223603 38.36540347473391, -0.482247607982014 38.36393789908078, -0.483442 38.362866))",105.0,43.78,19.71,12743.0,93.19,961.0,0.0,0.0,0.0,0.0,0.0,0.0,0.0,0.0,0.0,0.0,0.0,0.0,0.0,0.0,0.0,0.0,0.0,0.0,0.0,0.0,0.0,0.0,1.0,10.0
59,Alicante_hdbscan_5_5,59,19,-0.5116378327082076,38.348033491869394,-0.5117185,38.3480984,7.103462436074914e-06,2674751.9496279103,0.0012352330736496,0.0024013266290423,0.0012836747144159,0.0004143613821757,Yes,0.105,0.053,,,0.053,0.053,0.053,0.053,,,0.053,,0.053,,,,,,,,,,,,,,,,,,,0.053,,,0.053,,,,,,,0.105,,,,,,,,,0.053,,,,,,,,,,,,,,,,,,,,,,,,,,,,,,,,,,,,,,,0.053,,,,0.053,0.053,,,,,,,,,,,,,,,,,,,,,,,,,"POLYGON ((-0.513098770077817 38.346950695938915, -0.514023551378127 38.347760149579685, -0.5130132 38.3485204, -0.5109869 38.3483548, -0.5100011 38.3482612, -0.5094982 38.3480021, -0.513098770077817 38.346950695938915))",130.0,43.78,19.71,12743.0,93.19,1052.0,0.0,0.0,0.0,0.0,0.0,0.0,0.0,0.0,0.0,0.0,0.0,0.0,0.0,0.0,0.0,0.0,0.0,0.0,0.0,0.0,0.0,0.0,3.0,3.0
60,Alicante_hdbscan_5_5,60,25,-0.4764359411707615,38.355037289942835,-0.4761736743329201,38.355019724810305,2.462779432203539e-05,1015113.2364148252,0.0017984376590146,0.0039303909701707,0.0009989625402067,0.0016814624481409,Yes,0.04,,,0.04,,,,0.04,0.16,,0.12,,,,,,0.04,,,0.04,,0.04,,,,,,,,,,,,,,,,,,,,0.08,,,,,,,,,0.04,,,,,,,,0.04,,,,,,,,,,,,,,,,,,,,,,,,,,,,,,,,,,,,,0.04,,,,,,,,,,,,,,,,,,,,,,,,"POLYGON ((-0.47617367433292 38.35261337418786, -0.4771382 38.3526616, -0.477717 38.3535518, -0.478394375562217 38.35564851570005, -0.4777002 38.3568583, -0.4768778 38.3572754, -0.4736965 38.3578557, -0.475275307215865 38.35417509579623, -0.47617367433292 38.35261337418786))",476.0,43.78,19.71,12743.0,93.19,1521.0,1.0,0.0,0.0,0.0,0.0,1.0,0.0,0.0,0.0,0.0,0.0,0.0,0.0,0.0,0.0,0.0,0.0,0.0,0.0,0.0,0.0,0.0,8.0,21.0
61,Alicante_hdbscan_5_5,61,8,-0.4723993021185526,38.35883001763834,-0.4718662463926785,38.35881990841507,3.9384795312190334e-06,2031240.720330429,0.0010809984248346,0.0023176446733812,0.0011800042881806,0.000371048142548,Yes,,,,,,,,0.125,,,,,,,,,,,,,,,,,,,,,,,,,,,,,,,,,,0.125,,,,,,,,,,,,,,,,,,0.25,,,,,,,,,,,,,,,,,,,,,,,,,,,,,,,,,,,,,,,,,,,,,,,,,,,,,,,,,,,,"POLYGON ((-0.4738591 38.3583163, -0.474647390440146 38.35939355621765, -0.471840292785357 38.35927281099834, -0.470991361849458 38.35863419642669, -0.471631809934242 38.358340460633926, -0.4738591 38.3583163))",95.0,43.78,19.71,12743.0,93.19,948.0,0.0,0.0,0.0,0.0,0.0,0.0,1.0,0.0,0.0,0.0,0.0,0.0,0.0,0.0,0.0,0.0,0.0,0.0,0.0,0.0,0.0,0.0,2.0,8.0
62,Alicante_hdbscan_5_5,62,12,-0.5056057589568219,38.34184961355947,-0.50556415,38.34197973136036,9.395360736737476e-06,1277226.105122067,0.0011419210727717,0.0020531125448087,0.000730373652037,0.0010153439561915,Yes,,,,,,,,,,,0.167,,,,,,,,,,,,,0.083,,,,,,,0.083,,,,,,,,,,,,,,,,,,,0.083,,,,,,,,,,,,,,,,,,,,,,,,,,,,,,,,,,,,,,,,,,,,,,,,,,,,,,,,,,,,,,,,,,,,,,"POLYGON ((-0.505996200582224 38.34008907328967, -0.507269973203999 38.340647256681855, -0.504956934236762 38.34365735437541, -0.504636951726436 38.342652725338176, -0.504728306172477 38.342290362720725, -0.505996200582224 38.34008907328967))",127.0,43.78,19.71,12743.0,93.19,1084.0,0.0,0.0,0.0,0.0,0.0,0.0,0.0,0.0,0.0,0.0,0.0,0.0,0.0,0.0,0.0,0.0,0.0,0.0,0.0,0.0,0.0,0.0,0.0,18.0
63,Alicante_hdbscan_5_5,63,5,-0.5116948926210068,38.34427439381205,-0.5118128,38.34432097821225,3.20174019523583e-06,1561650.7571226328,0.0008226732138048,0.0014822393944007,0.0008080632421426,0.0004407919248958,Yes,,,,,,,,0.2,,,,,0.2,,,,,,,,,,,,,,,,,,,,,,,0.2,,,,,,,,,,,,,,,,,,,,,,,,,,,,,,,,,,,,,,0.2,,,,,,,,,,,,,,,,,,,,,,,,,,,,,,,,,,,,,,,,,,,,,,"POLYGON ((-0.510343570353589 38.343665327516895, -0.5127736 38.3444084, -0.5118128 38.3449829, -0.510343570353589 38.343665327516895))",35.0,43.78,19.71,12743.0,93.19,798.0,0.0,0.0,0.0,0.0,0.0,0.0,0.0,0.0,0.0,0.0,0.0,0.0,0.0,0.0,0.0,0.0,0.0,0.0,0.0,0.0,0.0,0.0,1.0,10.0
64,Alicante_hdbscan_5_5,64,17,-0.5086480020654127,38.34411941147215,-0.5086902,38.3442007,5.677920080001774e-06,2994054.1184923984,0.000789909740493,0.0015587226020944,0.0006855542208287,0.0005483933924237,Yes,0.059,,,,,,,0.059,,,,,0.059,0.059,,,,,,,,,,,,,,,,,,0.235,0.059,,,,,,,,,0.118,,,,,,,,,,,,,,,,,,,,,,,,,,0.059,,,,,,,,,,,,,,,,0.059,,,,,,,,,,,,,0.059,,,,,,,,,,,,,,,,,,,,,,,"POLYGON ((-0.508860835112017 38.343156195026616, -0.5097687 38.3432968, -0.5097401 38.3437495, -0.5094249 38.3453151, -0.5071387 38.3445088, -0.5080511 38.3435892, -0.508860835112017 38.343156195026616))",114.0,43.78,19.71,12743.0,93.19,945.0,1.0,0.0,0.0,0.0,0.0,0.0,0.0,0.0,0.0,1.0,0.0,0.0,0.0,0.0,0.0,0.0,0.0,0.0,0.0,0.0,0.0,0.0,3.0,11.0
65,Alicante_hdbscan_5_5,65,9,-0.4895358728238459,38.36232443670185,-0.4896287,38.3622727,5.203496472995907e-06,1729606.2458591927,0.0008155828208328,0.0014571915535681,0.0008197159688084,0.0005503963928905,No,0.111,,,,,,0.111,0.111,,,0.111,0.111,0.111,,,,,,,,,,,,,,,,,,,,0.222,,,,,,,,,,,,,,,,,,,,,,,,,,,,,,,,,,,,,,,,,,,,,,,,,,,,,,,,,,,,,,,,,,,,,,,,,,,,,,,,,,,,,,,"POLYGON ((-0.4897453 38.3610927, -0.490757397690921 38.36198619054483, -0.4905824 38.3630359, -0.488421857723693 38.36299763977179, -0.4880796 38.3622727, -0.4897453 38.3610927))",117.0,43.78,19.71,12743.0,93.19,931.0,0.0,0.0,0.0,0.0,0.0,0.0,0.0,0.0,0.0,0.0,0.0,0.0,0.0,0.0,0.0,0.0,0.0,0.0,0.0,0.0,0.0,0.0,0.0,10.0
66,Alicante_hdbscan_5_5,66,8,-0.4891873429269724,38.358853923809605,-0.4889974,38.35868094523843,3.239157600008288e-06,2469777.9447284476,0.0007934312287995,0.0017192283926427,0.0006908212808557,0.0005398881319529,Yes,,,,,,,,,,,,,0.125,0.125,,,,,,,,,,0.125,,,,,,0.125,,,,,,,,,,,,0.25,,,,,,,,,,,,,,,,,0.125,,,,,,,,,,,,,,,,,,,,,,,,,,,,,,,,,,,,,,,,,,,,,,,,,,,,,,,,,,,,,"POLYGON ((-0.4889442 38.3581441, -0.490715 38.3596426, -0.4890506 38.3595073, -0.4885799 38.3586017, -0.4885534 38.3583133, -0.4889442 38.3581441))",49.0,43.78,19.71,12743.0,93.19,815.0,1.0,0.0,0.0,0.0,0.0,0.0,0.0,0.0,0.0,0.0,0.0,0.0,0.0,0.0,0.0,0.0,0.0,0.0,0.0,0.0,0.0,0.0,0.0,8.0
67,Alicante_hdbscan_5_5,67,7,-0.4773954070032699,38.34877651855658,-0.4776011,38.3489012,3.380111673295188e-06,2070937.494552028,0.0007261401741117,0.0017232878373984,0.0006273194260144,0.0005791464620159,Yes,,,,,,,,0.143,,,0.143,,,,,,,,,,,,,,,,,,,,,,,,,,,,,,,,,,,,,,,,,,,,,,,,,0.143,,,,,,,0.143,,,,,,,,,,,,,,,,,,,,,,,,,,,,,,,,,,,,,,,,,,,,,,,,,,,,,"POLYGON ((-0.4763202 38.3474298, -0.478138651353332 38.34886594832046, -0.478142531243558 38.349284628360785, -0.477625966425999 38.349143253214855, -0.4770924 38.3489012, -0.476847 38.3486995, -0.4763202 38.3474298))",38.0,43.78,19.71,12743.0,93.19,750.0,0.0,0.0,0.0,0.0,0.0,0.0,0.0,0.0,0.0,0.0,0.0,0.0,0.0,0.0,0.0,0.0,0.0,0.0,0.0,0.0,0.0,0.0,0.0,2.0
68,Alicante_hdbscan_5_5,68,18,-0.474519469980089,38.34937377845464,-0.4744077,38.348875,7.847949381463848e-06,2293592.7750138636,0.0012406933891214,0.0025213064664506,0.0005840667259635,0.0012505055168071,Yes,0.222,,,,0.056,0.056,,,,,0.056,,0.111,,,,,,,0.056,,,,,,,,,,,,,,,,,,,,,,0.056,,,,,,,,,,,,0.056,,,,,,,,,,,,,,,,,,0.056,,,,,,,,,,,,,,,,,,,,,,,,,,,,,,,,,,,,,,,,,,,,,,,,"POLYGON ((-0.4756635 38.3479441, -0.474632387852688 38.35189255511243, -0.4736759 38.3510705, -0.4738951 38.34807475, -0.4756635 38.3479441))",166.0,43.78,19.71,12743.0,93.19,994.0,0.0,0.0,0.0,0.0,0.0,0.0,0.0,0.0,0.0,0.0,0.0,0.0,0.0,0.0,0.0,0.0,0.0,0.0,0.0,0.0,0.0,0.0,0.0,14.0
69,Alicante_hdbscan_5_5,69,12,-0.4677352238377257,38.363434686252255,-0.4673184999999999,38.36314095625789,7.83544052090617e-06,1531502.915245434,0.001055258228632,0.002776802043032,0.0008435512288394,0.0009033638472367,Yes,0.083,,,,,,,,,,0.083,0.167,,,,,,,,,,,,0.083,,,,,,,,,,,,,,,,,0.083,,,,,,,,,,,,,,,,,,,,,,,,,,,,,0.083,,,,,0.083,,,,,,,,,,,,,,,,,,,,,,,0.083,,,,,,,,,,,,,,,,,,,,,,"POLYGON ((-0.4669233 38.362547, -0.467404 38.362757, -0.4678684 38.3632175, -0.4681039 38.3634596, -0.469126347779896 38.36452899950987, -0.469527974093968 38.36555522300151, -0.4670211 38.3636295, -0.4669233 38.362547))",76.0,43.78,19.71,12743.0,93.19,1014.0,0.0,0.0,0.0,0.0,0.0,0.0,0.0,0.0,0.0,0.0,0.0,0.0,0.0,0.0,0.0,0.0,0.0,0.0,0.0,0.0,0.0,0.0,0.0,6.0
70,Alicante_hdbscan_5_5,70,24,-0.4699936726383385,38.36687769971146,-0.46968315,38.36695435,5.511404472081115e-06,4354606.910375708,0.0008115959761395,0.0017190643336772,0.0007405376082162,0.0004760908404074,Yes,0.125,0.125,,,,,,,,,,,,,,,,,,0.042,,0.042,,0.042,,,,,,,,0.125,0.083,,,,,,,,,0.042,,,,0.083,,,,,,,,,,,,,,,,0.042,,,,,,,0.042,,,,,,,0.042,,,,,,,,,,,,,,,,,,,,,,,0.042,,,,,,,,,,,,,,,,,,,,,"POLYGON ((-0.4709949 38.3654803, -0.4715768 38.3669443, -0.470917853352389 38.36766085691024, -0.470164433932405 38.367601870512885, -0.46904927850024 38.36711061643259, -0.46922037753509 38.36610614921923, -0.4709949 38.3654803))",125.0,43.78,19.71,12743.0,93.19,936.0,0.0,1.0,0.0,0.0,0.0,0.0,0.0,1.0,0.0,1.0,0.0,0.0,0.0,0.0,0.0,1.0,0.0,1.0,0.0,0.0,0.0,0.0,1.0,7.0
71,Alicante_hdbscan_5_5,71,15,-0.5034017489789158,38.34426496581148,-0.5034768,38.3443837,2.8718773737485585e-06,5223064.235650507,0.0006908470237418,0.0013352504562885,0.0004029871227733,0.0006813000870456,Yes,,,,,,,,0.067,,,0.2,0.067,,,,,,,,0.133,,,,0.067,,,,0.067,,,,,,,,,,,,,,,,,,,,,,,,,,,,,,,,,,,,,,,,0.067,,,,,,,,,,,,,,,,,,,,,,,,,,,,,,,,,,,,,,,,,,,,,,,,,,,,"POLYGON ((-0.5030747 38.343073, -0.5039255 38.3448165, -0.5039147 38.3450219, -0.5038873 38.3450852, -0.5036467 38.3451733, -0.502558134683738 38.34433138717231, -0.5026758 38.3431443, -0.5030747 38.343073))",52.0,43.78,19.71,12743.0,93.19,821.0,0.0,0.0,0.0,0.0,0.0,0.0,0.0,0.0,0.0,0.0,0.0,0.0,0.0,0.0,0.0,0.0,0.0,0.0,0.0,0.0,0.0,0.0,2.0,10.0
72,Alicante_hdbscan_5_5,72,9,-0.4972722268008494,38.34822745951595,-0.4972564,38.3480307,1.6703737425036578e-06,5388015.730246246,0.0004891533599453,0.0011443283869389,0.0003361068330797,0.0004447115668065,Yes,,,,,,,,0.111,,,0.111,,,,,,,,,0.111,,,,,,,,,,0.111,,,,,,,,,,,,,,,,,,,,,,,,,,,,,,,,,,,,,,0.111,,,,,,,,,,,,,,,,,,,,,,,,0.111,,,,,,,,0.111,,,,,,,,,,,,,,,,,,,,"POLYGON ((-0.4969221 38.3478496, -0.4972564 38.3478759, -0.4979772 38.3482815, -0.497609241207644 38.349321035643506, -0.496842 38.3480563, -0.4969221 38.3478496))",27.0,43.78,19.71,12743.0,93.19,714.0,0.0,0.0,0.0,0.0,0.0,0.0,0.0,0.0,0.0,0.0,0.0,0.0,0.0,0.0,0.0,0.0,0.0,0.0,0.0,0.0,0.0,0.0,0.0,7.0
73,Alicante_hdbscan_5_5,73,14,-0.4732347724542417,38.362801687197255,-0.47337415,38.36272345,3.418057499103944e-06,4095893.648269566,0.0006994601299706,0.0011200664142177,0.0006332889536788,0.0004791650738286,Yes,0.071,,,,,0.071,,0.071,,,0.071,,0.071,,,,,,,,,,,,,,,,,,,0.143,,,,,,,,,,,,,,,,,,,,,,,,,,,,0.071,,,,,,,,,,,0.071,,,,,,,,,,,,,,,,,,,,,,,,,,,,,,,,,,,,,,,,,,,,,,,,,"POLYGON ((-0.4740986 38.3620887, -0.474162221251911 38.36319929162292, -0.473463385736142 38.36386912884874, -0.472394880612485 38.36342291451779, -0.472242426758847 38.36250048577205, -0.4723379 38.3623184, -0.4740986 38.3620887))",85.0,43.78,19.71,12743.0,93.19,852.0,0.0,0.0,0.0,0.0,0.0,0.0,0.0,0.0,0.0,0.0,0.0,0.0,0.0,0.0,0.0,0.0,0.0,0.0,0.0,0.0,0.0,0.0,0.0,7.0
74,Alicante_hdbscan_5_5,74,7,-0.4787992857142856,38.35880447142857,-0.479005,38.3588175,7.240630399999248e-07,9667666.505945018,0.0005688846236522,0.0010382562990178,0.0006158654941939,0.0001197244659835,Yes,0.143,,,,,,,,,,0.143,,,,,,,,,0.143,,0.143,,,,,,,,,,,,,,,,,,0.143,,,,,,,,,,,0.143,,,,,,,,,,,,,,,,,,,,0.143,,,,,,,,,,,,,,,,,,,,,,,,,,,,,,,,,,,,,,,,,,,,,,,,,"POLYGON ((-0.4781891 38.3585641, -0.4798249 38.358966, -0.4780233 38.3588175, -0.4781891 38.3585641))",8.0,43.78,19.71,12743.0,93.19,668.0,0.0,0.0,0.0,0.0,0.0,0.0,0.0,0.0,0.0,0.0,0.0,0.0,0.0,0.0,0.0,0.0,0.0,0.0,0.0,0.0,0.0,0.0,0.0,7.0
75,Alicante_hdbscan_5_5,75,18,-0.4772209392246444,38.361723251591144,-0.4776141,38.3615118,7.559895763262932e-06,2380985.20980546,0.0011121414345121,0.0026016611102373,0.0010685878415109,0.0007074285881294,Yes,0.167,,,,,,,0.056,,,,,0.056,,,,,,,,,,,0.167,,,0.056,,,,,0.056,0.056,,,,,,,,,,,,,,,,,,,,,,,,,,,,,,,,,,,,,0.056,,,,0.056,,,,,,,,,,,,,,,,,,,,,,,,0.056,,,,,,,,,,,,,,,,,,,,,,"POLYGON ((-0.4781959 38.3607448, -0.4785196 38.3627466, -0.4778909 38.3625459, -0.4767586 38.3620791, -0.474743051012461 38.360930338897056, -0.4751578 38.3607566, -0.4781959 38.3607448))",138.0,43.78,19.71,12743.0,93.19,1068.0,0.0,0.0,0.0,0.0,0.0,0.0,0.0,0.0,0.0,1.0,0.0,0.0,0.0,0.0,0.0,0.0,0.0,0.0,0.0,0.0,0.0,0.0,1.0,10.0
76,Alicante_hdbscan_5_5,76,41,-0.4969290155905956,38.35105104187928,-0.4970583,38.3511524,5.751016556467712e-06,7129174.398548819,0.0008276246295068,0.0016730868645095,0.0006483142241863,0.0007017498145013,Yes,0.049,0.024,,,,0.073,0.024,0.024,,,0.024,,,,,,,,,0.024,,,,0.049,,,,0.024,0.024,0.049,,0.073,0.049,,0.024,,,,,0.049,,0.024,,,,0.049,,,,,0.024,,0.024,,,,,,0.024,0.024,,,0.024,0.024,,,,0.024,,,,,,,,,,,,,0.024,0.024,0.024,,,,,,,,,,,,,,,,,,0.024,0.024,,,,,,,,,,,,,,,,,,"POLYGON ((-0.495966 38.3498671, -0.498000545869229 38.35048469242982, -0.497847 38.3524498, -0.495972193345195 38.35174262462082, -0.4957738 38.3499424, -0.495966 38.3498671))",133.0,43.78,19.71,12743.0,93.19,992.0,1.0,0.0,0.0,0.0,0.0,0.0,0.0,0.0,0.0,0.0,0.0,0.0,0.0,0.0,0.0,0.0,0.0,0.0,0.0,0.0,0.0,0.0,4.0,3.0
77,Alicante_hdbscan_5_5,77,9,-0.4852855333333333,38.35488548888888,-0.4852867,38.3547623,7.513794000005666e-08,119779701.1735112,0.0003165969054728,0.00074685515115,1.729213051586525e-05,0.0003973388490796,Yes,,,,,,0.111,,0.111,,,,,,,,,,,,0.111,,,,,,,,0.111,,,,,,,,,,,,0.111,,,,,,,,,,,,,,,,,,,,,,0.111,,,,,,0.111,,,,,,,,,,,,,,,0.111,,,,,,,,,,,,,,,,,,,,0.111,,,,,,,,,,,,,,,,,"POLYGON ((-0.4852543 38.3543921, -0.4852706 38.354534, -0.48528 38.3546203, -0.4852867 38.3547086, -0.4853149 38.3554984, -0.4853082 38.355632, -0.4852776 38.354949, -0.4852543 38.3543921))",1.0,43.78,19.71,12743.0,93.19,623.0,0.0,0.0,0.0,0.0,0.0,0.0,0.0,0.0,0.0,0.0,0.0,0.0,0.0,0.0,0.0,0.0,0.0,0.0,0.0,0.0,0.0,0.0,0.0,6.0
78,Alicante_hdbscan_5_5,78,6,-0.4856233420918117,38.35701188601041,-0.48559825,38.3570014,5.769730302411926e-07,10399099.586148445,0.0003587233169585,0.0007344720577928,0.0001482386646907,0.0003947189489716,Yes,0.167,,,,,,,,,,0.167,,,,,,,,,,,,,,,,,,,,,,,,,,,,,,,,,,,,,,,,,,,,,,,,,,,,,,,,,,,,,,,,,,,,,,,,,,,,,,,,,,,,,,,,,,,,,0.167,,,,,,,,,,,,,,,,"POLYGON ((-0.4855751 38.356279, -0.4858437 38.3570057, -0.48575235255087 38.35750321606247, -0.4856049 38.3573897, -0.4853724 38.3568966, -0.4855751 38.356279))",10.0,43.78,19.71,12743.0,93.19,631.0,0.0,0.0,0.0,0.0,0.0,0.0,0.0,0.0,0.0,0.0,0.0,0.0,0.0,0.0,0.0,0.0,0.0,0.0,0.0,0.0,0.0,0.0,1.0,5.0
79,Alicante_hdbscan_5_5,79,10,-0.4852342420758738,38.35941167723467,-0.48512955,38.3595173,1.2767542456044842e-06,7832360.874794242,0.0004888008473121,0.0007990630398968,0.000474759725794,0.0002513700140498,Yes,0.1,,,,,,,,0.1,,,0.1,,,,,,,,0.1,,,,,,,,,,0.1,,0.2,0.2,,,,,,,,,,,,,,,,,,,,,,,,,,,,,,,,,,,,,,,,,,,,,,,,,,,,,,,,,,,,,,,,,,,,,,,,,,,,,,,,,,,,,,,"POLYGON ((-0.485493620758738 38.35882107234672, -0.4859398 38.3591865, -0.4860311 38.359471, -0.4854329 38.3596419, -0.4852277 38.3596482, -0.4844875 38.3595223, -0.485493620758738 38.35882107234672))",23.0,43.78,19.71,12743.0,93.19,672.0,0.0,0.0,0.0,0.0,0.0,0.0,0.0,0.0,0.0,0.0,0.0,0.0,0.0,0.0,0.0,0.0,0.0,0.0,0.0,0.0,0.0,0.0,1.0,9.0
80,Alicante_hdbscan_5_5,80,7,-0.5022704196435007,38.34102285956851,-0.5022593,38.34105561697952,6.911774953087485e-07,10127644.559481936,0.0003912128847052,0.0005499471071362,0.0002359446552382,0.0003390734032006,Yes,0.143,,,,,,,0.143,,,,,,,,,,,,,,0.143,,,,,,,,,,,,,,,,,,,,0.143,,,,,,,,,,,,,,,,,,0.143,,,,,,,,,,,,,,,,,,,,,,,,,,,,0.286,,,,,,,,,,,,,,,,,,,,,,,,,,,,,,,,"POLYGON ((-0.5021731 38.3406001, -0.502674837504504 38.341055616979524, -0.5022768 38.3414697, -0.5020966 38.3415012, -0.5019078 38.3406094, -0.5021731 38.3406001))",13.0,43.78,19.71,12743.0,93.19,616.0,0.0,0.0,0.0,0.0,0.0,0.0,0.0,0.0,0.0,0.0,0.0,0.0,0.0,0.0,0.0,0.0,0.0,0.0,0.0,0.0,0.0,0.0,0.0,10.0
81,Alicante_hdbscan_5_5,81,21,-0.4806509090077431,38.360932903997735,-0.4804225,38.3608515,3.6835449600027232e-06,5701029.912224683,0.0007199928638679,0.0015964171120061,0.0006722311344104,0.0004071850831584,Yes,0.048,,,,,0.048,0.048,0.048,,,0.095,,,0.048,,,,,,,,,,0.095,,,,,0.048,0.095,,,,,,,,,,,,0.143,,,,,,,,,0.048,,,,,,,,,,,,0.095,,,,,,,,,,,,,,,,,,,,,,,,0.048,,,,,0.048,,,,,,,,,,,,,,,,,,,,,,,,,,,,"POLYGON ((-0.482056 38.3601751, -0.4817488 38.3608515, -0.4814658 38.3611632, -0.4802513 38.3617135, -0.4796616 38.3611331, -0.4800036 38.360362, -0.482056 38.3601751))",74.0,43.78,19.71,12743.0,93.19,846.0,1.0,0.0,0.0,0.0,0.0,1.0,0.0,0.0,0.0,0.0,0.0,0.0,0.0,0.0,0.0,0.0,0.0,0.0,0.0,0.0,0.0,0.0,0.0,9.0
82,Alicante_hdbscan_5_5,82,8,-0.4833423375,38.359405575,-0.4833689,38.35934505,2.3465950000117057e-07,34091950.25115154,0.0002173052314484,0.0004423371672501,0.0002160154851943,0.0001158441059133,Yes,0.5,,,,,,,,,,,,,,,,,,,,,,,,,,,,,,,,0.125,,,,,,,,,,,,,,,,,0.125,,,,,,,,,,,,,,,,,,0.125,,,,,,,,,,,,,,,,,,,,,,,,,,,,,,,,,,,,,,,,,,,,,,,,,,,,"POLYGON ((-0.4833692 38.3592448, -0.4835423 38.359343, -0.4836347 38.3595432, -0.4831337 38.3595678, -0.4829082 38.3593208, -0.4833692 38.3592448))",5.0,43.78,19.71,12743.0,93.19,544.0,0.0,0.0,0.0,0.0,0.0,0.0,0.0,0.0,0.0,0.0,0.0,0.0,0.0,0.0,0.0,0.0,0.0,0.0,0.0,0.0,0.0,0.0,0.0,8.0
83,Alicante_hdbscan_5_5,83,8,-0.482049425,38.359397762499995,-0.48203025,38.35938405,2.751465500013022e-07,29075414.538042136,0.000214406484584,0.0003206675412805,0.0001924255684024,0.0001401618701496,Yes,0.5,0.125,,,,,,,,,,,,,,,,,,0.125,,,,,,,,,,,,,,,,,,,,,,,,,,,,,,,,,,,,,,,,,,,,,,,,,,,,,,0.125,,,,,,,,,,,,,,,,,,,,,,,,,,,,,,,,,,,,,,,,,,,,,,"POLYGON ((-0.4821192 38.3591127, -0.4823688 38.359369, -0.4818843 38.3595908, -0.4817933 38.3595883, -0.4818747 38.3593858, -0.4821192 38.3591127))",4.0,43.78,19.71,12743.0,93.19,539.0,0.0,0.0,0.0,0.0,0.0,0.0,0.0,0.0,0.0,0.0,0.0,0.0,0.0,0.0,0.0,0.0,0.0,0.0,0.0,0.0,0.0,0.0,0.0,4.0
84,Alicante_hdbscan_5_5,84,5,-0.4962704843785164,38.33999308817191,-0.496218421892582,38.3398987,5.808528339701206e-07,8608032.375128608,0.000359231311633,0.0004715356233107,0.0002177107108307,0.0003087844635068,No,,,,,,,,0.2,,,,,,,,,,,,,,,,,,,,,,,,,,,,,,,,,,,,,,,,,,,,,,,,,,,,,,,,,,,,,,,,,,,,,,,,,,,,,,,,,,0.2,,,,,,,,,,,,,,,,,,,,,,,,,,,,,,"POLYGON ((-0.4961384 38.3395473, -0.4966746 38.3398757, -0.496218421892582 38.340461740859524, -0.4960394 38.3398987, -0.4961384 38.3395473))",10.0,43.78,19.71,12743.0,93.19,599.0,0.0,0.0,0.0,0.0,0.0,0.0,0.0,0.0,0.0,0.0,0.0,0.0,0.0,0.0,0.0,0.0,0.0,0.0,0.0,0.0,0.0,0.0,0.0,5.0
85,Alicante_hdbscan_5_5,85,21,-0.4987658113638561,38.3410112471826,-0.4986458,38.3410723,5.061499470006816e-06,4148968.1317642657,0.00085373927098,0.0016423592067156,0.0007434706155847,0.0005287858679779,Yes,0.048,,,0.048,0.048,0.048,0.048,0.048,,,0.048,,,,,,,,,,,0.048,,0.048,,,,,,,,0.238,,,0.048,,,,,,,0.048,,,,,,,,,,,,,,,,,,0.095,,,,,,,,,,,,,,,,,,,,,,,,,,,,,,,,,,,,,,,,,,,,,0.048,,,,,,,,,,,,,,,"POLYGON ((-0.4997953 38.3397316, -0.4999051 38.3405532, -0.4993545 38.3416325, -0.4984421 38.3417827, -0.4979918 38.3416346, -0.4974374 38.3407213, -0.4997953 38.3397316))",102.0,43.78,19.71,12743.0,93.19,910.0,1.0,0.0,0.0,0.0,0.0,0.0,0.0,0.0,0.0,0.0,0.0,0.0,0.0,0.0,0.0,0.0,0.0,0.0,0.0,0.0,0.0,0.0,0.0,7.0
86,Alicante_hdbscan_5_5,86,11,-0.4861635910579993,38.35224049132123,-0.4861873,38.3522221,1.0853413319140393e-06,10135060.44278356,0.0004399744952108,0.0007781078611893,0.0002962535297927,0.0003738898384873,Yes,,,,,,,0.091,,,,,,,,,,,,,0.091,,,,,,,,,,,,0.182,,,,,,0.091,,,,,,,,,,,,,0.091,,,,,,,,,,,,,,,,,,,,0.182,,,,0.091,,,,,,,,,,,,,,,,,,,,,,,,,,,,,,,0.091,,,,,,,,,,,,,,"POLYGON ((-0.4864996 38.3517596, -0.486647101637992 38.35193780453359, -0.4865881 38.3522221, -0.4862624 38.3530123, -0.4857807 38.352389, -0.4858554 38.3518609, -0.4858748 38.3517641, -0.4864996 38.3517596))",24.0,43.78,19.71,12743.0,93.19,677.0,0.0,0.0,0.0,0.0,0.0,0.0,0.0,0.0,0.0,0.0,0.0,0.0,0.0,0.0,0.0,0.0,0.0,0.0,0.0,0.0,0.0,0.0,1.0,14.0
87,Alicante_hdbscan_5_5,87,12,-0.4889233047927582,38.34106057788413,-0.488971035410588,38.34112985,7.751640599933855e-07,15480593.875962716,0.0004245304578902,0.0005829133182292,0.0003805109201751,0.0002161782751244,Yes,0.083,,,,,,,0.083,,,0.083,,,,,,,,,0.083,,,,,,,,,,,,,,,,,,,,0.083,,0.167,,,,,,,,,,,,,,,,,,,,,,,,,,,,,,,,,,,,,,,,,,,,,,0.167,,,,0.083,,,,,,,,,,,,,,,0.083,0.083,,,,,,,,,,,,"POLYGON ((-0.4891385 38.340622, -0.4892517 38.3407676, -0.4895045 38.3411053, -0.4892416 38.3412331, -0.4890228 38.3413274, -0.4885114 38.3412753, -0.4884056 38.3411544, -0.4884276 38.3409065, -0.4891385 38.340622))",17.0,43.78,19.71,12743.0,93.19,610.0,0.0,0.0,0.0,0.0,0.0,0.0,0.0,0.0,0.0,0.0,0.0,0.0,0.0,0.0,0.0,0.0,0.0,0.0,0.0,0.0,0.0,0.0,0.0,4.0
88,Alicante_hdbscan_5_5,88,20,-0.4932788496713415,38.34074175129162,-0.49325425,38.341079449999995,2.7792578255350593e-06,7196165.759162565,0.0006272635760762,0.0012329901916315,0.0003475313451258,0.0005847977077539,Yes,0.15,,,,0.05,,,,,,,,0.05,,,,,,,,0.05,,,,,,,,0.05,,,0.15,,,,,,0.05,,,,,,,,0.05,,,,,,,,,,,,,,,,,,,,,,,,,,,,,,,,,,,,0.05,,,,,,,,,,,,,,,,,,,,,,,,,,,,,,,,,,,,,,"POLYGON ((-0.4933153 38.3395093, -0.4937049 38.339674, -0.493902131441552 38.34061599676356, -0.493514 38.3410905, -0.493099381308578 38.341402771816895, -0.4927577 38.3414555, -0.492474088164635 38.341206589200354, -0.4933153 38.3395093))",52.0,43.78,19.71,12743.0,93.19,797.0,0.0,0.0,0.0,0.0,0.0,0.0,0.0,0.0,0.0,0.0,0.0,0.0,0.0,0.0,0.0,0.0,0.0,0.0,0.0,0.0,0.0,0.0,3.0,10.0
89,Alicante_hdbscan_5_5,89,6,-0.4886169273976612,38.34939569328706,-0.4886542321929839,38.34937147986116,2.522906400003107e-07,23782095.126448657,0.0002546149203904,0.0004576260226611,0.0001284861192539,0.0002498158335442,Yes,,,,,0.167,0.167,,,,,,,,,,,,,,,,,,,,,,,,,,,0.167,,,,,,,,,,,,,,,,,,,,,,,,0.167,,,,,,,,,,,,,,,,,,,,,,,,,,,,,,,,,,,,,,,,,0.167,,,,,,,,,,,,,,,,,,,,,,"POLYGON ((-0.4887525 38.3490974, -0.488746 38.3495505, -0.4884847 38.3498338, -0.4884099 38.3493091, -0.4886332 38.3491495, -0.4887525 38.3490974))",5.0,43.78,19.71,12743.0,93.19,562.0,0.0,0.0,0.0,0.0,0.0,0.0,0.0,0.0,0.0,0.0,0.0,0.0,0.0,0.0,0.0,0.0,0.0,0.0,0.0,0.0,0.0,0.0,0.0,7.0
90,Alicante_hdbscan_5_5,90,27,-0.4874626297974555,38.35061885307626,-0.4875417,38.3505188,2.530857270008239e-06,10668321.884430924,0.0006466507621059,0.0011646220798476,0.0005969346531774,0.0003614056148411,Yes,0.296,,,,,,0.074,,,,,0.074,0.037,,,,,,,0.037,,,,,,,,0.037,,,,,0.074,,,0.037,,,,,,0.037,,,,,,,0.037,0.037,0.074,,,,0.037,,,,,,,,,,,,,,,,,,,,0.037,,,,,,,,,,,,,,,,,,,,,,,,,,,,,,,,,,,,,,,,,,,,,"POLYGON ((-0.4877859 38.3500454, -0.4881854 38.3503078, -0.4883224 38.3509524, -0.488289 38.3510227, -0.4879753 38.3513147, -0.487492698605195 38.35129506732795, -0.4872419 38.3511357, -0.4864783 38.3506348, -0.4863285 38.3503541, -0.4869523 38.3501091, -0.4877859 38.3500454))",58.0,43.78,19.71,12743.0,93.19,774.0,0.0,0.0,0.0,0.0,0.0,0.0,0.0,0.0,0.0,0.0,0.0,0.0,0.0,0.0,0.0,0.0,0.0,0.0,0.0,0.0,0.0,0.0,0.0,14.0
91,Alicante_hdbscan_5_5,91,5,-0.4954241,38.3430469,-0.4953907,38.3430756,1.9598732999951698e-07,25511853.240780026,0.0003268363448818,0.0005689243622838,0.0003536397093087,7.220936227418744e-05,No,,,,,,,,,,,,,,,,,,,,,,,,,,,,,,,,0.2,,,,,,,,,,,,,,,,,,,,,,,,,,,,,,,,,,,,,,,,,,,,,,,,,,,,,,,,,,,,,,,,,,0.2,,,,,,,,,,,,,,,,,,,,,,"POLYGON ((-0.4953907 38.3429199, -0.4959923 38.3430756, -0.4950717 38.3431278, -0.4950496 38.3430208, -0.4953907 38.3429199))",4.0,43.78,19.71,12743.0,93.19,557.0,0.0,0.0,0.0,0.0,0.0,0.0,0.0,0.0,0.0,0.0,0.0,0.0,0.0,0.0,0.0,0.0,0.0,0.0,0.0,0.0,0.0,0.0,0.0,13.0
92,Alicante_hdbscan_5_5,92,31,-0.4975324062116115,38.342890373781955,-0.4974285,38.3428617,2.910504338532083e-06,10651075.000848442,0.0006687384597601,0.0020337516365259,0.0007765102434878,0.0002435423113678,Yes,0.032,,,,,,,0.032,,,0.226,,,,,,,,,,,,,0.097,,,0.032,0.032,,,,0.097,,,,,,,,0.032,,0.097,,,,0.032,,,,,,,,,,,,,,,,,,,,,,,,0.032,,,,,,,,,,,,,,,0.032,,,,,,,0.032,,,,,,,,0.065,,,,,,,,,0.032,,,,,,,,,,,"POLYGON ((-0.4978558 38.3424491, -0.4989008 38.3426357, -0.499564192559954 38.34280098724067, -0.4972836 38.3432865, -0.496274 38.3433337, -0.4968508 38.3428617, -0.4974285 38.3424567, -0.4978558 38.3424491))",49.0,43.78,19.71,12743.0,93.19,866.0,0.0,0.0,0.0,0.0,0.0,0.0,0.0,0.0,0.0,0.0,0.0,0.0,0.0,0.0,0.0,0.0,2.0,0.0,0.0,0.0,0.0,1.0,1.0,10.0
93,Alicante_hdbscan_5_5,93,6,-0.4941553037173499,38.34283272255481,-0.4941556,38.34283985,3.716896248754334e-07,16142500.620002016,0.0002570865139476,0.0005969435164554,0.0001266968487069,0.0003042970884112,Yes,0.167,0.333,,,,,,,,,,,,,,,,,,,,,,,,,,,,,,0.167,,,,,,,,,,,,,,,,,,,,,,,,,,,,,,,,,,,,,,,,,,,,,,,,,,,,,,,,,,,,,,,,,,,,,,,,,,,,,,,,,,,,,,,,"POLYGON ((-0.4941313 38.3424623, -0.494396722304099 38.34256043532887, -0.4940354 38.3434175, -0.4940076 38.3428764, -0.4941313 38.3424623))",6.0,43.78,19.71,12743.0,93.19,594.0,0.0,0.0,0.0,0.0,0.0,0.0,0.0,0.0,0.0,0.0,0.0,0.0,0.0,0.0,0.0,0.0,0.0,0.0,0.0,0.0,0.0,0.0,0.0,18.0
94,Alicante_hdbscan_5_5,94,6,-0.4807423333333333,38.34492838333333,-0.4807279,38.34495565,1.3146119999998404e-07,45640843.07765887,0.0001551067468615,0.0004042056836831,6.700601133893321e-05,0.0001964309498413,Yes,,,,0.167,,0.167,,,,,0.167,,,,,,,,,,,,,,,0.167,,,,,,,,,,,,,,,,,,,,,,,,,,,,,,,,,,,,,,,,,,,,,,,,,,,,,,,,,,,,,,,,,,,,,,,,,,,,,,,,,,,,,,,,,,,,,,"POLYGON ((-0.4806637 38.3445319, -0.4808704 38.3451679, -0.4807721 38.3450486, -0.480692 38.3449106, -0.4806637 38.3445319))",1.0,43.78,19.71,12743.0,93.19,494.0,0.0,0.0,0.0,0.0,0.0,0.0,0.0,1.0,0.0,0.0,0.0,0.0,0.0,0.0,0.0,0.0,0.0,0.0,0.0,0.0,0.0,0.0,0.0,5.0
95,Alicante_hdbscan_5_5,95,11,-0.4911505545454545,38.3453646,-0.4912135,38.345518,1.078801470000472e-06,10196500.75189014,0.0004059251088069,0.0006616519232408,0.0002439716017886,0.0003616880323246,Yes,0.091,,,,,,,,,,,0.182,,,,,,,,,,,,,,0.091,,,0.182,,,0.182,,,,,,,,,,,,,,,,,,,,,,,,,,,,,,0.091,,,,,,,,,,,,,,,,,,,,,,,,,,,,,0.091,,,,,,,,,,,,,,,,,,,,,,,,,,,,,"POLYGON ((-0.4912727 38.3448203, -0.4915462 38.345518, -0.491403 38.3459762, -0.4906129 38.3454602, -0.4908502 38.3448298, -0.4912727 38.3448203))",22.0,43.78,19.71,12743.0,93.19,663.0,0.0,0.0,0.0,0.0,0.0,0.0,0.0,0.0,0.0,0.0,0.0,0.0,0.0,0.0,0.0,0.0,0.0,0.0,0.0,0.0,0.0,1.0,0.0,17.0
96,Alicante_hdbscan_5_5,96,16,-0.48692636875,38.3487982125,-0.48692015,38.34869685,9.767638999989196e-07,16380621.7654212,0.0004044322007684,0.0007727007020087,0.0001928865104107,0.0003888869724527,Yes,0.5,,,,,,,0.062,,,0.125,0.062,,,,,,,,,,,,,,,,,,,,,0.062,,,,,,,,,,,,,,,,,,,,,,,,,,,,,,,,,,,,,,,,,,,,,,,,,,,,,,,,,,,0.062,,,,,,,,,,,,,,,,,,,,,,,,,,,,"POLYGON ((-0.4870183 38.348031, -0.4873262 38.3484039, -0.486919 38.3492501, -0.4867714 38.349374, -0.4865989 38.3490958, -0.4867423 38.3484541, -0.4870183 38.348031))",17.0,43.78,19.71,12743.0,93.19,660.0,0.0,0.0,0.0,0.0,0.0,0.0,0.0,0.0,0.0,0.0,0.0,0.0,0.0,0.0,0.0,0.0,0.0,0.0,0.0,0.0,0.0,1.0,0.0,18.0
97,Alicante_hdbscan_5_5,97,11,-0.4880737,38.342280290909095,-0.4881384,38.3422901,7.262137499996691e-07,15147055.53289925,0.000308173020886,0.0007070443030247,0.0001800576877256,0.0002974519807065,Yes,0.273,,,,,,,,,,0.091,0.182,0.091,,,,,,,,,,,,,,,,,,,0.182,,,,,,,,,,,,,,,,,,,,,,,,,,,,0.091,,,,,,,,,,,,,,,,,,,,,,,,,,,,,,,,,,,,,,,,,,,,,,,,,,0.091,,,,,,,,,,"POLYGON ((-0.4879078 38.3418128, -0.4881764 38.3421612, -0.4882779 38.342305, -0.4883048 38.342354, -0.4882036 38.3429753, -0.4876801 38.3422901, -0.4879078 38.3418128))",12.0,43.78,19.71,12743.0,93.19,628.0,0.0,0.0,0.0,0.0,0.0,0.0,0.0,0.0,0.0,0.0,0.0,0.0,0.0,0.0,0.0,0.0,0.0,0.0,0.0,0.0,0.0,0.0,0.0,7.0
98,Alicante_hdbscan_5_5,98,51,-0.4862376901040091,38.34344248950783,-0.4863639,38.3434702,5.971109550013099e-06,8541126.163040858,0.0011052462394621,0.0021276593782294,0.0011668007644659,0.0003441748738552,Yes,0.275,0.078,0.02,,0.02,0.02,,0.02,,,0.078,0.078,0.02,,,,,,,0.02,,0.02,,0.02,,,,,,,,0.02,0.039,,,,,,,,,,,,,,,,,,,,,,,,,,,0.039,,,,,,,,,,,,,,,,,,,,,,,,0.02,,,,,,,,,,,,,,,,0.02,,,,,0.02,,,,,,0.02,0.02,,,,,,,,"POLYGON ((-0.4868895 38.3426267, -0.488351 38.3431958, -0.4880711 38.3434761, -0.4859207 38.3438767, -0.484789 38.344054, -0.4841675 38.3431315, -0.4844752 38.3430255, -0.484782 38.3429525, -0.4868895 38.3426267))",119.0,43.78,19.71,12743.0,93.19,881.0,0.0,0.0,0.0,0.0,0.0,0.0,0.0,1.0,0.0,0.0,0.0,0.0,0.0,0.0,0.0,0.0,0.0,0.0,0.0,0.0,0.0,0.0,0.0,18.0
99,Alicante_hdbscan_5_5,99,29,-0.4897433275862069,38.34609140689655,-0.4898295,38.3461809,1.7003886000002514e-06,17054924.974206317,0.0005517593388333,0.0009314905208669,0.0003077475307574,0.0005015057134689,Yes,0.138,0.069,,,,,,0.034,,,0.069,0.034,,,,,,,,,0.069,,,,,,,,0.069,,,0.069,0.034,,,,,,,0.034,,,,,,,,,0.034,,,,,,,0.034,,,0.069,0.034,,0.103,,,,,,,,,0.034,,,,,,,,,,,0.034,,,,,,,,,,,,,,,,,,,,,,,,,,,,,,,,,,,,,,"POLYGON ((-0.4898454 38.3452777, -0.4899943 38.3454604, -0.4900475 38.3455386, -0.4900968 38.3456666, -0.4902467 38.3464711, -0.4891122 38.3467765, -0.4893824 38.3455661, -0.4896813 38.3453335, -0.4898454 38.3452777))",36.0,43.78,19.71,12743.0,93.19,732.0,0.0,0.0,0.0,0.0,2.0,0.0,0.0,0.0,0.0,0.0,0.0,0.0,0.0,0.0,0.0,0.0,0.0,0.0,0.0,0.0,0.0,1.0,1.0,19.0
100,Alicante_hdbscan_5_5,100,9,-0.4863431,38.34512377777778,-0.4862883,38.345109,4.5219335999790273e-07,19902990.172261138,0.0002317621181133,0.0005217437317323,0.0001950518221738,0.0001812802543492,Yes,0.444,,,,,0.111,,,,,0.111,,0.111,,,,,,,,,,,,,,,,,0.111,,,,,,,,,,,,,,,,,,,,,,,,,,,,,,,,,,,,,,,,,,,,,,0.111,,,,,,,,,,,,,,,,,,,,,,,,,,,,,,,,,,,,,,,,,,,,"POLYGON ((-0.4862453 38.3448062, -0.4866346 38.3450582, -0.485991 38.3455088, -0.4861769 38.3449724, -0.4862453 38.3448062))",6.0,43.78,19.71,12743.0,93.19,571.0,0.0,0.0,0.0,0.0,0.0,0.0,0.0,0.0,0.0,0.0,0.0,0.0,0.0,0.0,0.0,0.0,0.0,0.0,0.0,0.0,0.0,0.0,0.0,2.0
101,Alicante_hdbscan_5_5,101,12,-0.4913806982721906,38.34041482399723,-0.49142695,38.3403733,1.5171094656311223e-06,7909778.609817032,0.0004339624063386,0.0007774638055718,0.0003083336713944,0.0003728632908412,Yes,0.167,,,,,,0.083,,,,0.083,,0.083,,,,,,,,,,,0.167,,0.083,,,,,,,,,,,,,,,,,,,,,,,,,,,,,,,,,,,,,,,,,,,,,,,,0.083,,,,,,,,,,,,,,,,,,,,,,,,,,,,,,,,,,,,,,,,,,,,,,"POLYGON ((-0.4914506 38.3397608, -0.4917968 38.3400709, -0.4917605 38.3402665, -0.4914033 38.3411723, -0.490721979266287 38.340827787966894, -0.490889 38.3404801, -0.4914506 38.3397608))",27.0,43.78,19.71,12743.0,93.19,695.0,0.0,0.0,0.0,0.0,0.0,0.0,0.0,0.0,0.0,0.0,0.0,0.0,0.0,0.0,0.0,0.0,0.0,0.0,0.0,0.0,0.0,0.0,0.0,9.0
102,Alicante_hdbscan_5_5,102,31,-0.4940294873397928,38.34491163438197,-0.4941528,38.3448501,2.867743350001824e-06,10809893.430658735,0.0006142063719249,0.0013339490989829,0.0003973254682931,0.0005692713798417,Yes,,0.032,,,,0.032,,0.032,,,0.129,,,,,,,,,0.032,0.032,,,0.032,,,,,0.032,,,0.032,0.032,,,,,0.065,,,,0.032,,,,,,0.032,,,,,,,,,,,,,,,0.032,,,,0.032,,,,0.032,,,,0.097,,,,,,,,,,,,0.032,,,,,,,,,,,,,,,,,0.032,,,,,,,,,0.097,,,,,,,"POLYGON ((-0.4933699 38.343919, -0.494473207533578 38.34451186584115, -0.4946278 38.345719, -0.494564 38.3459402, -0.4944988 38.3461603, -0.4933483 38.3448688, -0.4933563 38.3441723, -0.4933699 38.343919))",53.0,43.78,19.71,12743.0,93.19,835.0,0.0,0.0,0.0,0.0,0.0,0.0,0.0,0.0,0.0,0.0,0.0,0.0,0.0,0.0,0.0,0.0,0.0,0.0,0.0,0.0,0.0,1.0,3.0,15.0
103,Alicante_hdbscan_5_5,103,45,-0.4921022044444444,38.34319707777778,-0.4921099,38.3432626,4.938390720002518e-06,9112280.204506995,0.0006701758664701,0.0014973459731115,0.0004626157253202,0.0005765421391131,Yes,0.044,0.378,,,,,,0.022,0.022,,0.044,0.022,0.022,,,,,,,,,,,0.022,,,,,,,,0.022,0.022,,,,,0.022,,0.022,,,,,,,,,0.022,,,,,,,,,,,,,0.067,0.089,,,,,,,,0.044,,,,0.044,0.022,,,,,,,,,,,,,,,,,,,,,,,,0.022,,,,,,,,,,,,,,0.022,,,,,,"POLYGON ((-0.4916084 38.3417835, -0.49239 38.3425527, -0.492565 38.3427543, -0.4928856 38.3432005, -0.4930544 38.3434685, -0.4922248 38.3442323, -0.4918454 38.3442686, -0.4914239 38.3437691, -0.4910672 38.3428279, -0.4916084 38.3417835))",92.0,43.78,19.71,12743.0,93.19,897.0,0.0,0.0,0.0,0.0,1.0,0.0,0.0,0.0,0.0,0.0,0.0,0.0,1.0,0.0,0.0,1.0,0.0,0.0,0.0,0.0,0.0,0.0,2.0,24.0
104,Alicante_hdbscan_5_5,104,13,-0.4897529645855473,38.34291530592315,-0.4898306,38.3428509,1.0573559000005647e-06,12294819.5588572,0.0005241591645938,0.0009772670053832,0.0005695387932743,0.0001589656528904,Yes,0.077,0.231,,,0.077,,,,,,0.077,,,,,,,,,,,,,,,,,,,,,0.077,0.077,,,,,0.077,,,,,,,,,,,0.077,,,,,,,,,,,,,0.077,0.077,,,,,,,,,,,,,,,,,,,,,,,,,,,,,,,,,,,,,,,,,,,,,,,,,,,,0.077,,,,,"POLYGON ((-0.4907118 38.3427264, -0.4905251 38.3428222, -0.4898306 38.3431191, -0.4889392 38.3433229, -0.4890027 38.3429528, -0.489023039612115 38.34286887700092, -0.489415 38.3427726, -0.4907118 38.3427264))",18.0,43.78,19.71,12743.0,93.19,689.0,0.0,0.0,0.0,0.0,0.0,0.0,0.0,0.0,0.0,0.0,0.0,0.0,0.0,0.0,0.0,0.0,0.0,0.0,0.0,0.0,0.0,0.0,0.0,15.0
105,Alicante_hdbscan_5_5,105,5,-0.4954137799999999,38.34439746,-0.4954232,38.3444062,3.335919999982296e-08,149883690.2571565,0.0001167508695105,0.000250608782767,0.0001437755389487,2.8181667800312617e-05,Yes,,0.2,,0.4,,,,,,,,,0.2,,,,,,,,,,,,,,,,,,,,,,,,,,,,,,,,,,,,,,,,,,,,,,,,,,,,,,,,,,,,,,,0.2,,,,,,,,,,,,,,,,,,,,,,,,,,,,,,,,,,,,,,,,,,,,"POLYGON ((-0.4952379 38.344349, -0.4956634 38.3444197, -0.4954232 38.3444274, -0.4953149 38.3444062, -0.4952379 38.344349))",0.0,43.78,19.71,12743.0,93.19,487.0,0.0,0.0,0.0,0.0,0.0,0.0,0.0,0.0,0.0,0.0,0.0,0.0,0.0,0.0,0.0,0.0,0.0,0.0,0.0,0.0,0.0,1.0,0.0,12.0
106,Alicante_hdbscan_5_5,106,10,-0.4951933,38.34466996,-0.4951642,38.3446752,7.209047000032759e-08,138714590.15254802,0.0001153104944291,0.0002669835605417,0.0001345765878598,4.527533986677551e-05,Yes,,,,0.3,,,,,,,,,,,,,,,,,,,,,,0.1,,,,,,,,,,,,,,,,,,0.1,,,,,,,,,,,,,,,,0.1,,,,,,,,,,,,,,,0.1,,,,,,,,,,,,,,,,,,,,,,,,,,,,,,,,,,,0.1,,,0.2,,,,,,,"POLYGON ((-0.4951317 38.3446055, -0.4954447 38.3447454, -0.4949294 38.3446295, -0.4951317 38.3446055))",1.0,43.78,19.71,12743.0,93.19,499.0,0.0,0.0,0.0,0.0,0.0,0.0,0.0,0.0,0.0,0.0,0.0,0.0,0.0,0.0,0.0,0.0,0.0,0.0,0.0,0.0,0.0,1.0,0.0,11.0
107,Alicante_hdbscan_5_5,107,27,-0.4817736324269486,38.34582163618726,-0.4817767,38.3457151,1.4206422604487013e-06,19005488.39893881,0.000464393723772,0.0009351940089356,0.0002064105066736,0.0004831045023657,No,0.519,,,,,,,0.037,0.037,,0.074,0.037,0.148,,,,,,,,,,,,,,,,,,,,0.037,,,,,,,,,,,,,,,,,,,,,,,,,,,,,,,,,,,,,,,,,,,,,,,,,,,,,,,,,,,,,,,,,,,,,,,,,,,,,,,,,,,,,,,"POLYGON ((-0.4820067 38.3450888, -0.4820725 38.3453525, -0.4821439 38.3456752, -0.482031 38.3465814, -0.481877 38.3467511, -0.4818335 38.3467419, -0.481657 38.3465446, -0.481289275527613 38.34573047705602, -0.4813856 38.3456239, -0.4816595 38.3453343, -0.4819354 38.3451141, -0.4820067 38.3450888))",29.0,43.78,19.71,12743.0,93.19,713.0,0.0,0.0,0.0,0.0,0.0,0.0,0.0,0.0,0.0,0.0,0.0,0.0,0.0,0.0,0.0,0.0,0.0,0.0,0.0,0.0,0.0,0.0,0.0,9.0
108,Alicante_hdbscan_5_5,108,34,-0.4878455852941177,38.34729260588236,-0.48802795,38.34723935,2.826045600007172e-06,12030945.289741153,0.000557437426287,0.0013345459757636,0.0005433775267237,0.0003123673581475,Yes,0.235,0.059,,,,0.029,,,,,0.088,,,,,,,0.029,,,,0.029,,0.059,,,0.029,,,,,0.059,,,0.059,,,,,0.029,,,,,,0.059,,,,,,,,,,,,,,0.029,,0.029,,,,,,,,,0.059,,,0.029,,,,,,,,0.029,,,,,,,,,0.029,,,,,,,,,,,,,,,,,,,,,,,,,0.029,,,,"POLYGON ((-0.4884675 38.3466308, -0.488574 38.3469779, -0.488543 38.3478969, -0.4883935 38.3480028, -0.4870596 38.3475713, -0.4865142 38.3473844, -0.487199 38.3471024, -0.4884675 38.3466308))",50.0,43.78,19.71,12743.0,93.19,797.0,0.0,0.0,0.0,0.0,0.0,0.0,0.0,0.0,0.0,0.0,0.0,0.0,0.0,0.0,0.0,0.0,0.0,0.0,0.0,0.0,0.0,1.0,5.0,18.0
109,Alicante_hdbscan_5_5,109,19,-0.4821090023180009,38.34417999079162,-0.4821208885168566,38.3441447,1.7295623099946804e-06,10985438.27545504,0.0005514307318994,0.0009714536503071,0.0005137934526409,0.0003014201447677,Yes,0.263,,,,,,,,,,0.105,,,,,,,,,,,,,,,,,,,,,0.053,0.158,,,,,,,,,,,,,,,,,,,,,,,,,,,,,,,,,,,,,,,,,,,,,,,,,,,,,,,,,,,,,,,,,,,,,,,,,,,,,,,,,,,,0.053,0.053,0.053,"POLYGON ((-0.4826692 38.3437087, -0.4827578 38.3438322, -0.4829315 38.3441773, -0.4816698 38.3447986, -0.4813446 38.3447795, -0.4815369 38.3441447, -0.4826692 38.3437087))",30.0,43.78,19.71,12743.0,93.19,582.0,0.0,1.0,0.0,1.0,0.0,0.0,0.0,0.0,0.0,0.0,0.0,0.0,0.0,0.0,0.0,0.0,0.0,0.0,0.0,0.0,0.0,0.0,0.0,12.0
110,Alicante_hdbscan_5_5,110,8,-0.4855495999999999,38.3479353875,-0.48556875,38.34809045,3.347787099995127e-07,23896382.18037116,0.0002607181253129,0.0005892845812138,0.0001248300644876,0.0002661675244894,Yes,0.125,,,,,,,,,,,,0.125,,,,,,,,,,,,,,,,,,,0.5,,,,,,,,,,,,,,,,,,,,,,,,,,,,0.125,,,,,,,,,,,,,,,,,,,,,,0.125,,,,,,,,,,,,,,,,,,,,,,,,,,,,,,,,,,,,,,"POLYGON ((-0.485763 38.3473861, -0.4855961 38.3480831, -0.4854967 38.348119, -0.4853381 38.348174, -0.485763 38.3473861))",3.0,43.78,19.71,12743.0,93.19,570.0,0.0,0.0,0.0,0.0,0.0,0.0,0.0,0.0,0.0,0.0,0.0,1.0,0.0,0.0,0.0,0.0,0.0,0.0,0.0,0.0,0.0,1.0,0.0,16.0
111,Alicante_hdbscan_5_5,111,8,-0.4860623836400639,38.347185988939955,-0.4861154,38.3471695,1.7395490000020957e-07,45988931.61382843,0.0001773658895846,0.0003656027538333,0.0001248756785624,0.0001500957957827,Yes,,0.125,,,,,,0.125,,,0.125,,,,,,,,,,,,,,,,,,,,,,0.125,,,,,,,0.125,,,,,,,,,,,,,,,,,,,0.125,,,,,,,,,,,,,,,,,,,,,,,0.125,,,,,,,,,,,,,,,,,,,,,,,,,,,,,,,,,,,,,,"POLYGON ((-0.4860802 38.3469798, -0.4861772 38.3471989, -0.486147669120511 38.34738281151966, -0.4857978 38.3474383, -0.4859183 38.3472209, -0.4860802 38.3469798))",3.0,43.78,19.71,12743.0,93.19,526.0,0.0,0.0,0.0,0.0,0.0,0.0,0.0,0.0,0.0,0.0,0.0,0.0,0.0,0.0,0.0,0.0,0.0,0.0,0.0,0.0,0.0,1.0,0.0,15.0
112,Alicante_hdbscan_5_5,112,12,-0.4844996416666665,38.34751383333333,-0.48448455,38.34754255,3.149460300016952e-07,38101766.19764158,0.0001853426552228,0.000327112958847,0.0001180547927753,0.0001784187972788,Yes,,0.083,,,,0.083,,,,,0.25,,0.083,,,,,,,0.083,,,,,,,,,,,,,,,,,,,,0.083,,,,,,,,,,,,,,,,,,,,0.083,,,,,,,,,,,0.083,,,,,,,,,,,,,,,,,,,,,,,,,,,,,,,,,,,,,,,,,,,,,0.083,,,,"POLYGON ((-0.4844379 38.3471926, -0.4848125 38.3475763, -0.4845617 38.3478149, -0.4843064 38.3475535, -0.4844379 38.3471926))",5.0,43.78,19.71,12743.0,93.19,548.0,0.0,0.0,0.0,0.0,0.0,0.0,0.0,0.0,0.0,0.0,0.0,0.0,0.0,0.0,0.0,0.0,0.0,0.0,0.0,0.0,0.0,1.0,0.0,14.0
113,Alicante_hdbscan_5_5,113,11,-0.485088809090909,38.34743599090909,-0.4851087,38.3473644,2.610610800007598e-07,42135733.13941697,0.0002204578818459,0.0004412546473448,0.0001109221549682,0.0002146210125049,Yes,0.182,0.182,,,,,,,,,,,0.091,,,,,,,,,,,,,,,,0.091,,,,0.182,,,,,,,,,,,,,,,,,,,,,,,,,,,,,,,,,,,,,,0.091,,,0.091,,,,,,,,,,,,,,,,,,,,,,,,,,,,,,,,,,,,,,,,,,,,,,"POLYGON ((-0.4850502 38.3471081, -0.4852201 38.3473469, -0.4852345 38.3478525, -0.4848838 38.3475801, -0.4849212 38.3472108, -0.4850502 38.3471081))",6.0,43.78,19.71,12743.0,93.19,562.0,0.0,0.0,0.0,0.0,0.0,0.0,0.0,0.0,0.0,0.0,0.0,0.0,0.0,0.0,0.0,0.0,0.0,0.0,0.0,0.0,0.0,1.0,1.0,14.0
114,Alicante_hdbscan_5_5,114,15,-0.4835018901018351,38.346585971312535,-0.4834498,38.3466347,4.490498999989e-07,33403860.016529888,0.0002837812445042,0.0005184805630281,0.0001427028263147,0.0002728313739868,No,0.4,,,,,,,,,,,0.133,0.267,,,,,,,,,,,,,,,,,,,,0.133,,,,,,,,,,,,,,,,,,,,,,,,,,,,,,,,,,,,,,,,,,,,,,,,,,,,,,,,,,,,,,,,,,,,,,,,,,,,,,,,,,,,,,,"POLYGON ((-0.4835806 38.3460735, -0.4837828 38.3467944, -0.4837144 38.3469592, -0.4832758 38.3468882, -0.4833638 38.3462865, -0.4833903 38.3461708, -0.4835806 38.3460735))",10.0,43.78,19.71,12743.0,93.19,599.0,0.0,0.0,0.0,0.0,0.0,0.0,0.0,0.0,0.0,0.0,0.0,0.0,0.0,0.0,0.0,0.0,0.0,0.0,0.0,0.0,0.0,1.0,0.0,9.0
115,Alicante_hdbscan_5_5,115,10,-0.48317274,38.3445411,-0.48315115,38.3445721,2.699664999969952e-07,37041632.94375896,0.0001760800775489,0.0003588189983822,0.0001619105753186,0.0001266624727362,Yes,0.1,,,,,,,0.1,,,0.3,0.1,,,,,,,,0.1,,0.1,,,,,,,,,,0.1,,,,,,,,,,,,,,,,,,,,,,,,,,,,0.1,,,,,,,,,,,,,,,,,,,,,,,,,,,,,,,,,,,,,,,,,,,,,,,,,,,,,,,,,,,,"POLYGON ((-0.4830253 38.3443455, -0.483189 38.3444075, -0.4835293 38.3445813, -0.4832749 38.344778, -0.483078 38.3446237, -0.4829051 38.3443837, -0.4830253 38.3443455))",4.0,43.78,19.71,12743.0,93.19,501.0,0.0,0.0,0.0,0.0,0.0,0.0,0.0,0.0,0.0,0.0,0.0,0.0,0.0,0.0,0.0,0.0,0.0,0.0,0.0,0.0,0.0,0.0,1.0,9.0
116,Alicante_hdbscan_5_5,116,12,-0.4836633416666666,38.34553375000001,-0.48369445,38.34553355,5.0786189999995e-07,23628470.653146416,0.000280486041464,0.0005001191566959,0.0001724186690313,0.0002580671634156,Yes,0.25,,,,,,,,,,,,,,,,,,,,,,,,,,,0.083,,,,0.167,0.167,,,,,,,,,,,,,,,,,,,,,,,,,,,0.083,,,,,,,,,,,,,,,,,,,,,,,,,,,,,,,,,,,,,,,,0.083,,,,,,,,,,,,,,,,,,,,"POLYGON ((-0.4834815 38.345152, -0.4835244 38.3452093, -0.483681 38.3454723, -0.4838365 38.345759, -0.4839061 38.345971, -0.483286 38.3453738, -0.4834815 38.345152))",5.0,43.78,19.71,12743.0,93.19,581.0,0.0,0.0,0.0,0.0,0.0,0.0,0.0,0.0,0.0,0.0,0.0,0.0,0.0,0.0,0.0,0.0,0.0,1.0,0.0,0.0,0.0,0.0,0.0,10.0
117,Alicante_hdbscan_5_5,117,8,-0.4837581625,38.3448679,-0.483773,38.34488,1.964986800003377e-07,40712741.6834874,0.0001778042421299,0.0003856830647156,0.0001043198799067,0.0001805545900831,Yes,0.125,,,,,,,0.125,,,0.125,,0.125,,,,,,,,,,,,,,,,,,,,,,,,,,,,,0.125,,,,,,,,,,,,,,,,,,0.125,,,,,,,,,,,,,,,,,,,,,,,,,,,,,,,,,,,,,,,,,,,,,,,,,,,,,,,,,,,,"POLYGON ((-0.4836172 38.3445089, -0.4839294 38.344869, -0.4838226 38.3451383, -0.4836213 38.3447315, -0.4836172 38.3445089))",3.0,43.78,19.71,12743.0,93.19,535.0,0.0,0.0,0.0,0.0,0.0,0.0,0.0,0.0,0.0,0.0,0.0,0.0,0.0,0.0,0.0,0.0,0.0,0.0,0.0,0.0,0.0,0.0,0.0,11.0
