Unnamed: 0,param_config,cluster_label,num_points,avg_lon,avg_lat,median_lon,median_lat,bounding_box_area,density,radius_avg,radius_max,std_lon,std_lat,has_shop,amenity_rel_cafe,amenity_rel_school,amenity_rel_doctors,shop_rel_supermarket,shop_rel_convenience,shop_rel_sports,shop_rel_bakery,shop_rel_greengrocer,shop_rel_variety_store,shop_rel_clothes,shop_rel_laundry,amenity_rel_restaurant,amenity_rel_bar,amenity_rel_bank,amenity_rel_pharmacy,amenity_rel_dentist,amenity_rel_post_office,amenity_rel_veterinary,shop_rel_butcher,amenity_rel_pub,amenity_rel_clinic,amenity_rel_community_centre,shop_rel_car_repair,shop_rel_hardware,amenity_rel_post_box,shop_rel_florist,shop_rel_department_store,amenity_rel_fast_food,shop_rel_car,shop_rel_bicycle,shop_rel_garden_centre,shop_rel_furniture,amenity_rel_college,amenity_rel_events_venue,shop_rel_newsagent,amenity_rel_library,shop_rel_agrarian,shop_rel_charity,amenity_rel_atm,shop_rel_confectionery,shop_rel_stationery,shop_rel_seafood,shop_rel_beauty,shop_rel_optician,shop_rel_funeral_directors,shop_rel_shoes,shop_rel_tobacco,shop_rel_doityourself,shop_rel_books,shop_rel_hairdresser,shop_rel_curtain,amenity_rel_theatre,shop_rel_medical_supply,shop_rel_electronics,shop_rel_toys,shop_rel_video_games,shop_rel_interior_decoration,shop_rel_mall,amenity_rel_charging_station,amenity_rel_cinema,shop_rel_outdoor,shop_rel_pet,shop_rel_lottery,shop_rel_boutique,amenity_rel_biergarten,shop_rel_pastry,shop_rel_telecommunication,amenity_rel_parcel_locker,shop_rel_jewelry,amenity_rel_university,shop_rel_appliance,shop_rel_health_food,shop_rel_bookmaker,shop_rel_craft,shop_rel_computer,shop_rel_art,shop_rel_antiques,shop_rel_perfumery,shop_rel_copyshop,shop_rel_cosmetics,shop_rel_car_parts,amenity_rel_car_rental,shop_rel_yes,shop_rel_lighting,shop_rel_doors,shop_rel_second_hand,shop_rel_dry_cleaning,shop_rel_tyres,shop_rel_mobile_phone,shop_rel_chemist,shop_rel_gun,shop_rel_frame,shop_rel_alcohol,shop_rel_photo,shop_rel_pawnbroker,shop_rel_kiosk,shop_rel_musical_instrument,amenity_rel_hospital,shop_rel_motorcycle,shop_rel_printing,shop_rel_bathroom_furnishing,shop_rel_nutrition_supplements,amenity_rel_taxi,amenity_rel_language_school,shop_rel_car;car_repair,shop_rel_herbalist,shop_rel_vacant,amenity_rel_arts_centre,shop_rel_deli,shop_rel_pet_grooming,shop_rel_electrical,shop_rel_travel_agency,amenity_rel_bureau_de_change,shop_rel_cannabis,shop_rel_watches,shop_rel_houseware,amenity_rel_music_venue,shop_rel_nuts,shop_rel_grocery,shop_rel_bag,shop_rel_fashion_accessories,shop_rel_gift,shop_rel_fabric,shop_rel_tattoo,shop_rel_wine,shop_rel_bed,geometry,population,av_age,percent_65,pp_income,male_rate,pop_buffer,has_Mercadona,has_McDonald's,has_Burger King,has_Dia,has_Consum,has_Spar,has_Lidl,has_ALDI,has_Carrefour,has_Decathlon,has_Telepizza,has_KFC,has_Foster's Hollywood,has_Covir√°n,has_Carrefour Express,has_Amazon Hub,has_Popeyes,has_Pizza Hut,has_Orange,has_Zara,has_Bershka,trains_metro,trains_metro_in_buffer,bus,bus_in_buffer,Predicted_Segment
0,Murcia_hdbscan_5_5,0,6,-1.0829726531215274,37.72916028840832,-1.082164511985302,37.729672473126186,3.66718579056456e-05,163613.19940313976,0.0027791134007758,0.0057970077714907,0.0026946875575603,0.0016727082998076,No,0.167,0.167,0.167,,,,,,,,,,,,,,,,,,,,,,,,,,,,,,,,,,,,,,,,,,,,,,,,,,,,,,,,,,,,,,,,,,,,,,,,,,,,,,,,,,,,,,,,,,,,,,,,,,,,,,,,,,,,,,,,,,,,,,,,,,,,"POLYGON ((-1.087914388415793 37.72612968592958, -1.083047642906345 37.72989586670435, -1.080497393726326 37.73096789799048, -1.080334758287138 37.72944907954803, -1.087914388415793 37.72612968592958))",43.0,41.81,16.76,13017.0,96.18,241.0,0.0,0.0,0.0,0.0,0.0,0.0,0.0,0.0,0.0,0.0,0.0,0.0,0.0,0.0,0.0,0.0,0.0,0.0,0.0,0.0,0.0,0.0,0.0,0.0,2.0,Urban
1,Murcia_hdbscan_5_5,1,39,-0.9458838676445214,37.88886856177174,-0.941985,37.8902157,0.0013731684062585,28401.469056707458,0.007792931148901,0.0391903887446411,0.0086461573137169,0.0072800902172284,Yes,0.103,0.026,0.026,0.051,0.051,0.026,0.026,0.026,0.026,0.026,0.026,0.179,0.154,0.103,0.026,0.026,0.026,0.026,,,,,,,,,,,,,,,,,,,,,,,,,,,,,,,,,,,,,,,,,,,,,,,,,,,,,,,,,,,,,,,,,,,,,,,,,,,,,,,,,,,,,,,,,,,,,,,,,,,,,,,,,,,,,"POLYGON ((-0.941102 37.849971, -0.9589695 37.8721444, -0.9694265 37.8932658, -0.968927540714579 37.89374091281108, -0.9686339 37.8939135, -0.9466152 37.8922149, -0.9461434 37.8921448, -0.9456386 37.8920472, -0.941703237902591 37.89111141041779, -0.938177290094816 37.88978892088937, -0.941102 37.849971))",3792.0,41.81,16.76,13017.0,96.18,1414.0,0.0,0.0,0.0,0.0,0.0,1.0,0.0,0.0,0.0,0.0,0.0,0.0,0.0,0.0,0.0,0.0,0.0,0.0,0.0,0.0,0.0,0.0,0.0,2.0,0.0,Urban
2,Murcia_hdbscan_5_5,2,9,-1.0121178686893826,37.86573586188795,-1.0116037,37.864418230204656,0.0011154613756,8068.410253254002,0.0093091729564805,0.0238457449522982,0.0096809755362976,0.0079695557859036,Yes,0.111,,,,0.222,,,,,,,,,,,,,,,,,,,,,,,,,,,,,,,,,,,,,,,,,,,,,,,,,,,,,,,,,,,,,,,,,,,,,,,,,,,,,,,,,,,,,,,,,,,,,,,,,,,,,,,,,,,,,,,,,,,,,,,,,,"POLYGON ((-1.0317472 37.8521967, -1.0106638 37.879663, -0.9911352 37.8605946, -1.0317472 37.8521967))",2429.0,41.81,16.76,13017.0,96.18,1126.0,0.0,0.0,0.0,0.0,0.0,0.0,0.0,0.0,0.0,0.0,0.0,0.0,0.0,0.0,0.0,0.0,0.0,0.0,0.0,0.0,0.0,0.0,0.0,0.0,2.0,Local
3,Murcia_hdbscan_5_5,3,7,-1.212182157142857,37.8272155,-1.2115334,37.8273476,3.258234713997745e-05,214840.2621188464,0.0018245398581169,0.0051607201502278,0.0019906387495023,0.0013463593820789,Yes,,,,,,,0.429,,,,,,,,,,,,0.143,0.143,0.143,,,,,,,,,,,,,,,,,,,,,,,,,,,,,,,,,,,,,,,,,,,,,,,,,,,,,,,,,,,,,,,,,,,,,,,,,,,,,,,,,,,,,,,,,,,,,,,,,,,,,,,,,,"POLYGON ((-1.2122393 37.8244527, -1.2168472 37.8294224, -1.210291 37.827387, -1.2122393 37.8244527))",60.0,41.81,16.76,13017.0,96.18,244.0,0.0,0.0,0.0,0.0,0.0,0.0,0.0,0.0,0.0,0.0,0.0,0.0,0.0,0.0,0.0,0.0,0.0,0.0,0.0,0.0,0.0,0.0,0.0,0.0,0.0,Local
4,Murcia_hdbscan_5_5,4,8,-1.0768345543568554,37.81783766769823,-1.0770132228675338,37.81763645177351,1.3590942715021093e-05,588627.3062690622,0.0017225656565497,0.0039587957030677,0.0018855129654144,0.0007986435020991,No,,0.125,,,,,,,,,,,,,,,,,,,0.125,0.25,,,,,,,,,,,,,,,,,,,,,,,,,,,,,,,,,,,,,,,,,,,,,,,,,,,,,,,,,,,,,,,,,,,,,,,,,,,,,,,,,,,,,,,,,,,,,,,,,,,,,,,,,"POLYGON ((-1.07694352060904 37.816837294175635, -1.0806384 37.8189344, -1.077205634099937 37.81879036209405, -1.074157590802347 37.8177046806758, -1.074342270486615 37.817568222871216, -1.07694352060904 37.816837294175635))",33.0,41.81,16.76,13017.0,96.18,200.0,0.0,0.0,0.0,0.0,0.0,0.0,0.0,0.0,0.0,0.0,0.0,0.0,0.0,0.0,0.0,0.0,0.0,0.0,0.0,0.0,0.0,0.0,0.0,1.0,0.0,Local
5,Murcia_hdbscan_5_5,5,41,-1.1558410351183817,37.83454202067949,-1.1589239,37.8296653,0.0039742611549622,10316.38294549617,0.0111157203061925,0.0704298793093766,0.0109853525018308,0.013284613465689,Yes,,0.024,,0.049,,,0.098,,,,,0.171,0.024,0.073,0.024,0.024,,0.024,0.024,0.098,0.024,0.024,0.049,0.049,0.024,,,,,,,,,,,,,,,,,,,,,,,,,,,,,,,,,,,,,,,,,,,,,,,,,,,,,,,,,,,,,,,,,,,,,,,,,,,,,,,,,,,,,,,,,,,,,,,,,,,,,,"POLYGON ((-1.162267208918033 37.82579191098862, -1.1737211 37.8292267, -1.1747162 37.8381084, -1.113844408721516 37.89108095656279, -1.134894224239699 37.83101888840702, -1.162267208918033 37.82579191098862))",7876.0,41.81,16.76,13017.0,96.18,2125.0,0.0,0.0,0.0,0.0,0.0,1.0,0.0,0.0,0.0,0.0,0.0,0.0,0.0,0.0,0.0,0.0,0.0,0.0,0.0,0.0,0.0,0.0,0.0,11.0,2.0,Urban
6,Murcia_hdbscan_5_5,6,6,-1.260952383252199,37.94379960673936,-1.262431100826389,37.94282288194475,5.741774244351278e-05,104497.31641578845,0.0040730328422317,0.0062262643446656,0.0034986677101795,0.0027596779710543,No,,0.167,,,,,,,,,,0.667,0.167,,,,,,,,,,,,,,,,,,,,,,,,,,,,,,,,,,,,,,,,,,,,,,,,,,,,,,,,,,,,,,,,,,,,,,,,,,,,,,,,,,,,,,,,,,,,,,,,,,,,,,,,,,,,,,,,,,"POLYGON ((-1.264762049452543 37.941005191743415, -1.262113062385559 37.943365829066884, -1.256318414569821 37.947536526719986, -1.25597389945722 37.947538733213925, -1.263797734380831 37.94107142486934, -1.264762049452543 37.941005191743415))",27.0,41.81,16.76,13017.0,96.18,294.0,0.0,0.0,0.0,0.0,0.0,0.0,0.0,0.0,0.0,0.0,0.0,0.0,0.0,0.0,0.0,0.0,0.0,0.0,0.0,0.0,0.0,0.0,0.0,2.0,3.0,Urban
7,Murcia_hdbscan_5_5,7,11,-1.001799300930784,38.00880988395618,-1.0009929,38.009034740878526,0.0002547980147099,43171.45097272776,0.003835184189808,0.0182877940738208,0.0055239954722599,0.0029156089935996,Yes,,0.182,0.182,,,,,,,,,0.091,,,0.091,,,0.091,,,,,,,,0.091,,,,,,,,,,,,,,,,,,,,,,,,,,,,,,,,,,,,,,,,,,,,,,,,,,,,,,,,,,,,,,,,,,,,,,,,,,,,,,,,,,,,,,,,,,,,,,,,,,,,,"POLYGON ((-1.0180619 38.000445, -0.999825992060953 38.010476553179544, -0.998667059825069 38.01111157166501, -0.9959396 38.0119627, -0.997888512262899 38.01046860623071, -1.001596033259827 38.00766640549022, -1.0180619 38.000445))",110.0,41.81,16.76,13017.0,96.18,598.0,0.0,0.0,0.0,0.0,0.0,0.0,0.0,0.0,0.0,0.0,0.0,0.0,0.0,0.0,0.0,0.0,0.0,0.0,0.0,0.0,0.0,0.0,0.0,8.0,3.0,Mixed
8,Murcia_hdbscan_5_5,8,10,-1.2171691238357365,37.95561622763841,-1.2170001119116174,37.95555975717927,8.9154115846635e-06,1121653.2074864872,0.0012932433144159,0.0019329916784223,0.0008650993822886,0.0010111603514424,Yes,,,,0.1,,0.2,,,,0.1,,,,,,,,,,,,,,,,,0.1,0.4,,,,,,,,,,,,,,,,,,,,,,,,,,,,,,,,,,,,,,,,,,,,,,,,,,,,,,,,,,,,,,,,,,,,,,,,,,,,,,,,,,,,,,,,,,,,,,,,,,,"POLYGON ((-1.216907123823235 37.953895758389656, -1.218353460279939 37.95541801435854, -1.218476164405196 37.95704034202238, -1.2166857 37.9564251, -1.215641 37.9557015, -1.216907123823235 37.953895758389656))",25.0,41.81,16.76,13017.0,96.18,281.0,0.0,1.0,1.0,0.0,0.0,0.0,0.0,0.0,0.0,2.0,0.0,1.0,0.0,0.0,0.0,0.0,1.0,0.0,0.0,0.0,0.0,0.0,0.0,0.0,0.0,Local
9,Murcia_hdbscan_5_5,9,8,-1.2252510618992374,37.96345361326159,-1.2249208300019512,37.96356997813936,4.6264495686032e-06,1729187.767287244,0.0008861763079589,0.001812838267297,0.0006170149698758,0.0007868434618576,Yes,0.125,,,0.125,,,,,0.125,,,0.125,,,,,,,,,,,,,,,,,0.25,0.125,,,,,,,,,,,,,,,,,,,,,,,,,,,,,,,,,,,,,,,,,,,,,,,,,,,,,,,,,,,,,,,,,,,,,,,,,,,,,,,,,,,,,,,,,,,,,,,,,"POLYGON ((-1.2258324 37.9622299, -1.226478066450657 37.96478809533872, -1.224959862622755 37.963981943316085, -1.224881797381147 37.96383983511742, -1.224722965120703 37.96347778973881, -1.22466958470629 37.96327787604184, -1.2256581 37.9623713, -1.2258324 37.9622299))",12.0,41.81,16.76,13017.0,96.18,226.0,0.0,0.0,0.0,0.0,0.0,0.0,0.0,0.0,0.0,0.0,0.0,0.0,0.0,0.0,0.0,0.0,0.0,0.0,0.0,0.0,0.0,0.0,0.0,0.0,2.0,Local
10,Murcia_hdbscan_5_5,10,6,-1.2177713253510671,37.897612649167456,-1.2174081156034546,37.89765413209262,2.72448960325586e-05,220224.7346743328,0.0041222821819397,0.0053383610530275,0.0040949725712208,0.0008921605274719,No,0.167,,,,,,,,,,,,,,,,,,,,0.167,,,,,,,,,,,,,,,,,,,,,,,,,,,,,,,,,,,,,,,,,,,,,,,,,,,,,,,,,,,,,,,,,,,,,,,,,,,,,,,,,,,,,,,,,,,,,,,,,,,,,,,,,,"POLYGON ((-1.222926675643825 37.89622684178855, -1.222014502138415 37.898185580275154, -1.220413313751768 37.89903073446559, -1.213660678767818 37.89779377101002, -1.213209864349434 37.897514493175215, -1.214402917455141 37.89692447429025, -1.222926675643825 37.89622684178855))",83.0,41.81,16.76,13017.0,96.18,272.0,0.0,0.0,0.0,0.0,0.0,0.0,0.0,0.0,0.0,0.0,0.0,0.0,0.0,0.0,0.0,0.0,0.0,0.0,0.0,0.0,0.0,0.0,0.0,0.0,0.0,Urban
11,Murcia_hdbscan_5_5,11,6,-1.0369467408569977,37.991537718271296,-1.0369939077248145,37.99061010911869,8.43974376519872e-05,71092.20572241776,0.0042716929800128,0.0062699286927908,0.0037844371433829,0.0029996123718636,Yes,,,,,,,,,,,,0.167,,,,,,,,,,,,,,,,,,,0.167,,,,,,,,,,,,,,,,,,,,,,,,,,,,,,,,,,,,,,,,,,,,,,,,,,,,,,,,,,,,,,,,,,,,,,,,,,,,,,,,,,,,,,,,,,,,,,,,"POLYGON ((-1.040440038940239 37.98788413034742, -1.042515707186769 37.989107982874444, -1.03257688356535 37.99603397816851, -1.03216 37.99498, -1.037586478085418 37.98992194001544, -1.040440038940239 37.98788413034742))",108.0,41.81,16.76,13017.0,96.18,341.0,0.0,0.0,0.0,0.0,0.0,0.0,0.0,0.0,0.0,0.0,0.0,0.0,0.0,0.0,0.0,0.0,0.0,0.0,0.0,0.0,0.0,0.0,0.0,8.0,2.0,Mixed
12,Murcia_hdbscan_5_5,12,10,-1.0832920314586685,38.05002707088738,-1.0822174643302012,38.0502498328284,0.0002494008515436,40096.09405142007,0.0059105431545209,0.0125045758655574,0.0056916711700933,0.0041350262047703,Yes,,0.2,,,,,,,,,,0.2,,0.1,,,,,,,,,,,,,,,,,,0.3,,,,,,,,,,,,,,,,,,,,,,,,,,,,,,,,,,,,,,,,,,,,,,,,,,,,,,,,,,,,,,,,,,,,,,,,,,,,,,,,,,,,,,,,,,,,,,,"POLYGON ((-1.091318 38.0417025, -1.094338566666667 38.04416716666667, -1.081325739932403 38.054699969540295, -1.079548260315538 38.05542003838003, -1.0761574 38.0532468, -1.0763453 38.0519943, -1.091318 38.0417025))",436.0,41.81,16.76,13017.0,96.18,539.0,0.0,0.0,0.0,0.0,0.0,0.0,0.0,0.0,0.0,0.0,0.0,0.0,0.0,0.0,0.0,0.0,0.0,0.0,0.0,0.0,0.0,0.0,0.0,8.0,2.0,Mixed
13,Murcia_hdbscan_5_5,13,7,-1.076798555461065,38.03693402565034,-1.0769051608782187,38.037116255788135,3.659973344359516e-06,1912582.2352744425,0.0008885432546046,0.0016352221597809,0.0006809054536495,0.0006966832577962,No,,0.143,,,,,,,,,,,,0.143,0.143,,,,,,0.143,,,,,,,,,,,,0.143,0.143,,,,,,,,,,,,,,,,,,,,,,,,,,,,,,,,,,,,,,,,,,,,,,,,,,,,,,,,,,,,,,,,,,,,,,,,,,,,,,,,,,,,,,,,,,,,,"POLYGON ((-1.0758569 38.03559715, -1.0774976 38.0363866, -1.077507906127219 38.037458845566945, -1.0772924 38.037578, -1.076905160878219 38.03767242819725, -1.0757443 38.0367289, -1.0758569 38.03559715))",12.0,41.81,16.76,13017.0,96.18,132.0,0.0,0.0,0.0,0.0,0.0,0.0,0.0,0.0,0.0,0.0,0.0,0.0,0.0,0.0,0.0,0.0,0.0,0.0,0.0,0.0,0.0,0.0,0.0,0.0,2.0,Local
14,Murcia_hdbscan_5_5,14,14,-1.2183146499945483,37.98791555700704,-1.2176122,37.98633528860109,9.797243286064376e-05,142897.33949868975,0.0037046514075813,0.0087371646142267,0.0018641789298932,0.0039690616511055,Yes,,0.071,,0.071,,,0.071,,,,,,,,0.071,,,,0.071,,,,,0.071,,,,,,,,,0.071,,0.071,0.071,,,,,,,,,,,,,,,,,,,,,,,,,,,,,,,,,,,,,,,,,,,,,,,,,,,,,,,,,,,,,,,,,,,,,,,,,,,,,,,,,,,,,,,,,,,"POLYGON ((-1.224298960927846 37.984339985993344, -1.218437839201361 37.996651853128135, -1.216811479562121 37.98913709242899, -1.2163414 37.9853261, -1.217268121163602 37.98481808934594, -1.2190163 37.9844766, -1.224298960927846 37.984339985993344))",257.0,41.81,16.76,13017.0,96.18,750.0,0.0,0.0,0.0,0.0,0.0,0.0,0.0,0.0,0.0,0.0,0.0,0.0,0.0,0.0,0.0,0.0,0.0,0.0,0.0,0.0,0.0,0.0,0.0,8.0,0.0,Local
15,Murcia_hdbscan_5_5,15,25,-1.0538146568718012,38.02186857059963,-1.053772505870922,38.023674997342525,0.0004375758708408,57132.94920024155,0.0075288495663574,0.0144909846849705,0.0055609643416564,0.0058497485111556,Yes,0.08,0.08,,0.12,,,,,0.04,,,0.12,,,,,,,,,0.04,,,,,,,,,,0.04,,,,,,0.04,0.04,0.04,,,,,,,,,,,,,,,,,,,,,,,,,,,,,,,,,,,,,,,,,,,,,,,,,,,,,,,,,,,,,,,,,,,,,,,,,,,,,,,,,,,,,,,,"POLYGON ((-1.0577224 38.0110632, -1.065356705185004 38.023674997342525, -1.0628206 38.0321333, -1.062094600202595 38.03376105459495, -1.048037838627758 38.02896075613864, -1.0467151 38.0261197, -1.0465195 38.0256387, -1.046078413088699 38.02453799168062, -1.0490659 38.0189398, -1.055623127926532 38.01282504801184, -1.0577224 38.0110632))",1350.0,41.81,16.76,13017.0,96.18,746.0,0.0,0.0,0.0,0.0,1.0,0.0,0.0,0.0,0.0,0.0,0.0,0.0,0.0,0.0,0.0,0.0,0.0,0.0,0.0,0.0,0.0,0.0,0.0,6.0,16.0,Local
16,Murcia_hdbscan_5_5,16,50,-1.0355015090923865,38.0146371134791,-1.03626225,38.01464015,8.461320026003711e-05,590924.3456852802,0.0026775842416136,0.0058402904839352,0.0023059383862638,0.0018396867760857,Yes,0.02,0.04,,0.06,0.02,,0.04,,,0.06,,0.12,0.04,0.06,0.04,0.02,0.02,,,,,,,0.02,,,0.02,0.02,,0.02,,0.02,,,,,,,,0.04,0.02,0.02,0.02,0.02,0.02,0.02,0.02,0.02,0.02,0.02,0.02,,,,,,,,,,,,,,,,,,,,,,,,,,,,,,,,,,,,,,,,,,,,,,,,,,,,,,,,,,,,,,,,,,,,,,,,,,,,"POLYGON ((-1.0321853 38.0118191, -1.037075758791978 38.01327381822988, -1.0404114 38.014517, -1.037767 38.0200201, -1.0367194 38.0202369, -1.033194193461775 38.01745747490902, -1.0303597 38.0142194, -1.0321853 38.0118191))",241.0,41.81,16.76,13017.0,96.18,355.0,0.0,0.0,0.0,1.0,0.0,1.0,0.0,0.0,0.0,0.0,0.0,0.0,0.0,0.0,0.0,0.0,0.0,0.0,0.0,0.0,0.0,0.0,0.0,6.0,4.0,Primary
17,Murcia_hdbscan_5_5,17,12,-1.194393325402583,37.93276889979503,-1.1945714761357782,37.93267448657467,2.0263977891101e-05,592183.8280957583,0.0017994534349211,0.0029917446155767,0.0014980137951557,0.0012645411823194,Yes,,0.25,,0.083,0.083,,,0.083,,,,,,,,,,,0.083,,,0.083,,,,0.167,,,,,,,,,,,,,,,,0.167,,,,,,,,,,,,,,,,,,,,,,,,,,,,,,,,,,,,,,,,,,,,,,,,,,,,,,,,,,,,,,,,,,,,,,,,,,,,,,,,,,,,,"POLYGON ((-1.195918904119574 37.93064869739408, -1.19638037692427 37.93145371615616, -1.19620785 37.93229205, -1.195354716290723 37.93474356607498, -1.192662517414363 37.934417666513724, -1.191431749881443 37.93234509998685, -1.193966610150285 37.93132202135727, -1.195918904119574 37.93064869739408))",66.0,41.81,16.76,13017.0,96.18,216.0,0.0,0.0,0.0,0.0,0.0,0.0,0.0,0.0,0.0,0.0,0.0,0.0,0.0,0.0,0.0,0.0,0.0,0.0,0.0,0.0,0.0,0.0,0.0,0.0,6.0,Local
18,Murcia_hdbscan_5_5,18,53,-1.2092980415359214,37.92905209397267,-1.2088273,37.93033775662854,0.0002946816306535,179855.11985413282,0.00497690173078,0.0129684915871748,0.0039651089461172,0.004003102414554,Yes,0.075,0.17,,0.038,0.019,,,,,,,,0.019,,0.057,0.019,0.019,,,,0.019,,,,0.019,,,0.019,,,,,,,,0.038,,,,,,,,,,,,,,,,0.038,,,,,,,,,,,,,,,,,,,,,,,,,,,,,,,,,,,,,,,,,,,,,,,,,,,,,,,,,,,,,,,,,,,,,,,,,,,"POLYGON ((-1.207087539233006 37.91627338301986, -1.218533165448567 37.928225718814865, -1.218297079893598 37.92865779288769, -1.216714074181632 37.9299706572763, -1.213548567180516 37.93239207500846, -1.2052997 37.9338889, -1.2042992 37.9331918, -1.202216455631633 37.93033775662854, -1.201804639627507 37.92973076758109, -1.205887183452092 37.91779215201413, -1.207087539233006 37.91627338301986))",854.0,41.81,16.76,13017.0,96.18,616.0,1.0,0.0,0.0,0.0,0.0,0.0,0.0,0.0,0.0,0.0,0.0,0.0,0.0,0.0,0.0,0.0,0.0,0.0,0.0,0.0,0.0,0.0,0.0,27.0,2.0,Urban
19,Murcia_hdbscan_5_5,19,36,-1.071455229889526,38.00573944139064,-1.07074005,38.005656,0.0002647278154059,135988.7322183854,0.0022857982798822,0.0163649149672228,0.0028912150978456,0.002464391375215,Yes,0.028,0.056,,0.028,,,0.083,,,,,0.083,0.056,0.083,0.028,0.056,,0.028,,,0.056,,,0.028,,,,0.028,,,,,,,,,,,,,,0.028,,0.028,,,,,,0.028,,,0.028,,,,,,,,,,,,,,,,,,,,,,,,,,,,,,,,,,,,,,,,,,,,,,,,,,,,,,,,,,,,,,,,,,,,,,,,,,"POLYGON ((-1.07012326857378 38.00062298524529, -1.080352 38.0095679, -1.0839497 38.0163082, -1.069777963934613 38.00704066474786, -1.067072161531706 38.002696193194055, -1.07012326857378 38.00062298524529))",387.0,41.81,16.76,13017.0,96.18,560.0,0.0,0.0,0.0,0.0,0.0,0.0,0.0,0.0,0.0,0.0,0.0,0.0,0.0,0.0,0.0,0.0,0.0,0.0,0.0,0.0,0.0,0.0,0.0,4.0,6.0,Local
20,Murcia_hdbscan_5_5,20,23,-1.1487378845826617,38.04002701646309,-1.1488021,38.0394234,3.285350758476576e-05,700077.4556767615,0.0014806163449656,0.0045826213940173,0.0011942071372273,0.001380956746422,Yes,0.043,,,,,,,,,0.174,,0.087,,,,,,,,,,,,,,,,0.13,,,,0.043,,,,,,,,,,,,,,,,0.043,0.043,,,,,0.087,0.043,0.043,0.043,0.043,0.087,0.043,,,,,,,,,,,,,,,,,,,,,,,,,,,,,,,,,,,,,,,,,,,,,,,,,,,,,,,,,,,,,,,,,,,"POLYGON ((-1.1517418 38.0381689, -1.1498992 38.0428543, -1.1491428 38.0428553, -1.144731406609597 38.04225155081712, -1.1482628 38.0389526, -1.1493338 38.0382105, -1.1517418 38.0381689))",94.0,41.81,16.76,13017.0,96.18,259.0,0.0,1.0,1.0,0.0,0.0,0.0,0.0,0.0,0.0,0.0,0.0,0.0,0.0,0.0,0.0,0.0,0.0,0.0,0.0,1.0,1.0,0.0,0.0,2.0,2.0,Shopping
21,Murcia_hdbscan_5_5,21,5,-1.0624046430241278,37.976758675967005,-1.0627375459260024,37.97764503722652,1.3013983920534602e-05,384202.1037163387,0.0018387675460934,0.0026367251537212,0.0013142307581953,0.0013833085287457,Yes,,0.2,,0.2,,,,,,,,,,,,,,,,,,,,,,,,,,0.2,,,,,,,,,,,,,,,,,,,,,,,,,,,,,,,,,,,,,,,,,,,,,,,,,,,,,,,,,,,,,,,,,,,,,,,,,,,,,,,,,,,,,,,,,,,,,,,,,"POLYGON ((-1.062737545926002 37.97463651059864, -1.063328393490823 37.975591440083235, -1.06390213805022 37.97764503722652, -1.060122937653595 37.97808009192663, -1.062737545926002 37.97463651059864))",32.0,41.81,16.76,13017.0,96.18,187.0,0.0,0.0,0.0,1.0,0.0,0.0,0.0,0.0,0.0,0.0,0.0,0.0,0.0,0.0,0.0,0.0,0.0,0.0,0.0,0.0,0.0,0.0,0.0,2.0,2.0,Local
22,Murcia_hdbscan_5_5,22,15,-1.0796233855098798,37.96749576150041,-1.0788686333963873,37.96771192500583,3.4658362411296745e-05,432795.982164201,0.002414052871145,0.0036791774130144,0.0016861764548172,0.0018961051893604,No,,,,,,,,,,,,,0.067,,0.067,,,,,,0.067,,,,,,,,,,,,,,,,,,,,,,,,,,,,,,,,,,,,,,,,,,,,,,,,,,,,,,,,,,,,,,,,,,,,,,,,,,,,,,,,,,,,,,,,,,,,,,,,,,,,,,,,,,"POLYGON ((-1.0783554 37.96489796666667, -1.082643846351263 37.966962448347495, -1.081702 37.9705315, -1.076491692745241 37.96925251603908, -1.078246464035284 37.96513739633355, -1.0783554 37.96489796666667))",109.0,41.81,16.76,13017.0,96.18,261.0,0.0,0.0,0.0,0.0,0.0,0.0,0.0,0.0,0.0,0.0,0.0,0.0,0.0,0.0,0.0,0.0,0.0,0.0,0.0,0.0,0.0,0.0,0.0,4.0,12.0,Mixed
23,Murcia_hdbscan_5_5,23,30,-1.0721438862611907,37.975513023163245,-1.0726568070588476,37.97501121292091,7.26300133958497e-05,413052.3814788983,0.0033834216378317,0.0052616429443045,0.0022697745857168,0.0026846570068967,Yes,,0.133,,0.067,,,0.033,,,,,,,,0.067,,,,,,0.033,,,,,,,,,,,,,,,0.033,,,,,,,,,,,,,,,,0.033,,,,,,,,,,,,,,,,,,,,,,,,,,,,,,,,,,,,,,,,,,,,,,,,,,,,,,,,,,,,,,,,,,,,,,,,,,,"POLYGON ((-1.074984282143186 37.97108391064414, -1.075605539229084 37.97497312025154, -1.075435721486185 37.97793377513814, -1.074862286163284 37.97846910368919, -1.074408405386803 37.97887143692059, -1.073964975732269 37.97925329729636, -1.072825480437197 37.97962691295231, -1.072488133680499 37.97971090473879, -1.067186614560884 37.97504930559028, -1.069132275935007 37.97347458201434, -1.070982312750471 37.972571801803966, -1.074984282143186 37.97108391064414))",227.0,41.81,16.76,13017.0,96.18,344.0,1.0,0.0,0.0,0.0,0.0,0.0,0.0,0.0,0.0,0.0,0.0,0.0,0.0,0.0,0.0,0.0,0.0,0.0,0.0,0.0,0.0,0.0,0.0,16.0,5.0,Local
24,Murcia_hdbscan_5_5,24,5,-1.188918524976667,37.98186299778039,-1.1879996723722983,37.9820636,1.09947234142738e-05,454763.5999200121,0.0017122410888461,0.0041757148852907,0.0019468230725554,0.0008135020071365,No,,,,,,,,,,,,,,,,,,,,,,,,,,,,,,,,,,,,,,,,,,,,,,,,,,,,,,,,,,,,,,,,,,,,,,,,,,,,,,,,,,,,,,,,,,,,,,,,,,,,,,,,,,,,,,,,,,,,,,,,,,,,,,,"POLYGON ((-1.19281040906171 37.98034977834097, -1.188011635080753 37.982565916237505, -1.187999672372299 37.98255443001687, -1.1878492 37.9820636, -1.187921708368573 37.98178126430659, -1.19281040906171 37.98034977834097))",10.0,41.81,16.76,13017.0,96.18,176.0,0.0,0.0,0.0,0.0,0.0,0.0,0.0,0.0,0.0,0.0,0.0,0.0,0.0,0.0,0.0,0.0,0.0,0.0,0.0,0.0,0.0,0.0,0.0,0.0,0.0,Local
25,Murcia_hdbscan_5_5,25,7,-1.08698020655693,37.96276191578779,-1.0868377,37.96290618697692,4.787817060236502e-06,1462044.165834152,0.0008369492317984,0.0022841880320497,0.0010245375211395,0.0004174561701057,Yes,,,,0.143,,,,,0.143,,,,0.143,,,,,,,,,,,,,,,0.286,,,,,,,,,,,,,,,,,,,,,,,,,,,,,,,,,,,,,,,,,,,,,,,,,,,,,,,,,,,,,,,,,,,,,,,,,,,,,,,,,,,,,,,,,,,,,,,,,,,"POLYGON ((-1.085632556053849 37.96217458191682, -1.0869885 37.9624078, -1.089259833892646 37.96290618697692, -1.08646742399361 37.96349452962224, -1.085632556053849 37.96217458191682))",11.0,41.81,16.76,13017.0,96.18,146.0,0.0,0.0,0.0,0.0,0.0,0.0,0.0,0.0,0.0,0.0,0.0,0.0,0.0,0.0,0.0,0.0,0.0,0.0,0.0,0.0,0.0,0.0,0.0,1.0,5.0,Local
26,Murcia_hdbscan_5_5,26,10,-1.1551677737717228,37.98912768674664,-1.15426115,37.98848275,6.605356964192545e-05,151392.27227551394,0.0030741837077616,0.005746147025289,0.0028984210014869,0.0020111007525469,Yes,,0.2,,,0.1,,,,,,,0.2,,0.1,,,,,,,0.1,,,,,,,,,,,,,,,,,,,,,,,,,,,,,,,,,,,,,,,,0.1,0.1,,,,,,,,,,,,,,,,,,,,,,,,,,,,,,,,,,,,,,,,,,,,,,,,,,,,,,,,,,,,,,,,,"POLYGON ((-1.1593392 37.9851758, -1.1589782 37.9914202, -1.1586264 37.9926367, -1.1541789 37.9903846, -1.150485902188484 37.98785217055931, -1.1593392 37.9851758))",178.0,41.81,16.76,13017.0,96.18,338.0,0.0,0.0,0.0,0.0,0.0,0.0,0.0,0.0,0.0,0.0,0.0,0.0,0.0,0.0,0.0,0.0,0.0,0.0,0.0,0.0,0.0,0.0,0.0,8.0,7.0,Local
27,Murcia_hdbscan_5_5,27,28,-1.179079802236855,37.97707666567319,-1.17864245,37.97722355,4.6406667180733365e-05,603361.579295329,0.0014342294964011,0.0043396050784189,0.0014070005925584,0.0011345395420865,Yes,0.036,0.036,,0.071,,,0.036,,0.036,,,0.036,0.143,0.036,0.036,0.036,,,,,,,,,0.036,,,0.036,,,,,,,,,,,,,0.036,,,,,,0.036,,,0.036,,,,,,,,,,,,,0.036,0.036,0.036,,,,,,,,,,,,,,,,,,,,,,,,,,,,,,,,,,,,,,,,,,,,,,,,,,,,,,,,,,,,,,"POLYGON ((-1.1785886 37.9730092, -1.183288611449254 37.97601926449565, -1.179003913355658 37.97953293550135, -1.1761751 37.9773295, -1.1785886 37.9730092))",121.0,41.81,16.76,13017.0,96.18,273.0,0.0,0.0,0.0,0.0,0.0,0.0,0.0,0.0,0.0,0.0,0.0,0.0,0.0,0.0,0.0,0.0,0.0,0.0,0.0,0.0,0.0,0.0,0.0,7.0,4.0,Urban
28,Murcia_hdbscan_5_5,28,11,-1.1718384045882553,37.97168015174755,-1.171971801558464,37.971604968490574,2.452315551059059e-05,448555.6516268688,0.0016526264967362,0.0038522386184785,0.0014417454815688,0.0013525342880715,Yes,,0.182,,0.091,,,,,,,,0.091,,,,,,0.091,,,0.091,,,,,,,,,,,,,,,,,,,,,,,,,,,,,,,,,,,,,,,,,,,,,,,,,,,,,,,,,,,,,,,,,,,,,,,,,,,,,,,,,,,,,,,,,,,,,,,,,,,,,,,,,,"POLYGON ((-1.168721286340293 37.96941667738235, -1.17314571837077 37.97032903708053, -1.17397642395586 37.97408318800577, -1.1724221 37.9730849, -1.170535147124971 37.97182130900334, -1.168721286340293 37.96941667738235))",52.0,41.81,16.76,13017.0,96.18,229.0,0.0,0.0,0.0,0.0,0.0,0.0,0.0,0.0,0.0,0.0,0.0,0.0,0.0,0.0,0.0,0.0,0.0,0.0,0.0,0.0,0.0,0.0,0.0,7.0,4.0,Local
29,Murcia_hdbscan_5_5,29,18,-1.091889905465264,37.95787080316743,-1.0921302,37.95782285,6.686669126360138e-06,2691923.23709282,0.0007228659358466,0.0018923076409982,0.0006862030267966,0.0005607989916948,Yes,,,,,0.056,,0.167,,,0.056,,,0.056,0.111,0.111,,,,,,,,,,,0.056,,0.056,,,,,,,,,,,0.056,,0.056,,,,,,,,,0.111,,,,,,,,,,,,,,,,,,,,,,,,,,,,,,,,,,,,,,,,,,,,,,,,,,,,,,,,,,,,,,,,,,,,,,,,,,,,,"POLYGON ((-1.092412198374749 37.95628615701379, -1.0928614 37.9573367, -1.0925432 37.9580178, -1.0902995 37.9588962, -1.092412198374749 37.95628615701379))",12.0,41.81,16.76,13017.0,96.18,148.0,0.0,0.0,0.0,0.0,0.0,0.0,0.0,0.0,0.0,0.0,0.0,0.0,0.0,0.0,0.0,0.0,0.0,0.0,0.0,0.0,0.0,0.0,0.0,3.0,6.0,Local
30,Murcia_hdbscan_5_5,30,16,-1.0937347243750293,37.95485593004104,-1.09404005,37.954950033652096,1.098131292260146e-05,1457020.6780164875,0.0012323756480246,0.0021935113240974,0.0010913745856102,0.0007662436586815,Yes,,0.062,,0.062,,,,,,,,,,,,,0.062,0.062,,,,0.062,,,,,,0.062,,,,,,,,,,,,,,,,,,,,,,,,,,,,,,,,,,,,,,0.062,0.062,0.062,,,,,,,,,,,,,,,,,,,,,,,,,,,,,,,,,,,,,,,,,,,,,,,,,,,,,,,,,,,"POLYGON ((-1.092301604672024 37.95330832365265, -1.093655816445132 37.95383994593853, -1.0954071 37.9547907, -1.095425712499342 37.9551093673042, -1.0938766 37.9561695, -1.091587671222101 37.95440687025944, -1.092301604672024 37.95330832365265))",29.0,41.81,16.76,13017.0,96.18,167.0,0.0,0.0,0.0,0.0,0.0,0.0,0.0,0.0,0.0,0.0,0.0,0.0,0.0,0.0,0.0,1.0,0.0,0.0,0.0,0.0,0.0,0.0,0.0,1.0,1.0,Local
31,Murcia_hdbscan_5_5,31,9,-1.1946139249079255,37.99098219689871,-1.1945332,37.9909691140329,2.0661148657400792e-05,435600.17641014425,0.0017465035604202,0.0039067343051596,0.0013729606700113,0.0013706718359423,No,,0.222,,,,,,,,,,,,,,,,,,,0.111,,,,,,,0.111,,,,,,,,0.111,,,,,,,,,,,,,,,,,,,,,,,,,,,,,,,,,,,,,,,,,,,,,,,,,,,,,,,,,,,,,,,,,,,,,,,,,,,,,,,,,,,,,,,,,,,"POLYGON ((-1.195253875820218 37.989359134498834, -1.19572654891576 37.9899507029958, -1.196561620910959 37.99102570177169, -1.193823245487257 37.99264760327387, -1.191867370219723 37.993760507586124, -1.193871558274505 37.990406823965614, -1.1945332 37.9894627, -1.195253875820218 37.989359134498834))",38.0,41.81,16.76,13017.0,96.18,207.0,0.0,0.0,0.0,0.0,0.0,0.0,0.0,0.0,0.0,0.0,0.0,0.0,0.0,0.0,0.0,0.0,0.0,0.0,0.0,0.0,0.0,0.0,0.0,2.0,4.0,Local
32,Murcia_hdbscan_5_5,32,27,-1.0913631961425077,38.00911251024117,-1.0912109,38.0087796,4.995506848360935e-05,540485.6968389286,0.0014226690693117,0.0054632164931038,0.0015756645390296,0.0011818885777309,Yes,0.037,0.037,,0.037,,,0.074,0.037,,,,0.074,,0.111,0.037,0.037,,0.037,0.037,,,,,,,0.037,,0.037,,,,,,,,,,,,,,0.037,0.037,0.037,,,,,0.037,,,,,,,,,,,,,,,,,,,,0.074,,,,,,,,,,,,,,,,,,,,,,,,,,,,,,,,,,,,,,,,,,,,,,,,,,,,,,,,,,"POLYGON ((-1.090131304119336 38.00748751991657, -1.0967191 38.008035, -1.091666625259137 38.014039979632074, -1.089356 38.0106156, -1.089095234970287 38.009118500248185, -1.090131304119336 38.00748751991657))",140.0,41.81,16.76,13017.0,96.18,298.0,0.0,0.0,0.0,0.0,0.0,0.0,0.0,0.0,0.0,0.0,0.0,0.0,0.0,0.0,0.0,0.0,0.0,0.0,0.0,0.0,0.0,0.0,0.0,3.0,5.0,Local
33,Murcia_hdbscan_5_5,33,8,-1.189116419273035,37.99697115582874,-1.18896005,37.997381,1.6185584730924055e-05,494266.9747800499,0.0015267396204054,0.0032724631501818,0.0015011003195634,0.0010477335463444,Yes,,,,0.125,,0.125,,,,0.125,,,,,,,,,,,,,,,,,,,,,,,,,,,,,,,,,,,,,,,,,,,,,,,,0.125,,,,,,,,,,,,,,,,,,,,,,,,,,,,,,,,,,,,,,,,,,,,,,,,,,,,,,,,,,,,,,,,,,,,,"POLYGON ((-1.186879533068731 37.99458256729609, -1.191765686698606 37.99605645762686, -1.190374557509489 37.99789510839835, -1.187371777952106 37.997753987164174, -1.186879533068731 37.99458256729609))",53.0,41.81,16.76,13017.0,96.18,206.0,1.0,0.0,0.0,0.0,0.0,0.0,0.0,0.0,0.0,0.0,0.0,0.0,0.0,0.0,0.0,0.0,0.0,0.0,0.0,0.0,0.0,0.0,0.0,0.0,0.0,Local
34,Murcia_hdbscan_5_5,34,40,-1.1777824227548503,37.99820090314002,-1.177308632369647,37.99789454694219,9.29688859952896e-05,430251.4714656971,0.0033796731565475,0.0064124084471342,0.0032449934207858,0.0020143743697934,Yes,,0.025,,0.025,,,,,,,,,0.025,,,,,,,,0.025,0.025,,,,,,,,,,,,,,,,,,,,,,,,,,,,,,,,,,,,,,,,,,,,,,,,,,,,,,,,,,,,,,,,,,,,,,,,,,,,,,,,,,,,,,,,,,,,,,,,,,,,,,,,,"POLYGON ((-1.181735124420859 37.993912402841424, -1.183896339557317 37.998995534047964, -1.183835574539568 38.000317110966314, -1.183424130042394 38.0005672179039, -1.173203941130295 38.00220840788959, -1.17268987506561 38.00126178871535, -1.173179398283438 37.9977867848652, -1.174750920237555 37.996144193706435, -1.181735124420859 37.993912402841424))",324.0,41.81,16.76,13017.0,96.18,395.0,1.0,0.0,0.0,0.0,0.0,0.0,0.0,0.0,0.0,0.0,0.0,0.0,0.0,0.0,0.0,0.0,0.0,0.0,0.0,0.0,0.0,0.0,0.0,2.0,6.0,Local
35,Murcia_hdbscan_5_5,35,20,-1.1850929726327002,37.99133662190019,-1.1849224149758075,37.99124789641724,6.618938014469976e-06,3021632.768924116,0.0008503663063841,0.0025243004054209,0.000803491572895,0.0005662291416067,No,0.05,,,,,,,,,,,0.05,,,,,,,,,,,,,,,,,,,,,,,,,,,,,,,,,,,,,,,,,,,,,,,,,,,,,,,,,,0.5,,,,,,,,,,,,,,,,,,,,,,,,,,,,,,,,,,,,,,,,,,,,,,,,,,,,,,,,,"POLYGON ((-1.185373100953873 37.9904825217302, -1.185555259781023 37.990506226357255, -1.187604331956277 37.991591899953875, -1.184490652269812 37.99236436043721, -1.184139062429972 37.992392600575215, -1.184188613581031 37.99125834706389, -1.184216557303143 37.99090281570041, -1.185373100953873 37.9904825217302))",20.0,41.81,16.76,13017.0,96.18,154.0,0.0,0.0,0.0,0.0,0.0,0.0,0.0,0.0,0.0,0.0,0.0,0.0,0.0,0.0,0.0,0.0,0.0,0.0,0.0,0.0,0.0,0.0,0.0,0.0,1.0,Urban
36,Murcia_hdbscan_5_5,36,8,-1.145968076540684,38.0296742139066,-1.145835867082117,38.02941706312708,6.1015112999916e-06,1311150.566911351,0.0010512677558599,0.0021793073156174,0.0007301052093735,0.0009215207587033,Yes,,,,0.125,0.125,,,,,,,0.125,,,,,,,,,,,,,,,,,,,,,,,,,,,,,,,,,,,,0.125,,,,,,,0.125,,,0.125,,,,,,,,,,,,,,,,,,,,,,,,,,,,,,,,,,,,,,,,,,,,,,,,,,,,,,,,,,,,,,,,,,,,,"POLYGON ((-1.1450187 38.0286781, -1.146877350338867 38.02875632340213, -1.1472057 38.031468, -1.145595184225069 38.030606426642244, -1.1450187 38.0286781))",20.0,41.81,16.76,13017.0,96.18,157.0,0.0,0.0,0.0,0.0,0.0,0.0,0.0,1.0,0.0,0.0,0.0,0.0,0.0,0.0,0.0,0.0,0.0,0.0,0.0,0.0,0.0,0.0,0.0,0.0,4.0,Local
37,Murcia_hdbscan_5_5,37,12,-1.14907183623748,38.031973796731045,-1.1490859,38.0319479,3.670824440004224e-06,3269020.4056683765,0.0006369314777026,0.0012650046469691,0.000502743029126,0.0005263709401396,Yes,,,,0.083,,0.083,,,,,,0.167,,,,,,,,,,,,,,,,0.333,,,,,,,,,,,0.083,,,,,,,,,,,,,,,,,,,0.083,0.083,0.083,,,,,,,,,,,,,,,,,,,,,,,,,,,,,,,,,,,,,,,,,,,,,,,,,,,,,,,,,,,,,,,,,,,"POLYGON ((-1.1492147 38.0310785, -1.1499468 38.0312023, -1.1494334 38.0328079, -1.1486669 38.0326474, -1.1478242 38.0321827, -1.1492147 38.0310785))",11.0,41.81,16.76,13017.0,96.18,128.0,0.0,1.0,1.0,0.0,0.0,0.0,0.0,0.0,0.0,1.0,0.0,1.0,1.0,0.0,0.0,0.0,0.0,1.0,0.0,0.0,0.0,0.0,0.0,0.0,2.0,Local
38,Murcia_hdbscan_5_5,38,7,-1.1514394216998132,37.95641056015888,-1.1511719454906304,37.95567780695082,2.6630968648719192e-05,262851.8734085425,0.0023857861028358,0.0033577036200939,0.0018089769463319,0.0017836337622927,Yes,,,,,,,,,,,,,,,,,,,,,,,,,,,,,,,,,,,,,,,,,,,,,,,,,,,,,,,,,,,,,,,,,,,,,0.143,,0.143,,,,,,,,,,,,,,,,,,,,,,,,,,,,,,,,,,,,,,,,,,,,,,,,,,,,,,,,"POLYGON ((-1.148672 37.9545091, -1.15117194549063 37.954640556604495, -1.154336175055292 37.95527945861088, -1.15022055 37.95921075, -1.148672 37.9545091))",69.0,41.81,16.76,13017.0,96.18,238.0,0.0,0.0,0.0,0.0,0.0,0.0,0.0,0.0,0.0,0.0,0.0,0.0,0.0,0.0,0.0,0.0,0.0,0.0,0.0,0.0,0.0,0.0,0.0,5.0,4.0,Mixed
39,Murcia_hdbscan_5_5,39,7,-1.1224188566373057,38.023549294813634,-1.1222535,38.02340881775429,8.908632099140387e-06,785754.7513580053,0.0013370609993757,0.0023818296644934,0.0013943398152318,0.0006314577908366,Yes,,0.143,,,,,,,,,,,,0.143,,,0.143,,,,,,,,,,,,,,,,,,,0.143,,,,,,,,,,,,,,,,,,,,,,,,,,,,,,,,,,,,0.143,,,,,,,,,,,,,,,,,,,,,,,,,,,,,,,,,,,,,,,,,,,,,,,,,,,,,,,"POLYGON ((-1.1241551 38.0225708, -1.1244871 38.0247306, -1.120362351366267 38.02338158216248, -1.121410800831736 38.02311384244359, -1.1241551 38.0225708))",22.0,41.81,16.76,13017.0,96.18,170.0,0.0,0.0,0.0,0.0,0.0,0.0,0.0,0.0,0.0,0.0,0.0,0.0,0.0,0.0,0.0,0.0,0.0,0.0,0.0,0.0,0.0,0.0,0.0,1.0,2.0,Local
40,Murcia_hdbscan_5_5,40,14,-1.1304300360789037,38.02592373591772,-1.1306804242448538,38.02595864052546,2.47106517861586e-05,566557.2936381204,0.0019679280276038,0.0039562455731644,0.0017129277761381,0.0013126503950074,Yes,,0.214,,0.071,0.071,,,,,,,0.071,0.071,,,,,,,,,,0.071,,,,,,,,,,,,,,,,,,,,,,,,,,,,,,,,,,,,,,,,,,,,,,,,,,0.071,,,,,,,,,,,,,,,,,,,,,,,,,,,,,,,,,,,,,,,,,,,,,,,,,,,,,,"POLYGON ((-1.131693308360303 38.024190695589546, -1.133270952146451 38.02604458109329, -1.129456157295758 38.027463717680824, -1.127192016457453 38.02819686327145, -1.1271028 38.02663595, -1.1306014 38.0243796, -1.131693308360303 38.024190695589546))",63.0,41.81,16.76,13017.0,96.18,226.0,0.0,0.0,0.0,0.0,0.0,0.0,0.0,0.0,0.0,0.0,0.0,0.0,0.0,1.0,0.0,0.0,0.0,0.0,0.0,0.0,0.0,0.0,0.0,1.0,3.0,Local
41,Murcia_hdbscan_5_5,41,22,-1.1371370659641058,38.02274132276859,-1.1364393716803414,38.02210644175649,6.115799615865364e-05,359724.0161847108,0.0025492772916408,0.0058025889063512,0.0020234724997749,0.0019007499151649,Yes,,0.045,,0.091,0.045,,,,,,,0.045,,0.091,,,,,,0.045,0.045,,,0.045,,,,0.136,0.045,,,,,,,,,,,,0.045,,,,,,,,,,,,,,,,,,,,,,,,,,,,,,,,,,,,,,,,,,,,,,,,,,,,,,,,,,,,,,,,,,,,,,,,,,,,,,,,,,,,,,"POLYGON ((-1.136538643360683 38.02004376387372, -1.138005244146074 38.020048038385646, -1.140378444094369 38.022147233512975, -1.1408309 38.0226278, -1.141711362758047 38.02384595919833, -1.137503738002223 38.02853231487984, -1.134939074806831 38.02382549836354, -1.1345066 38.0219155, -1.136538643360683 38.02004376387372))",178.0,41.81,16.76,13017.0,96.18,317.0,1.0,1.0,1.0,0.0,0.0,0.0,0.0,0.0,0.0,0.0,0.0,0.0,0.0,0.0,0.0,0.0,0.0,0.0,0.0,0.0,0.0,0.0,0.0,10.0,6.0,Local
42,Murcia_hdbscan_5_5,42,6,-1.1184405632964938,37.93784384532618,-1.1182942,37.9379828,5.969306831429536e-06,1005141.8312774372,0.0009400182741526,0.0020953545790488,0.0008036285221634,0.0008205457524054,No,,,,,,,,,,,,,0.167,,,,,,,,,,,,,,,,,,,,,,,,,,,,,,,,,,,,,,,,,,,,,,,,,,,,,,,,,,,,,,,,,,,,,,,,,,,,,,,,,,,,,,,,,,,,,,,,,,,,,,,,,,,,,,,,,,"POLYGON ((-1.117689798469379 37.936640972390705, -1.120118685687158 37.93909860269471, -1.1182228 37.9382929, -1.117776295622426 37.93706499687165, -1.117689798469379 37.936640972390705))",7.0,41.81,16.76,13017.0,96.18,143.0,0.0,0.0,0.0,0.0,0.0,0.0,0.0,0.0,0.0,0.0,0.0,0.0,0.0,0.0,0.0,0.0,0.0,0.0,0.0,0.0,0.0,0.0,0.0,0.0,2.0,Urban
43,Murcia_hdbscan_5_5,43,15,-1.1145704322707413,37.943005912415856,-1.114864,37.9426117,3.678510374909345e-05,407773.7581580062,0.0021109098943354,0.0041970098916654,0.0017345973564362,0.0015434111036051,Yes,,0.067,,0.067,,,,,,,,,,,,,,,,,0.067,,,,,,,,,0.067,,,,,,,,,,,,,,0.067,,,,,,,,,,,,,,,,,,,,,,,,,,,,,,,,,,,,,,,,,,,,,,,,,,,,,,,,,,,,,,,,,,,,,,,,,,,,,,,,,,,"POLYGON ((-1.115312867465191 37.9405259448089, -1.1178293 37.9426117, -1.112160014873119 37.945917046438474, -1.111006 37.9452217, -1.112433799684425 37.94258098875751, -1.113478391880728 37.941249493104046, -1.115312867465191 37.9405259448089))",90.0,41.81,16.76,13017.0,96.18,251.0,0.0,0.0,0.0,0.0,0.0,0.0,0.0,0.0,0.0,0.0,0.0,0.0,0.0,0.0,0.0,0.0,0.0,0.0,0.0,0.0,0.0,0.0,0.0,5.0,4.0,Local
44,Murcia_hdbscan_5_5,44,11,-1.129414145173454,37.96249158721021,-1.1285788,37.96192416113119,3.1072743582246425e-05,354008.0061126275,0.0028789767865468,0.0041384452538451,0.0025707118014842,0.001495643350167,Yes,,0.182,,0.091,,0.091,,,,,,0.091,0.091,,,,,,,,,,,,,,,,,,,,,,,,,,,,,,,,,,,,,,,,,,,,,,,,,,,,,,,,,,,,,,,,,,,,,,,,,,,,,,,,,,,,,,,,,,,,,,,,,,,,,,,,,,,,,,,,,,"POLYGON ((-1.127660216848459 37.960261833587744, -1.1331097 37.9606289, -1.133164252884362 37.96182288256426, -1.13148439625675 37.96468333154302, -1.126798777958911 37.96376348191903, -1.126366065556731 37.96256494362033, -1.126136602098013 37.96192416113119, -1.127660216848459 37.960261833587744))",119.0,41.81,16.76,13017.0,96.18,260.0,0.0,0.0,0.0,0.0,0.0,0.0,0.0,0.0,0.0,0.0,0.0,0.0,0.0,0.0,0.0,0.0,0.0,0.0,0.0,0.0,0.0,0.0,0.0,0.0,0.0,Local
45,Murcia_hdbscan_5_5,45,9,-1.1250938097543588,37.949747839864,-1.1246759283056815,37.95014699686779,1.2601846366168336e-05,714181.0603374704,0.0015426378994034,0.0024617678263964,0.0013479918082498,0.0009975162850865,Yes,,,,,,,,,,,,0.111,,,,,,,,,,,,,,,,,,,,,,,,,,,,,,,,,,,,,,,,,,,,,,,,,,,,,,,,,,,,,,0.111,,,,,,,,,,,,,,,,,,,,,,,,,,,,,,,,,,,,,,,,,,,,,,,,,,,,,"POLYGON ((-1.12621758340213 37.94755753540579, -1.127108114970711 37.94949382674044, -1.126996789983621 37.94956415647503, -1.125303571384246 37.9504895245567, -1.12349058370889 37.95075155344218, -1.12316266249593 37.948685730775544, -1.12621758340213 37.94755753540579))",42.0,41.81,16.76,13017.0,96.18,184.0,0.0,0.0,0.0,0.0,0.0,0.0,0.0,0.0,0.0,0.0,0.0,0.0,0.0,0.0,0.0,0.0,0.0,0.0,0.0,0.0,0.0,0.0,0.0,0.0,2.0,Local
46,Murcia_hdbscan_5_5,46,10,-1.1606353171463897,37.92738664883876,-1.160147760638245,37.92714205681709,9.051709273848511e-06,1104763.7189244702,0.0012191343510792,0.0024483984337402,0.0008722993313082,0.0011070676722318,No,,0.4,,,,,,,,,,0.1,,,,,,,,,,,,,,,,,,,,,,,,,,,,,,,,,,,,,,,,0.1,,,,,,,,,,,,,,,,,,0.2,,,,,,,,,,,,,,,,,,,,,,,,,,,,,,,,,,,,,,,,,,,,,,,,,,,,,,,,,"POLYGON ((-1.1615432 37.9257755, -1.1622537 37.9292239, -1.161756334884086 37.929536234637, -1.159876148296196 37.92763705476566, -1.159846800777492 37.92673931169458, -1.1615432 37.9257755))",26.0,41.81,16.76,13017.0,96.18,172.0,0.0,0.0,0.0,0.0,0.0,0.0,0.0,0.0,0.0,0.0,0.0,0.0,0.0,0.0,0.0,0.0,0.0,0.0,0.0,0.0,0.0,0.0,0.0,1.0,4.0,Local
47,Murcia_hdbscan_5_5,47,20,-1.102086305171158,37.99546159270125,-1.1024008084083103,37.995178180580425,2.248289212059449e-05,889565.270016123,0.0018836142536308,0.0033654622632172,0.0019074893332957,0.000850370777174,Yes,,0.05,,,,,,,,,,,,,,,,,,,0.05,0.05,,,,,,,,0.05,,,,,,0.05,,,,,,,,,,,,,,,,,,,,,,,,,,,,,,,,,,,,,,,,,,,,,,,,,,,,,,,,,,,,,,,,,,,,,,,,,,,,,,,,,,,,,,,,,,,"POLYGON ((-1.104619229650735 37.99413640509193, -1.105152719159689 37.99514944036078, -1.102878764444947 37.99638993368944, -1.099870935247766 37.99764085914482, -1.0987372 37.995793, -1.0995725875209 37.994925358740474, -1.10354114695192 37.99427696159034, -1.104619229650735 37.99413640509193))",62.0,41.81,16.76,13017.0,96.18,222.0,0.0,0.0,0.0,0.0,0.0,0.0,0.0,0.0,0.0,0.0,0.0,0.0,0.0,0.0,0.0,0.0,0.0,0.0,0.0,0.0,0.0,0.0,0.0,0.0,8.0,Local
48,Murcia_hdbscan_5_5,48,7,-1.1012571137279876,37.99184824300783,-1.1013734695479744,37.991778928380334,7.734497465619665e-06,905036.1747631888,0.0011805875321127,0.0022589389597721,0.0013045749889447,0.0006103430818532,Yes,,0.143,,,,,,,,,,,,,,,0.143,,,,,,,,,,,,,,,,,,,,,,,,,,,,,,,,,,,,,,,,,,,,,,,,,,,,,,,,,,0.143,,,,,,,,,,,,,,,,,,,,,,,,,,,,,,,,,,,,,,,,,,,,,,,,,,,,"POLYGON ((-1.102502651329311 37.990966251426535, -1.1032068 37.9911969, -1.101482457551229 37.99225802922308, -1.099276241079224 37.992934037082854, -1.099653876588175 37.99174675494202, -1.102502651329311 37.990966251426535))",17.0,41.81,16.76,13017.0,96.18,158.0,0.0,0.0,0.0,0.0,0.0,0.0,0.0,0.0,0.0,0.0,0.0,0.0,0.0,0.0,0.0,0.0,0.0,0.0,0.0,0.0,0.0,0.0,0.0,0.0,4.0,Local
49,Murcia_hdbscan_5_5,49,19,-1.1311591559435836,37.94234621931746,-1.1313069,37.9424528,2.152536807125009e-05,882679.4476688625,0.0015488069935984,0.0032979068054486,0.0011926948258194,0.0012621799449982,Yes,0.105,0.053,,0.053,0.105,,,,,,,0.053,,0.053,0.053,,,,,,0.053,0.053,,,,,,,,,,,,,,,,,,,,,,,,,,,,,,,,,,,,,,,,,,,,,,,,,,,,,,,,,,,,,,,,,,,,,,,,,,,,,,,,,,,,,,,,,,,,,,,,,,,,,,,,,"POLYGON ((-1.1298965 37.9392996, -1.13347878762848 37.94172857570873, -1.132095843185236 37.943453972051586, -1.13078110842447 37.94401760509384, -1.1289164 37.9437523, -1.129220896593867 37.940756124912895, -1.1298965 37.9392996))",68.0,41.81,16.76,13017.0,96.18,220.0,1.0,0.0,0.0,0.0,0.0,0.0,0.0,0.0,0.0,0.0,0.0,0.0,0.0,0.0,0.0,0.0,0.0,0.0,0.0,0.0,0.0,0.0,0.0,4.0,1.0,Local
50,Murcia_hdbscan_5_5,50,7,-1.1199512349261234,37.96509351091431,-1.12004119750657,37.9646672,1.2936697011787811e-05,541096.3860111786,0.0015960400013097,0.0027329569216451,0.0013934439289897,0.0010560534911983,Yes,,0.429,,0.143,,,,,,,,,,,,,,,,,,,,,,,,,,,,,,,,,,,,,,,,,,,,,,,,,,,,,,,,,,,,,,,,,,,,,,,,0.143,,,,,,,,,,,,,,,,,,,,,,,,,,,,,,,,,,,,,,,,,,,,,,,,,,,"POLYGON ((-1.117423442601661 37.96405460788709, -1.119201152803114 37.96409750599237, -1.1222236 37.9645268, -1.120749772813696 37.9666593890065, -1.12004119750657 37.96674966472341, -1.117423442601661 37.96405460788709))",35.0,41.81,16.76,13017.0,96.18,187.0,0.0,0.0,0.0,0.0,0.0,0.0,0.0,0.0,0.0,0.0,0.0,0.0,0.0,0.0,0.0,0.0,0.0,0.0,0.0,0.0,0.0,0.0,0.0,2.0,2.0,Local
51,Murcia_hdbscan_5_5,51,18,-1.140256276268326,37.94131804981125,-1.14024755,37.9413998,2.879692633050361e-05,625066.7100166593,0.0014639584456794,0.0037184238361712,0.0014518026287688,0.0011467821128045,Yes,,0.056,,,0.056,,,,,,,0.056,,0.167,0.056,,0.056,,,0.056,,,,,,,,,,,,,,,,,,,,,,,,,,,,0.111,,0.111,,,,,,,,,,,,,,,,,,,,,,,,,,,,,,,,,,,,,,,,,,,,,,,,,,,,,,,,,,,,,,,,,,,,,,,,,,,,,"POLYGON ((-1.1429767 37.9387831, -1.142148930662774 37.94367993507251, -1.140984406331517 37.94347966275748, -1.137556732269675 37.941973229917856, -1.13709597787967 37.941457110329836, -1.1391481 37.9397581, -1.1429767 37.9387831))",87.0,41.81,16.76,13017.0,96.18,245.0,0.0,0.0,0.0,0.0,0.0,0.0,0.0,0.0,0.0,0.0,0.0,0.0,0.0,0.0,0.0,0.0,0.0,0.0,0.0,0.0,0.0,0.0,0.0,2.0,8.0,Mixed
52,Murcia_hdbscan_5_5,52,48,-1.1053007839932676,37.97729856754776,-1.1053068,37.97735425,3.4256447306027706e-05,1401196.0893432752,0.001602574476455,0.004307007490714,0.0009548070266443,0.0016707984424829,Yes,0.062,0.042,,0.021,0.062,,0.021,0.021,,0.042,,0.083,,0.062,0.021,,,0.021,0.021,,0.021,0.062,,0.021,,,,,,0.021,,,,,,,,,,,,,,0.021,,0.021,0.021,,,0.021,,,,,,,,,,,,,,,,0.021,,,,,,,0.021,,0.021,,0.021,0.021,0.021,0.021,,,,,,,,,,,,,,,,,,,,,,,,,,,,,,,,,,,,,,,,,,,,,,,"POLYGON ((-1.106448110012597 37.97351396527696, -1.106642984371081 37.97381645933227, -1.107234 37.9763086, -1.1065597 37.9802199, -1.1043741 37.98051, -1.102337448072779 37.98042410010197, -1.1034836 37.976642, -1.105640919717523 37.97380491582179, -1.106448110012597 37.97351396527696))",113.0,41.81,16.76,13017.0,96.18,279.0,0.0,0.0,0.0,0.0,0.0,0.0,0.0,0.0,0.0,0.0,0.0,0.0,0.0,0.0,0.0,0.0,0.0,0.0,0.0,0.0,0.0,0.0,0.0,6.0,6.0,Primary
53,Murcia_hdbscan_5_5,53,19,-1.14663535692797,37.94123724788619,-1.1466718,37.9412746,1.160427618764702e-05,1637327.4552208495,0.0011301961706592,0.0026772370737479,0.0010110180592115,0.0007696728422235,Yes,0.105,0.053,,0.105,,,,,,,,0.105,,,0.053,,,,,0.053,0.053,,,,0.053,,,0.053,,,,,,,,0.053,,,,,,,,,,,,,,0.053,,,,,,,,,,,,,,,,,,,,,,,,,,,,,,,,,,,,,,,,,,,,,,,,,,,,,,,,,,,,,,,,,,,,,,,,,,,,,"POLYGON ((-1.1480773 37.9389815, -1.147964184983673 37.9421708153095, -1.14614780913627 37.94250467338787, -1.14489242761911 37.94082413719299, -1.1447836 37.9406146, -1.1480773 37.9389815))",37.0,41.81,16.76,13017.0,96.18,183.0,0.0,0.0,0.0,0.0,0.0,1.0,0.0,1.0,0.0,0.0,0.0,0.0,0.0,0.0,0.0,0.0,0.0,0.0,0.0,0.0,0.0,0.0,0.0,2.0,2.0,Local
54,Murcia_hdbscan_5_5,54,5,-1.1494823152182088,37.93859385136773,-1.1497109656382578,37.93827169856946,2.8796250472883824e-06,1736337.168169961,0.0008721926547649,0.0011695255818741,0.000530156948279,0.0007341315235914,Yes,,,,0.2,,,,,,,,,,,,,,,,,,,,,,,,0.2,,,,,,,,,,,,,,,,,,,,0.2,,,,,,,,,,,,,,,,,,,,,,,,,,,,,,,,,,,,,,,,,,,,,,,,,,,,,,,,,,,,,,,,,,,,,,,,,,,,,,,"POLYGON ((-1.148829336281804 37.93765896185342, -1.150216563105978 37.93827169856946, -1.149739377664179 37.939734775986416, -1.148915333400825 37.938199973274756, -1.148829336281804 37.93765896185342))",7.0,41.81,16.76,13017.0,96.18,125.0,1.0,1.0,0.0,0.0,0.0,0.0,0.0,0.0,0.0,0.0,0.0,0.0,0.0,0.0,0.0,0.0,0.0,0.0,0.0,0.0,0.0,0.0,0.0,0.0,0.0,Local
55,Murcia_hdbscan_5_5,55,22,-1.1697188656817084,37.93920424953369,-1.169875911444949,37.93939361870417,3.01969352886214e-05,728550.7548936561,0.0019486854992272,0.0039499090462624,0.0014189666076975,0.0016036052093795,Yes,,0.136,,,,,0.045,,,,,0.045,0.045,,0.045,,,,,,0.045,,,,,,,,,0.091,,,,,,,,,,,,,,,,,,,,,,,,,,,,,,,,,,,,,,,,,,,,,,,,,,,0.045,,,,,,,,,,,,,,,,,,,,,,,,,,,,,,,,,,,,,,,,,,,,,,"POLYGON ((-1.167897612183737 37.93569927918148, -1.169077186347632 37.936341982967804, -1.172918365688701 37.93895174300816, -1.171790470805657 37.94000407596178, -1.1698468 37.9409606, -1.168321 37.9413162, -1.1675423 37.9412852, -1.167897612183737 37.93569927918148))",90.0,41.81,16.76,13017.0,96.18,252.0,0.0,0.0,0.0,0.0,0.0,0.0,0.0,0.0,0.0,0.0,0.0,0.0,0.0,0.0,0.0,0.0,0.0,0.0,0.0,0.0,0.0,0.0,0.0,2.0,4.0,Mixed
56,Murcia_hdbscan_5_5,56,11,-1.099196520899214,38.01812924719016,-1.0992941514067576,38.0181691,7.387359553657148e-06,1489030.0005168146,0.0011942686416215,0.0021585884396946,0.001220786301604,0.0005163551604707,Yes,0.091,0.091,,,0.091,,,,,,,,,,0.091,,,,,,,,,,,,,,,0.091,,,,,,,,,,,,,,,,,,,,0.091,,,,,,,,,,,,,,,,,,,,,,,,,,,,,,,,0.091,,,,,,,,,,,,,,,,,,,,,,,,,,,,,,,,,,,,,,,,,,,,,"POLYGON ((-1.099294151406758 38.017223467196864, -1.100723470542147 38.01825203583423, -1.100371159585156 38.0185065886495, -1.0979933 38.0192301, -1.097042 38.0182617, -1.098382748357294 38.017288827411164, -1.099294151406758 38.017223467196864))",22.0,41.81,16.76,13017.0,96.18,153.0,0.0,0.0,0.0,0.0,0.0,0.0,0.0,0.0,0.0,0.0,0.0,0.0,0.0,0.0,0.0,0.0,0.0,0.0,0.0,0.0,0.0,0.0,0.0,1.0,3.0,Local
57,Murcia_hdbscan_5_5,57,10,-1.102297092951208,38.01301236491593,-1.102294916014345,38.01336135,6.582111718437138e-06,1519269.260044466,0.0011771293884062,0.002159059111582,0.0007891360576171,0.0010013646440645,Yes,,,,,,,,,,,,,0.1,,,,,,,,,,,,,,,,0.1,,,0.1,,,,,,,,,,,,,,,,,,,,,,,,,,,,,,0.1,,,,,,,,,,,,,,,,,,,,,0.1,0.1,0.1,,,,,,,,,,,,,,,,,,,,,,,,,,,,,,,,,,,,,,,,,,"POLYGON ((-1.1032388 38.0110695, -1.103363080528191 38.01372907434696, -1.101236485547333 38.0141646411894, -1.101339 38.0134454, -1.1016736 38.0124593, -1.1032388 38.0110695))",20.0,41.81,16.76,13017.0,96.18,161.0,0.0,0.0,0.0,0.0,0.0,0.0,0.0,0.0,0.0,0.0,0.0,0.0,0.0,0.0,0.0,0.0,0.0,0.0,0.0,0.0,0.0,0.0,0.0,0.0,5.0,Local
58,Murcia_hdbscan_5_5,58,7,-1.170800446927815,38.014418416529416,-1.1705233639029895,38.0141583,9.646870830182228e-06,725623.8964140635,0.0012601676785442,0.0023196397855351,0.000941001955697,0.0010231493835974,No,,,0.143,,,,,,,,,,0.143,,,,,,,,,,,,,,,,,,,,,,,,,,,,,,,,,,,,,,,,,,,,,,,,,,,,,,,,,0.429,,,,,,,,,,,,,,,,,,,,,,,,,,,,,,,,,,,,,,,,,,,,,,,,,,,,,,,,,"POLYGON ((-1.171041095800101 38.013393511459135, -1.172765732657531 38.01428056377668, -1.170327381621214 38.016689305771614, -1.169838708117905 38.0141302273966, -1.17052336390299 38.01350840252057, -1.171041095800101 38.013393511459135))",26.0,41.81,16.76,13017.0,96.18,167.0,0.0,0.0,0.0,0.0,0.0,0.0,0.0,0.0,0.0,0.0,0.0,0.0,0.0,0.0,0.0,0.0,0.0,0.0,0.0,0.0,0.0,0.0,0.0,0.0,8.0,Local
59,Murcia_hdbscan_5_5,59,31,-1.170743808476207,38.02333938068157,-1.1706880084256854,38.02309873700528,5.6823031660679945e-05,545553.4330712451,0.0026491402934168,0.005203721322093,0.0017121529412684,0.0023042892795513,No,,,,,,,,,,,,,,0.032,,,0.032,,,,,,,,,,,,,,,,,,,,,,,,,,,,,,,,,,,,,,,,,,,,,,,,,,,,,0.903,,,,,,,,,,,,,,,,,,,,,,,,,,,,,,,,,,,,,,,,,,,,,,,,,,,,,,,,,"POLYGON ((-1.169635190824584 38.018255122377695, -1.174309265131958 38.02259251992961, -1.174491095630519 38.02357391323865, -1.171619632431976 38.02602479793053, -1.170168359469157 38.026549739483286, -1.169618986245559 38.02669642265589, -1.169183033938209 38.02676972323814, -1.168223716906704 38.02616259796815, -1.167817496645432 38.02581965678773, -1.168731823014017 38.020329697832295, -1.169635190824584 38.018255122377695))",173.0,41.81,16.76,13017.0,96.18,317.0,0.0,0.0,0.0,0.0,0.0,0.0,0.0,0.0,0.0,0.0,0.0,0.0,0.0,0.0,0.0,0.0,0.0,0.0,0.0,0.0,0.0,0.0,0.0,10.0,4.0,Mixed
60,Murcia_hdbscan_5_5,60,11,-1.1102957355793637,38.0026926156762,-1.1102256,38.0023312,1.4227888464362292e-05,773129.4793006399,0.0012701289903823,0.0033531528306391,0.0010775513757474,0.0010587209916596,Yes,,0.091,,0.091,,,,,,,,0.091,0.091,,,,,,,0.091,,,0.091,,,,,,,0.091,,0.182,,,,,,,,,,,,,,,,,,,,,,,,,,,,,,0.091,,,,,,,,,,,,,,,,,,,,,,,,0.091,,,,,,,,,,,,,,,,,,,,,,,,,,,,,,,,,,,,,,,,,"POLYGON ((-1.1111076 38.0011737, -1.113075138885169 38.004568395825714, -1.1103397 38.0042758, -1.1088839273025 38.003978876884965, -1.109104925185329 38.00282449972755, -1.1099849 38.0020821, -1.1111076 38.0011737))",40.0,41.81,16.76,13017.0,96.18,191.0,0.0,0.0,0.0,0.0,0.0,0.0,0.0,0.0,0.0,0.0,0.0,0.0,0.0,0.0,0.0,0.0,0.0,0.0,0.0,0.0,0.0,0.0,0.0,0.0,5.0,Local
61,Murcia_hdbscan_5_5,61,10,-1.116697248504558,38.0067862609862,-1.11653115,38.00687915,7.978285159981688e-06,1253402.178473018,0.0014640532209575,0.0025637793961755,0.0016130885037288,0.0005851498891902,Yes,,0.1,,0.2,0.2,,,,,0.1,,0.1,,,,,,,,,,,,,,,,,0.1,,,,,,,,,,,,,,,,,,,,,,,,,,,,,,,,,,,,,,,,,,,,,,,,,,,,,,,,,,,,,,,,,,,,,,,,,,,,,,,,,,,,,,,,,,,,,,,,,,"POLYGON ((-1.11907204766863 38.005952490331694, -1.119187 38.0073979, -1.115715889392014 38.00758697774994, -1.114529673487182 38.006461355684024, -1.114305784598199 38.0060204707641, -1.11907204766863 38.005952490331694))",33.0,41.81,16.76,13017.0,96.18,183.0,0.0,0.0,0.0,1.0,0.0,0.0,0.0,0.0,0.0,0.0,0.0,0.0,0.0,0.0,0.0,0.0,0.0,0.0,0.0,0.0,0.0,0.0,0.0,1.0,7.0,Local
62,Murcia_hdbscan_5_5,62,10,-1.158117064774059,37.94160790583574,-1.1579094118253734,37.94154857701956,3.872072189653076e-06,2582596.4781136904,0.0008069664347921,0.0020175903893682,0.0008410262363859,0.000435576789669,Yes,,,,0.1,,,,,,,,,,,0.1,,,0.1,,,,,,,,,,,,,,,,,,,,,,,,,,,,,,,,,,,,0.1,,,,,,,,,,,,,,,,,,,,,,,,,,,,,,,,,0.1,,,,,,,,,,,,,,,,,,,,,,,,,,,,,,,,,,,,,,,,"POLYGON ((-1.1576367 37.9410725, -1.1601004 37.9412377, -1.1586562 37.9420348, -1.158163379165059 37.94226533189602, -1.157324434710427 37.94232071409347, -1.156998310214359 37.94156855403913, -1.1576367 37.9410725))",12.0,41.81,16.76,13017.0,96.18,137.0,0.0,0.0,0.0,0.0,0.0,0.0,1.0,0.0,0.0,0.0,0.0,0.0,0.0,0.0,0.0,0.0,0.0,0.0,0.0,0.0,0.0,0.0,0.0,1.0,4.0,Local
63,Murcia_hdbscan_5_5,63,30,-1.15784379698607,38.003794946775336,-1.15738345,38.0039136,4.100521707014774e-05,731614.2223727023,0.0017308141184498,0.0067201943975743,0.0013620832754799,0.0016538114516825,Yes,0.033,,,0.067,,,,,,0.033,,0.033,0.033,,,,,,,,,,0.033,,,,,0.067,,,,,,,,,,,,,,,,,,,,0.033,,0.033,,,,,,,,,,,,,,,,,,,,,,,,,,,,,,,,,,,,,,,,,,,,,,,,,,,,,,,,,,,,,,,,,,,,,,,,,,,,,"POLYGON ((-1.1565297 38.0015504, -1.160312096810842 38.002119635300055, -1.161076797905183 38.00340178929322, -1.160448485518369 38.00998983260083, -1.158252951780853 38.007785005797764, -1.15621803322163 38.004537017809035, -1.1563511 38.00226, -1.1565297 38.0015504))",136.0,41.81,16.76,13017.0,96.18,308.0,0.0,0.0,0.0,0.0,0.0,0.0,0.0,0.0,0.0,0.0,0.0,0.0,0.0,1.0,0.0,0.0,0.0,0.0,0.0,0.0,0.0,0.0,0.0,2.0,5.0,Local
64,Murcia_hdbscan_5_5,64,7,-1.1605465857142858,37.935924042857145,-1.1605124,37.9357807,1.202603999997358e-06,5820702.409118361,0.0005190234774848,0.0007922714383561,0.0004258130288168,0.0003563416653273,Yes,,,,,,,,,,,,0.143,,,0.143,,,,,,,,0.286,,,,,0.143,,,,,,,,,,,,,,,,,,,,,,,,,,,,,,,,,,,,,,,,,,,,,,,,,,,,,,,,,,,,0.143,,,,,,,,,,,,,,,,,,,,,,,,,,,,,,,,,,,,,,,"POLYGON ((-1.1604184 37.9354807, -1.1611551 37.9357346, -1.1609706 37.9361928, -1.159997 37.9364947, -1.1599691 37.9355489, -1.1604184 37.9354807))",4.0,41.81,16.76,13017.0,96.18,105.0,0.0,0.0,0.0,0.0,0.0,0.0,0.0,0.0,0.0,0.0,1.0,0.0,0.0,0.0,0.0,0.0,0.0,0.0,0.0,0.0,0.0,0.0,0.0,1.0,6.0,Local
65,Murcia_hdbscan_5_5,65,76,-1.1618399018772607,37.93990583785698,-1.1619377,37.94001915,2.602609618428634e-05,2920145.974327344,0.0013930100427197,0.0038161650886274,0.000681637897545,0.0014472295432219,Yes,0.013,0.013,,0.013,0.013,,0.026,,,0.026,,0.013,0.066,0.092,0.039,0.013,0.013,,0.013,,,0.013,,,0.026,0.013,,0.026,,0.013,,0.026,,,,,,,,,0.013,,,0.039,,0.013,0.026,,,0.039,,,,0.053,0.013,,0.026,,,,,0.013,0.026,,,,,,0.013,,,,,,0.013,,,,,,,,,,,,0.013,,0.053,0.013,0.013,0.013,0.013,0.013,0.013,0.013,,,,,,,,,,,,,,,,,,,,,,,,,,,,,,,"POLYGON ((-1.163573723516058 37.93650628222301, -1.163673702855637 37.936910825225084, -1.162745122398226 37.941406567196545, -1.161539094296408 37.94296661031116, -1.1600263 37.9405596, -1.1596812 37.9396232, -1.1596451 37.9395028, -1.1604462 37.9380763, -1.1615246 37.9373968, -1.163573723516058 37.93650628222301))",75.0,41.81,16.76,13017.0,96.18,244.0,1.0,0.0,0.0,0.0,0.0,0.0,0.0,0.0,0.0,0.0,0.0,0.0,0.0,0.0,0.0,0.0,0.0,0.0,1.0,0.0,0.0,0.0,0.0,5.0,7.0,Local
66,Murcia_hdbscan_5_5,66,28,-1.150372936021354,38.00965866638664,-1.15083479055865,38.00944485,6.15989733409782e-05,454553.0303728818,0.0027001295000898,0.0061857104425873,0.0019266699367109,0.0021776050299565,Yes,0.036,0.071,,0.071,,,,,,,,0.071,0.036,,0.036,,0.036,,,,0.071,,,,,,,,0.107,,,,,,,,,,,,,,,,,,,,,,,,,,,,,,,,,,,,,,,,,,,,,,,,,,,,,,,,,,,,,,,,,,,,,,,,,,,,,,,,,,,,,,,,,,,,,,,,,,"POLYGON ((-1.145393687434114 38.0059885032859, -1.152055209616451 38.00687883548772, -1.153862 38.0122183, -1.152418420584962 38.013262558519656, -1.150370124057695 38.01310808628532, -1.145393687434114 38.0059885032859))",170.0,41.81,16.76,13017.0,96.18,328.0,2.0,0.0,0.0,0.0,0.0,0.0,0.0,0.0,0.0,0.0,0.0,0.0,0.0,0.0,0.0,0.0,0.0,0.0,0.0,0.0,0.0,0.0,0.0,4.0,12.0,Local
67,Murcia_hdbscan_5_5,67,7,-1.1280797437351704,37.96957689127634,-1.128068040397774,37.9693968012341,2.5714263851631597e-06,2722224.5366965244,0.0006617137103328,0.0014520591250013,0.0004298053936824,0.0006280096601845,Yes,0.143,0.143,,,,,,,,,,,,,,,,,,,,,,,,,,,,,,,,,,,,,,,,,,,,,,,,,,,,,,,,,0.286,,,,,,,,,,,,,,,,,,,,,,,,,,,,,,,,,,,,,,0.143,0.143,,,,,,,,,,,,,,,,,,,,,,,,,,,,,"POLYGON ((-1.1274169 37.9690714, -1.1284866 37.9690977, -1.1287366 37.9695926, -1.128241673811304 37.971019893131135, -1.127606 37.9696723, -1.1274169 37.9690714))",7.0,41.81,16.76,13017.0,96.18,124.0,0.0,0.0,0.0,0.0,0.0,0.0,0.0,0.0,0.0,0.0,0.0,0.0,0.0,0.0,0.0,0.0,0.0,0.0,0.0,0.0,0.0,0.0,0.0,1.0,5.0,Local
68,Murcia_hdbscan_5_5,68,6,-1.1417207086575971,37.981118745122025,-1.1417683263031535,37.98095547656386,4.486777402146404e-06,1337262.6859379506,0.0009173402907873,0.001696969954186,0.0008886008933987,0.0005665277482159,No,,0.5,,,,,,,,,,0.167,,,,,,,,,,,,,,,,,,,,,,,,,,,,,,,,,,,,,,,,,,,,,,,,,,,,,,,,,,,,,,,,,,,,,,,,,,,,,,,,,,,,,,,,,,,,,,,,,,,,,,,,,,,,,,,,,,,"POLYGON ((-1.140192456655853 37.98038107795821, -1.141763696056168 37.98072996530951, -1.142451844542175 37.981150469962266, -1.142970720624573 37.98199603515906, -1.141172577516675 37.981694439177666, -1.140192456655853 37.98038107795821))",10.0,41.81,16.76,13017.0,96.18,136.0,0.0,0.0,0.0,0.0,0.0,0.0,0.0,0.0,0.0,0.0,0.0,0.0,0.0,0.0,0.0,0.0,0.0,0.0,0.0,0.0,0.0,0.0,0.0,1.0,3.0,Local
69,Murcia_hdbscan_5_5,69,9,-1.1159401682855536,37.9967538558653,-1.1162481,37.9969975,1.0410761025169534e-05,864490.1153951365,0.0012394111007043,0.0027008601086241,0.0011605774156179,0.0007640471457343,Yes,,,,,,,,,,,,,,,,,,,,,,,0.222,,,,,,0.111,0.111,,,,,,,,,,,,,,,,,,,,,,,,,,,,,,,,,,,,,,,,,,,,,,,,,,,0.111,,,,,,,,,,,,,,,,,,0.111,0.111,,,,,,,,,,,,,,,,,,,,,,,,,,,"POLYGON ((-1.118071298976911 37.9950946610899, -1.116738212790197 37.997086770148265, -1.114799469298366 37.997973982928265, -1.1144556 37.9969975, -1.1145808 37.9968119, -1.115261249783791 37.996230390559646, -1.118071298976911 37.9950946610899))",21.0,41.81,16.76,13017.0,96.18,167.0,0.0,0.0,0.0,0.0,0.0,0.0,0.0,0.0,0.0,0.0,0.0,0.0,0.0,0.0,0.0,0.0,0.0,0.0,0.0,0.0,0.0,0.0,0.0,0.0,4.0,Local
70,Murcia_hdbscan_5_5,70,9,-1.1335326499476048,37.97054913937362,-1.1332445432355045,37.97043902069233,6.158363629166189e-06,1461427.181301172,0.0012339687785579,0.002218896079142,0.0012625139789984,0.0004929843129282,Yes,0.111,,,0.111,,,,,,,,,,,0.111,,,,,0.111,0.111,,,,,,,,,,,,,,,,,,,,,,,,,,,,,,,,,,,,,,,,,,,,,,,,,,,,,,,,,,,,,,,,,,,,,,,,,,,,,,,,,,,,,,,,,,,,,,,,,,,,,,,,,,"POLYGON ((-1.133197379885835 37.96997855219583, -1.134811017574314 37.969991160654914, -1.135748811874465 37.97043902069233, -1.132433596958327 37.97158228776502, -1.1319785 37.9708828, -1.1319088 37.970646, -1.133197379885835 37.96997855219583))",18.0,41.81,16.76,13017.0,96.18,152.0,0.0,0.0,0.0,0.0,0.0,0.0,0.0,0.0,0.0,0.0,0.0,0.0,0.0,0.0,0.0,0.0,0.0,0.0,0.0,0.0,0.0,0.0,0.0,1.0,5.0,Local
71,Murcia_hdbscan_5_5,71,17,-1.135934533157333,37.97271843224317,-1.1359313,37.9727735,9.638944857309495e-06,1763678.5199687495,0.0011599758130197,0.002175065496827,0.0009460454718358,0.0009091214856847,Yes,,,,,0.059,,0.059,,,,,,0.059,0.118,0.059,,,,,0.059,,,0.059,0.059,0.059,,,,0.059,0.059,,,,,,,,,,,,,,,,,,,,,,,,,,,,,,,,,,,,,,,,,,,,,,,,,,,,,,,,,,,,,,,,,,,,,,,0.059,0.059,,,,,,,,,,,,,,,,,,,,,,,,,"POLYGON ((-1.1372796 37.9711425, -1.1371285 37.9716982, -1.135877 37.9736529, -1.1344402 37.9742989, -1.134225822006937 37.97283693278306, -1.1372796 37.9711425))",20.0,41.81,16.76,13017.0,96.18,166.0,0.0,0.0,0.0,0.0,0.0,0.0,0.0,0.0,0.0,0.0,0.0,0.0,0.0,0.0,0.0,0.0,0.0,0.0,0.0,0.0,0.0,0.0,0.0,5.0,3.0,Local
72,Murcia_hdbscan_5_5,72,6,-1.1238696958472822,37.97158897271035,-1.1237232354421538,37.97149084512459,3.7796908483790433e-06,1587431.4171946517,0.0010001780388572,0.0011999759693859,0.0006959590542125,0.0007472446032973,No,,0.167,,,,,,,,,,,,,,,,,,,,,,,,,,,,,,,,,,,,,,,,,,,,,,,,,,,,,,,,,,,,,,,,,,,,,,,,,,,,,,,,,,,,,,,,,,,,,,,,,,,,,,,,,,,,,,,,,,,,,,,,,,,,,"POLYGON ((-1.123885485742955 37.970716107734305, -1.125043989379427 37.97134203744056, -1.124452280783405 37.97259854177392, -1.123560985141353 37.972485871472195, -1.123239318913986 37.971639652808626, -1.123036115122567 37.970751625032506, -1.123885485742955 37.970716107734305))",13.0,41.81,16.76,13017.0,96.18,133.0,0.0,0.0,0.0,0.0,0.0,0.0,0.0,0.0,0.0,0.0,0.0,0.0,0.0,0.0,0.0,0.0,0.0,0.0,0.0,0.0,0.0,0.0,0.0,0.0,6.0,Local
73,Murcia_hdbscan_5_5,73,15,-1.113743143796957,37.97722560781447,-1.1139081,37.97660976515533,1.2692591576353e-05,1181791.7491291398,0.0012561863576729,0.0029541273738385,0.0009491745289744,0.0010565908278271,Yes,,0.133,,0.067,0.067,,,,,0.067,,,,,,,,,,,,,0.067,,,,,0.133,,,,0.067,,,,,,,0.067,,,,,,,,,,,,,,,0.067,,,,,,,,,,,,,,0.067,,,,,,,,,,,,,,,,,,,,,,,,,,,,,,,,,,,0.067,,,,,,,,,,,,,,,,,,,,,,,,"POLYGON ((-1.1140103 37.9761061, -1.115022390270987 37.97646758328927, -1.115342016526698 37.9782591014878, -1.1127039 37.9799909, -1.112074771989947 37.97856145627448, -1.112466948519707 37.97660976515533, -1.1136279 37.9761791, -1.1140103 37.9761061))",44.0,41.81,16.76,13017.0,96.18,187.0,1.0,0.0,1.0,0.0,0.0,0.0,0.0,0.0,0.0,0.0,0.0,0.0,0.0,0.0,0.0,1.0,1.0,0.0,0.0,0.0,0.0,0.0,0.0,2.0,7.0,Local
74,Murcia_hdbscan_5_5,74,8,-1.142437515993269,37.99393161496775,-1.142251,37.99399455,2.545764530376548e-06,3142474.452975708,0.0006566104352801,0.0011397730776759,0.0005178159306553,0.0004970485512112,No,,0.125,,,,,,,,,,,,,,,,,,,,0.125,,,,,,,,,,,,,,0.125,,,,,,,,,,,,,,,,,,,,,,,0.125,,,,,,,,,,,,,,,,,,,,,,,,,,,,,,,,,,,,,,,,,,,,,0.125,,,,,,,,,,,,,,,,,,,,,,,"POLYGON ((-1.142020674484705 37.99304104668621, -1.14327755 37.9939004, -1.143257512578465 37.99472325141768, -1.1417642 37.9940887, -1.142020674484705 37.99304104668621))",7.0,41.81,16.76,13017.0,96.18,120.0,0.0,0.0,0.0,0.0,0.0,0.0,0.0,0.0,0.0,0.0,0.0,0.0,0.0,0.0,0.0,0.0,0.0,0.0,0.0,0.0,0.0,0.0,0.0,1.0,5.0,Local
75,Murcia_hdbscan_5_5,75,5,-1.1147667364668965,37.98893545944476,-1.1150064608220318,37.98886295787276,2.547484160203367e-06,1962720.7415495168,0.00075587127058,0.0011963666101833,0.0005053765898764,0.0006583143545845,Yes,,0.4,,0.2,,,,,,,,,,,,,,,,,,,,,,,,,0.2,,,,,,,,,,,,,,,,,,,,,,,,,,,,,,,,,,,,,,,,,,,,,,,,,,,,,,,,,,,,,,,,,,,,,,,,,,,,,,,,,,,,,,,,,,,,,,,,,,"POLYGON ((-1.115000782566272 37.98813201178417, -1.115053031528616 37.99009706531751, -1.113756637248774 37.988862957872755, -1.115000782566272 37.98813201178417))",6.0,41.81,16.76,13017.0,96.18,123.0,0.0,0.0,0.0,0.0,0.0,0.0,1.0,0.0,0.0,0.0,0.0,0.0,0.0,0.0,0.0,0.0,0.0,0.0,0.0,0.0,0.0,0.0,0.0,0.0,7.0,Local
76,Murcia_hdbscan_5_5,76,6,-1.117805886646582,37.99096451430093,-1.117580425,37.9910835429028,1.5552461744317636e-06,3857910.1486568223,0.0005786804758987,0.0008819897064357,0.0004643971140079,0.0004109721032145,Yes,,,,0.167,,,,,,,,,,,,,,,,,,,,,,,,,0.167,,,,,,,,,,,,,,,,,,,,,,,,,,,,,,,,,,,,,,,,,,,,,,,,,,,,,,,,,,,,,,,,,,,,,,,,,,,,0.167,,,,,,,,,,,,,,,,,,,,,,"POLYGON ((-1.1174444 37.9903827, -1.118682769879493 37.991059285805605, -1.11748685 37.991599, -1.1174041 37.9905025, -1.1174444 37.9903827))",4.0,41.81,16.76,13017.0,96.18,108.0,1.0,0.0,0.0,0.0,0.0,0.0,0.0,0.0,0.0,0.0,0.0,0.0,0.0,0.0,0.0,0.0,0.0,0.0,0.0,0.0,0.0,0.0,0.0,0.0,5.0,Local
77,Murcia_hdbscan_5_5,77,8,-1.1412699943799214,37.987483934789886,-1.1411076029197904,37.98725445934369,3.168349528126969e-06,2524973.942735843,0.0008755519951142,0.0011208019037701,0.0005664908423843,0.0006949275174682,No,0.125,,,,,,,,,,,,,,,,,,,,0.25,,,,,,,,,,,,,,,,,,,,,,,,,,,,,,,0.125,,,,,,,,,,,,,,,,,,,,,,,,,,,,,,,,,,,,,,,,,,,,,,,,,,,,,,,,,,,,,,,,,,,,,,,,,,,"POLYGON ((-1.141054380167172 37.98644079005016, -1.1421114 37.987145, -1.1419666 37.9880371, -1.140878248408452 37.988467986602025, -1.140655822514548 37.988421479363375, -1.140548478276789 37.98724761868737, -1.141054380167172 37.98644079005016))",11.0,41.81,16.76,13017.0,96.18,128.0,0.0,0.0,0.0,0.0,0.0,0.0,0.0,0.0,0.0,0.0,0.0,0.0,0.0,0.0,0.0,0.0,0.0,0.0,0.0,0.0,0.0,0.0,0.0,0.0,38.0,Local
78,Murcia_hdbscan_5_5,78,6,-1.1358207051349487,37.99855882019944,-1.1358952,37.99852775536732,2.469071320238734e-06,2430063.461844376,0.0007963555138102,0.0015264006414831,0.0003140245869823,0.00087940246465,Yes,,0.167,,0.167,,,,,,,,,,0.167,,,,,,,,,,,,,,,,,,,,,,,,,,,,,,,,,,,,,,,,,,,,,,,,,,,,,,,,,,,,,,,,,,,,,,,,,,,,,,,,,,,,,,,,,,,,,,,,,,,,,,,,,,,,,,,,,"POLYGON ((-1.136101700803245 37.99705850678128, -1.136210090037189 37.99990350272063, -1.135479814552224 37.99913740096008, -1.135342225417036 37.99876661073465, -1.136101700803245 37.99705850678128))",6.0,41.81,16.76,13017.0,96.18,137.0,1.0,0.0,0.0,0.0,0.0,0.0,0.0,0.0,0.0,0.0,0.0,0.0,0.0,0.0,0.0,0.0,0.0,0.0,0.0,0.0,0.0,0.0,0.0,0.0,4.0,Local
79,Murcia_hdbscan_5_5,79,29,-1.120140320314753,37.976045065357816,-1.120074689032413,37.9759437521916,1.2877350824175878e-05,2252015.992726977,0.0012710143602989,0.0021493184478043,0.0009981325700597,0.0009460769358252,Yes,0.069,0.103,,0.069,,,0.034,,,,,0.069,,,0.034,,,0.034,0.034,,0.069,,,,,,,0.034,,,,,,,,,,,,,,,,,,,0.034,,,,,,,,,,,,,,,0.034,,,,,,,,,,,,,,,,,,,,,,,,,,,,,,,,,,,,0.034,,,,,,,,0.034,,,,,,,,,,,,,,,,,,,,,"POLYGON ((-1.121348705888396 37.97426760253247, -1.121668234272221 37.976189546946195, -1.121287661119573 37.97722019947804, -1.119407486049564 37.97801130765765, -1.1182285 37.976939, -1.118337301486911 37.976328018997194, -1.119972867592228 37.97472896594463, -1.121348705888396 37.97426760253247))",42.0,41.81,16.76,13017.0,96.18,184.0,0.0,0.0,0.0,0.0,0.0,0.0,0.0,0.0,0.0,0.0,0.0,0.0,0.0,0.0,0.0,0.0,0.0,0.0,0.0,0.0,0.0,0.0,0.0,6.0,11.0,Local
80,Murcia_hdbscan_5_5,80,9,-1.1201472010602138,37.98093755662134,-1.1201985,37.9809518,3.777173274859453e-06,2382734.215531822,0.000821095491596,0.0016055130727844,0.0007029490491036,0.0005602310331498,Yes,,,,,,,,,,,,0.333,,0.222,,,,,,,0.222,,,,,,,,,,,,,,,,,,,,,,,,,,,,,,,,,,,,,,,,,,,,,,,,,,0.111,,,,,,,,,,,,,,,,,,,,,,,,,,,,,,,,,,,,,,,,,,,,,,,,,,,,,,,,"POLYGON ((-1.1207268 37.980394, -1.1210365 37.9805489, -1.1209542 37.9809518, -1.119284209541923 37.98229140959203, -1.1190458 37.9805197, -1.1201985 37.9804118, -1.1207268 37.980394))",11.0,41.81,16.76,13017.0,96.18,134.0,0.0,0.0,0.0,0.0,0.0,0.0,0.0,0.0,0.0,0.0,0.0,0.0,0.0,0.0,0.0,0.0,0.0,0.0,0.0,0.0,0.0,0.0,0.0,1.0,9.0,Mixed
81,Murcia_hdbscan_5_5,81,5,-1.1191762552604465,37.98415653648122,-1.11931236788289,37.9840949,2.378223928164856e-06,2102409.256246204,0.0007707140843987,0.0014069194686631,0.0003575337343763,0.0008189596816641,No,,0.2,,,,,,,,,,0.2,,0.2,0.2,,,,,,,,,,,,,,,,,,,,,,,,,,,,,,,,,,,,,,,,,,,,,,,,,,,,,,,,,,,,,,,,,,,,,,,,,,,,,,,,,,,,,,,,,,,,,,,,,,,,,,,,,,,,,,,,"POLYGON ((-1.11931236788289 37.98306945651774, -1.1194056 37.9840949, -1.1194255 37.9843154, -1.119267008419343 37.985560525888395, -1.1184708 37.9837424, -1.11931236788289 37.98306945651774))",6.0,41.81,16.76,13017.0,96.18,130.0,0.0,0.0,0.0,0.0,0.0,0.0,0.0,0.0,0.0,0.0,0.0,0.0,0.0,0.0,0.0,0.0,0.0,0.0,0.0,0.0,0.0,0.0,0.0,1.0,11.0,Mixed
82,Murcia_hdbscan_5_5,82,6,-1.138613266051238,37.9987539242444,-1.138542,37.9986747727332,1.0438112499997863e-06,5748165.676506388,0.0004561488988227,0.0008518172195818,0.0004365463007941,0.0002507666706934,Yes,,,,,,,,,,,,0.167,,,,,,,,,,,,,,,,0.167,,0.167,,,,,,,,,,,,,,,,,,,0.167,,,,,,,,,0.167,,,,,,,,,,,,,,,,,,,,,,,,,,,,,,,,,,,,,,,,,,,,,,,,,0.167,,,,,,,,,,,,,,,,,,,,"POLYGON ((-1.1385119 37.9984366, -1.1394634 37.9987004, -1.1387678 37.9992027, -1.1381009 37.998942, -1.138263496307427 37.99864914546639, -1.1385119 37.9984366))",3.0,41.81,16.76,13017.0,96.18,99.0,0.0,0.0,0.0,0.0,0.0,0.0,0.0,0.0,0.0,0.0,0.0,0.0,1.0,0.0,0.0,0.0,0.0,0.0,0.0,0.0,0.0,0.0,0.0,0.0,5.0,Shopping
83,Murcia_hdbscan_5_5,83,16,-1.134073108552668,37.97886570406807,-1.134064480427388,37.978841175,4.918488946093701e-06,3253031.606934344,0.0007624620628491,0.0015997185321799,0.000625857415957,0.0006037273062467,Yes,0.062,0.125,,,,,,,,,,,,,,,,,,,0.062,0.062,,,,,,,,0.062,,,0.062,,,0.062,,,,,,,,,,,,,,,,,,,,,,,0.062,,,,,,,,,,,,,,,,,,,,,,,,,,,,,,,,,,,,,,,,,,,,,,,,,0.062,,,,,,,,,,,,,,,,,,,"POLYGON ((-1.1337968 37.9777572, -1.1349151 37.9781558, -1.135143 37.9783609, -1.1349258 37.9788429, -1.134159775454313 37.97986580592892, -1.132998536461138 37.9800507754593, -1.1332065 37.9790804, -1.1334836 37.9783104, -1.1337968 37.9777572))",15.0,41.81,16.76,13017.0,96.18,140.0,0.0,0.0,0.0,0.0,0.0,0.0,0.0,0.0,0.0,0.0,0.0,0.0,0.0,0.0,0.0,0.0,0.0,0.0,0.0,0.0,0.0,0.0,0.0,0.0,3.0,Local
84,Murcia_hdbscan_5_5,84,14,-1.1298913825623706,37.97581226069207,-1.1298248999999998,37.97576545053238,6.966966153694111e-06,2009482.9931930625,0.0013249857991006,0.0028446372305918,0.0014794439906257,0.0004249715602985,Yes,,0.071,,0.071,,,0.071,,,,,0.071,,,0.214,,,,,,,,,,,,,,,,,,,,,,,,,,,,,,,,,,,,,,,0.071,,,,,,,,,,,,,,,,,,,,,,,,,,,,,,,,,,,,,,,,,,,,,,,,,,,,,,,,,,,,,,,,,,,,,,,,,"POLYGON ((-1.1309627 37.97522, -1.1314574 37.9752744, -1.1326495 37.9765085, -1.1279477 37.9764107, -1.127242463792248 37.975884028602835, -1.128186492450222 37.97569888044777, -1.1305446 37.9752883, -1.1309627 37.97522))",23.0,41.81,16.76,13017.0,96.18,178.0,0.0,0.0,0.0,0.0,0.0,0.0,0.0,0.0,0.0,0.0,0.0,0.0,0.0,0.0,0.0,0.0,0.0,0.0,0.0,0.0,0.0,0.0,2.0,0.0,10.0,Local
85,Murcia_hdbscan_5_5,85,16,-1.133935881590102,37.99565178035397,-1.133837825034283,37.99549238089443,5.219277602356413e-06,3065558.3433186766,0.0009499520977148,0.0013884221080939,0.0006694101990196,0.0007373050536735,Yes,0.125,,,,,,,,,,,0.188,0.062,,,,,,,0.062,,,,,,,,,,0.062,,,,,,,,,,,,,,,,,,,,,,0.062,,,,,,,,,,,,,,,,,,,,,,,,,,,,,,,,,,,,,,,,,,,,,,,,,,,,,,,,,,,,,,,,,,,,,,,,,,,"POLYGON ((-1.134727909010119 37.994613432325416, -1.135116006522986 37.9951762060036, -1.133642887451547 37.996977621801925, -1.1332931 37.99688245, -1.132908367222407 37.996277603426435, -1.1329135 37.9960598, -1.133861050068566 37.994781208678695, -1.134727909010119 37.994613432325416))",14.0,41.81,16.76,13017.0,96.18,139.0,0.0,0.0,0.0,0.0,0.0,0.0,0.0,0.0,0.0,0.0,0.0,0.0,0.0,0.0,0.0,0.0,0.0,0.0,0.0,0.0,0.0,0.0,0.0,0.0,8.0,Urban
86,Murcia_hdbscan_5_5,86,12,-1.12675055744067,37.97760986820424,-1.12682705,37.97774055922541,7.667413399990644e-06,1565064.95397974,0.0011605972265977,0.0024335321090581,0.0012795489746605,0.000504237408502,Yes,,,,,,,0.083,,,0.083,,0.167,,0.333,0.083,,,,,,,,,,,,,,,0.083,,,,,,,,,,,,,,,,,,,,,,,,,,,,,,,,,,,,,,,,,,,,,,,,,,,,,,,,,,,,,,,,,,,,,,,,,,,,,,,,,,,,,,,,,,,,,,,,,"POLYGON ((-1.1245702 37.97655, -1.1291747 37.9773963, -1.1285039 37.9780274, -1.1274154 37.9782152, -1.1270954 37.9782151, -1.1262605 37.9777064, -1.1252098 37.9769933, -1.1245702 37.97655))",17.0,41.81,16.76,13017.0,96.18,164.0,0.0,0.0,0.0,0.0,0.0,0.0,0.0,0.0,0.0,0.0,0.0,0.0,0.0,0.0,0.0,0.0,0.0,0.0,0.0,0.0,0.0,0.0,0.0,2.0,9.0,Local
87,Murcia_hdbscan_5_5,87,8,-1.12940458029414,37.97957671169783,-1.1293552211765598,37.9795358,2.246565510000652e-06,3560991.19495415,0.0006419238685952,0.0010645406516955,0.0006049644465091,0.0003914766358816,Yes,0.125,0.125,,,,,,,,,,,,0.25,,,,,,,,,,,,,,,,0.125,,,,,,,,,,,,,,,,,,,,,,,,,,,,,,,,,,,,,,,,,,,,,,,,,,,,,,,,,,,,,,,,,,,,,,,,,0.125,,,,,,,,,,,,,,,,,,,,,,,,"POLYGON ((-1.1301622 37.9789909, -1.130371 37.9798108, -1.1285713 37.9802392, -1.1287813 37.979447, -1.12936844235312 37.97910589358264, -1.1301622 37.9789909))",7.0,41.81,16.76,13017.0,96.18,118.0,0.0,0.0,0.0,0.0,0.0,0.0,0.0,0.0,0.0,0.0,0.0,0.0,0.0,0.0,0.0,0.0,0.0,0.0,0.0,0.0,0.0,0.0,0.0,1.0,7.0,Traffic
88,Murcia_hdbscan_5_5,88,6,-1.124163749418368,37.99650687808529,-1.1243930639548378,37.99660293941635,1.5624553099959865e-06,3840109.833295272,0.0006116592479429,0.0011193672875739,0.0004227349262798,0.0005121633338689,No,,0.167,,,,,,,,,,0.167,,,0.167,,,,,,0.167,,,,,,,,,,,,,,,,,,,,,,,,,,,,,,,,,,,,,,0.167,,,,,,,,,,,,,,,,,,,,,,,,,,,,,,,,,,,,,,,,,,,,,,,,,,,,,,,,,,,,,,,,,,,,"POLYGON ((-1.1234968 37.9956079, -1.124319393390882 37.996124189679044, -1.124466734518794 37.99654931485345, -1.1245589 37.9970243, -1.1244813 37.997079, -1.123659368600533 37.99665656397926, -1.1234968 37.9956079))",4.0,41.81,16.76,13017.0,96.18,110.0,0.0,0.0,0.0,0.0,0.0,0.0,0.0,0.0,0.0,0.0,0.0,0.0,0.0,0.0,0.0,0.0,0.0,0.0,0.0,0.0,0.0,0.0,0.0,0.0,5.0,Local
89,Murcia_hdbscan_5_5,89,19,-1.1348937540955373,37.98740275850104,-1.1346127,37.9872178,9.908536575031773e-06,1917538.463538353,0.0009743509116845,0.0025725004976961,0.0009562402567872,0.0006781165518144,Yes,0.105,,,0.053,,,0.053,0.053,,,,0.053,,,,,,,,0.053,,,,,,,,,,0.053,,,,,,,,,,,,,,,,,,,,,,,,,,,,,,,,,,,,,,,,,,,,,,,,,,0.053,,,,,,,,,,,,,,,,,,,,,,,,,,,,,,,,,,,,,,,,,,,,,,,"POLYGON ((-1.1334668 37.98613, -1.1343826 37.9862887, -1.1365498 37.9872138, -1.1367455 37.9881102, -1.1368921 37.98902275000001, -1.134267815203838 37.988122044507406, -1.1340556 37.9879893, -1.1338154 37.9878194, -1.1334668 37.98613))",28.0,41.81,16.76,13017.0,96.18,172.0,0.0,0.0,0.0,1.0,0.0,0.0,0.0,0.0,0.0,0.0,0.0,0.0,0.0,0.0,0.0,0.0,0.0,0.0,0.0,0.0,0.0,0.0,0.0,0.0,10.0,Local
90,Murcia_hdbscan_5_5,90,51,-1.1226338123249286,37.99279880402444,-1.1226531,37.9926717,1.170805399783482e-05,4355975.810278247,0.0010802105724543,0.0024053346617578,0.0007399671049943,0.0009389805913364,Yes,,0.02,,0.039,,,0.02,0.02,,0.02,,0.039,0.02,0.078,0.02,,,,0.02,,0.039,,0.02,,,,,0.02,,,,,,,,,,,,,,,0.039,,,,,0.02,,0.118,,0.02,,,,,0.039,,,,,0.02,,,,,,,,,,,,,,,,,0.02,,,,,,,,,0.02,,,,,,,,,,,,,,,,0.02,,0.02,,,0.02,0.02,0.02,,,,,,,,,,,,,,,,"POLYGON ((-1.1223914 37.9912478, -1.1234002 37.9916152, -1.124519533547192 37.992123945734676, -1.1239565 37.9941821, -1.1232692 37.9951187, -1.122230915949153 37.99407249427182, -1.1214949 37.9928726, -1.1214971 37.9919288, -1.1216281 37.9912754, -1.1223914 37.9912478))",39.0,41.81,16.76,13017.0,96.18,184.0,0.0,0.0,0.0,0.0,1.0,0.0,0.0,0.0,0.0,0.0,0.0,0.0,0.0,0.0,0.0,0.0,0.0,0.0,0.0,0.0,0.0,0.0,0.0,2.0,7.0,Mixed
91,Murcia_hdbscan_5_5,91,5,-1.12359584,37.9895295,-1.1236809,37.9895944,1.8786634999931083e-07,26614665.15966454,0.000328011255021,0.0004566172616078,0.0003263246028114,0.0001099707415627,Yes,0.2,,,0.2,,,,,,,,,,,,,,,,,0.2,,,,,,,,,,,,,,,,,,,0.2,,0.2,,,,,0.2,,,,,,,,,,,,,,,,,,,,,,,,,,,,,,,,,,,,,,,,,,,,,,,,,,,,,,,,,,,,,,,,,,,,,,,,,,,,,,,,"POLYGON ((-1.1232712 37.9893948, -1.1239288 37.9895944, -1.1239394 37.9896259, -1.1236809 37.9896355, -1.1231589 37.9893969, -1.1232712 37.9893948))",0.0,41.81,16.76,13017.0,96.18,83.0,0.0,0.0,0.0,0.0,0.0,0.0,0.0,0.0,0.0,0.0,0.0,0.0,0.0,0.0,0.0,0.0,0.0,0.0,0.0,0.0,0.0,0.0,0.0,0.0,4.0,Local
92,Murcia_hdbscan_5_5,92,14,-1.130942287613167,37.981444160029405,-1.13093075,37.98157615,2.950480841684845e-06,4744989.291984498,0.0007330201646817,0.0012686584637567,0.0003675612055821,0.0007235046060706,No,,,,,,,,,,,,0.071,,0.143,0.071,,,,,,0.071,,,,0.071,,,0.071,,,,,,,,0.071,,,,,,,,,,,,,,,,,,,,,,,,,,,,,,,,,,,,,,,,,,,,,,,,,,,,,,,,,,,,,,,,,,,,,,,,,,,,,,,,,,,,,,,,,,,"POLYGON ((-1.131295991438837 37.980225805441705, -1.1315784 37.980504, -1.1312005 37.9820356, -1.1309271 37.9822599, -1.130522868446034 37.98234023918234, -1.130183 37.9822009, -1.1307496 37.9807479, -1.131295991438837 37.980225805441705))",8.0,41.81,16.76,13017.0,96.18,126.0,0.0,0.0,0.0,0.0,0.0,0.0,0.0,0.0,0.0,0.0,0.0,0.0,0.0,0.0,0.0,0.0,0.0,1.0,0.0,0.0,0.0,0.0,0.0,1.0,7.0,Local
93,Murcia_hdbscan_5_5,93,21,-1.1307476987596805,37.99572360895081,-1.1307024,37.9955659,3.408670979998724e-06,6160758.877352212,0.0007877070058421,0.0016888836607891,0.0003266722416137,0.0008316865288239,Yes,,,,0.095,,,0.048,,,,,0.095,,0.095,,0.048,,0.048,,,0.048,,,,,,,,,0.048,,0.048,,,,,,,,,,,0.048,0.048,,,,,,0.143,,,,,,,,,,,,,,,,,,,,,,0.048,,,,,,,,,,,,,,,,,,,,,,,,,,,,,,,,,,,,,,,,0.048,,,,,,,,,,,,,,,"POLYGON ((-1.1303658 37.9944787, -1.1310346 37.9950437, -1.131165140619946 37.99571908796708, -1.1312291 37.9964679, -1.1312171 37.9967388, -1.1311117 37.9973728, -1.1300513 37.9959956, -1.1303658 37.9944787))",10.0,41.81,16.76,13017.0,96.18,140.0,0.0,0.0,0.0,0.0,0.0,0.0,0.0,0.0,0.0,0.0,0.0,0.0,0.0,0.0,0.0,0.0,0.0,0.0,0.0,0.0,0.0,0.0,0.0,1.0,16.0,Local
94,Murcia_hdbscan_5_5,94,7,-1.1256296285714285,37.99011932857143,-1.1254544,37.9902205,8.383048999975311e-07,8350183.805463401,0.0004243174566426,0.000790387332843,0.0004280734340016,0.0002060530355746,Yes,,,,,,,0.143,,,,,,0.143,0.143,,,,,,,0.143,,,,,,,,,,,,,,,,,,,,,,,,,,,,,,,,,,,,,,,,,,,,,,,,,,,,,,,,,,,,,,,,,,0.143,,,,,,,,,,,,,,,,,,,,,,,,,,,,,,,,,,,,,,,,"POLYGON ((-1.1253546 37.9896483, -1.1264185 37.9900704, -1.1254544 37.9902817, -1.125095 37.9902627, -1.1253546 37.9896483))",2.0,41.81,16.76,13017.0,96.18,98.0,0.0,0.0,0.0,0.0,0.0,0.0,0.0,0.0,0.0,0.0,0.0,0.0,0.0,0.0,0.0,0.0,0.0,0.0,0.0,0.0,0.0,0.0,0.0,0.0,7.0,Local
95,Murcia_hdbscan_5_5,95,5,-1.12593814,37.99180968,-1.1258903,37.9917343,7.233094799962818e-07,6912670.3551925,0.0003852392323993,0.0005704701254225,0.0003073766067871,0.000283803850572,Yes,,,,,,,,,,,,,,0.2,,,,0.2,,,0.2,,,,,,,,,,,,,,,,,,,,,,,0.2,,,,,,,,,,,,,,,,,,,,,,,,,,,,,,,,,,,,,,,,,,,,,,,,,,,,,,,,,,,,,,,,,,,,,,,,,,,,,,,,,,,"POLYGON ((-1.1255484 37.9913931, -1.1264907 37.9917343, -1.1258246 37.9921607, -1.1255484 37.9913931))",2.0,41.81,16.76,13017.0,96.18,94.0,0.0,0.0,0.0,0.0,0.0,0.0,0.0,0.0,0.0,0.0,0.0,0.0,0.0,0.0,0.0,0.0,0.0,0.0,0.0,0.0,0.0,0.0,0.0,0.0,5.0,Local
96,Murcia_hdbscan_5_5,96,15,-1.1331526733333337,37.98486504000001,-1.1331823,37.9848751,9.555344999969496e-07,15698020.322707225,0.000354226940898,0.0006826208037094,0.0002796191444725,0.0002982312185759,Yes,,,,,,,,,,,,0.4,0.067,,0.067,,,,,0.2,,,,,,,,,,,,,,,,,,,,,,,,,,,,,,,,,,,,,,,,,,,,,,0.067,,,,,,,,,,,,,,,,,,,,,,,,,,,,,,,,,,,,,,,,,,,,,,,,,,,,,,,,,,,,,"POLYGON ((-1.1334415 37.9842657, -1.1335506 37.9843104, -1.1334842 37.9849477, -1.13281 37.98531, -1.1326356 37.9852039, -1.1329214 37.9845905, -1.1334415 37.9842657))",3.0,41.81,16.76,13017.0,96.18,99.0,0.0,0.0,0.0,0.0,0.0,0.0,0.0,0.0,0.0,0.0,0.0,0.0,1.0,0.0,0.0,0.0,0.0,0.0,0.0,0.0,0.0,0.0,0.0,0.0,10.0,Urban
97,Murcia_hdbscan_5_5,97,11,-1.1320554,37.9841175,-1.1320073,37.98406,1.4531510399957369e-06,7569756.823098218,0.0005156293488405,0.0009888458777794,0.0002273690712155,0.0005159016625802,Yes,,,,0.182,,,,,,,,0.182,,0.273,0.091,,,,,,,,,,0.091,,,,,,,,,,,,,,,,,,,,,,0.091,,,,,,,,,,,,,,,,,,,,,,,,,,,,,,,,,,,,,,,,,,,,,,,,,,,,,,,,,,,,,,,,,,0.091,,,,,,,,,,,,,,"POLYGON ((-1.13193 37.9834072, -1.1323172 37.9836315, -1.13243 37.98406, -1.1322094 37.9847876, -1.1320938 37.9851056, -1.1315744 37.9837578, -1.13193 37.9834072))",4.0,41.81,16.76,13017.0,96.18,111.0,2.0,0.0,0.0,0.0,0.0,0.0,0.0,0.0,0.0,0.0,0.0,0.0,0.0,0.0,0.0,0.0,0.0,0.0,0.0,0.0,0.0,0.0,0.0,1.0,8.0,Local
98,Murcia_hdbscan_5_5,98,5,-1.12512282,37.98457674000001,-1.1251123,37.9846613,3.7491511999964907e-07,13336351.972160203,0.0003137662721918,0.0005718184624518,0.0003332211421863,0.0001441255369456,No,,,,,,,,,,,,0.4,0.2,,,,,,,0.2,,,,,,,,,,,,,,,,,,,,,,,,,,,,,,,,,,,,,,,,,,,,,,,,,,,,,,,,,,,,,,,,,,,,,,,,,,,,,,,,,,,,,,,,,,,,,,,,,,,,,,,,,,,"POLYGON ((-1.1254097 37.9843259, -1.1255009 37.9847223, -1.1250361 37.9846613, -1.1245551 37.9845084, -1.1254097 37.9843259))",1.0,41.81,16.76,13017.0,96.18,89.0,0.0,0.0,0.0,0.0,0.0,0.0,0.0,0.0,0.0,0.0,0.0,0.0,0.0,0.0,0.0,0.0,0.0,0.0,0.0,0.0,0.0,0.0,0.0,0.0,4.0,Urban
99,Murcia_hdbscan_5_5,99,5,-1.1257399200000002,37.9836058,-1.1257837,37.9835955,2.1599404000145145e-07,23148786.88303808,0.0002412619897373,0.0002936007261573,0.0001970336052555,0.0001427345228044,No,,,,,,,,,,,,0.4,0.2,,,,,,,,,,,,,,,0.2,,,,,,,,,,,,,,,,,,,,,,,,,,,,,,,,,,,,,0.2,,,,,,,,,,,,,,,,,,,,,,,,,,,,,,,,,,,,,,,,,,,,,,,,,,,,,,,,,,,,,,"POLYGON ((-1.1257837 37.9833661, -1.1259345 37.9835785, -1.1259501 37.9836939, -1.1255848 37.983795, -1.1254465 37.9835955, -1.1257837 37.9833661))",1.0,41.81,16.76,13017.0,96.18,81.0,0.0,0.0,0.0,0.0,0.0,0.0,0.0,0.0,0.0,0.0,0.0,0.0,0.0,0.0,0.0,0.0,0.0,0.0,0.0,0.0,0.0,0.0,0.0,0.0,4.0,Tourism
100,Murcia_hdbscan_5_5,100,18,-1.1270377910425056,37.98307310238012,-1.1270855,37.9829206,1.468250080001989e-06,12259491.925228173,0.0004462904869513,0.0012243908455441,0.0002073856686193,0.0004848202348792,Yes,0.056,,,0.056,0.056,,,,,,,,0.056,0.111,,,,,,,,,,0.056,,,,,,,,,,,,,,,,,,,,0.056,,,,,,0.056,,,,,,,,,,,,,0.056,,,0.056,,,,0.056,,,,,,,,,,,,,,,,,,,0.056,,,,,,,0.056,,,,,,,,,,,,,,,,,,0.056,,,,,,,,,,,,,"POLYGON ((-1.1270604 37.9823746, -1.127145297006876 37.98247138482465, -1.1273331 37.9827585, -1.1270529 37.9842974, -1.1268751 37.9840055, -1.1265695 37.9833798, -1.126708841758222 37.9830829580175, -1.1270604 37.9823746))",4.0,41.81,16.76,13017.0,96.18,114.0,0.0,0.0,0.0,1.0,0.0,0.0,0.0,0.0,0.0,0.0,0.0,0.0,0.0,0.0,0.0,0.0,0.0,0.0,0.0,0.0,0.0,0.0,0.0,1.0,4.0,Local
101,Murcia_hdbscan_5_5,101,13,-1.1272137615384614,37.98520216153847,-1.1272436,37.9852275,3.770687999988637e-07,34476466.89420916,0.000224041903835,0.0005361440842805,0.0002063117601274,0.0001527437297644,Yes,0.077,,,,,,,,,0.154,,0.154,0.077,0.077,0.154,,,,,,,,,,,,,,,,,,,,,,,,,,,,,,,,,,,0.077,,,,,,,,,,,,,,,,,,,,,,,,,,,,,,,,,,,,,,,,,,,,,,0.077,,,,,,,0.077,,,,,,,,,0.077,,,,,,,,,,,,,,,"POLYGON ((-1.1274453 37.9849715, -1.1275258 37.9850934, -1.1274072 37.9852275, -1.1269519 37.9854022, -1.1267386 37.9854505, -1.1271619 37.9850596, -1.1274453 37.9849715))",1.0,41.81,16.76,13017.0,96.18,86.0,0.0,0.0,0.0,0.0,0.0,0.0,0.0,0.0,0.0,0.0,0.0,0.0,0.0,0.0,0.0,0.0,0.0,0.0,0.0,0.0,0.0,0.0,0.0,0.0,2.0,Tourism
102,Murcia_hdbscan_5_5,102,15,-1.1261457266666668,37.985523220000005,-1.126108,37.985522,3.380999999975039e-07,44365572.31621041,0.000254415993683,0.0004307890703259,0.000252009741787,0.0001206367616716,Yes,,,,,,,,,,,,0.267,0.333,,,,,,,,,,,,,,,0.2,,,,,,,,,,,,,,,,0.067,,,,,0.067,0.067,,,,,,,,,,,,,,,,,,,,,,,,,,,,,,,,,,,,,,,,,,,,,,,,,,,,,,,,,,,,,,,,,,,,,,,,,,,,,"POLYGON ((-1.1265303 37.9853291, -1.1264883 37.9855104, -1.1259438 37.9857666, -1.1257951 37.9857054, -1.1257575 37.9856276, -1.1258468 37.9855474, -1.1265303 37.9853291))",1.0,41.81,16.76,13017.0,96.18,85.0,0.0,0.0,0.0,0.0,0.0,0.0,0.0,0.0,0.0,0.0,0.0,0.0,0.0,0.0,0.0,0.0,0.0,0.0,0.0,0.0,0.0,0.0,0.0,0.0,2.0,Tourism
103,Murcia_hdbscan_5_5,103,12,-1.132805575,37.98957456666667,-1.13278565,37.9896229,4.744141800003148e-07,25294353.55408651,0.0002738932371573,0.0005237418273688,0.0001678166614939,0.0002684586850057,Yes,,,,,,,,,,0.417,,,,0.167,,,,,,,,,,,,,,,,,,,,,,,,,,,,,,,,,,,,,,,,,,,,,,,,,,,,,,,,,,,,,,,,,,,,,,,,,,,0.083,,,,,,,,,,,,,,0.083,,,,,,,,,,,,0.083,0.083,,,,,,,,,,,"POLYGON ((-1.1325978 37.9891225, -1.1328095 37.9891416, -1.1331604 37.9899598, -1.1329477 37.9898096, -1.1328505 37.9897346, -1.1325938 37.9895316, -1.1325978 37.9891225))",1.0,41.81,16.76,13017.0,96.18,91.0,0.0,0.0,0.0,0.0,0.0,0.0,0.0,0.0,0.0,0.0,0.0,0.0,0.0,0.0,0.0,0.0,0.0,0.0,0.0,0.0,0.0,0.0,0.0,0.0,6.0,Primary
104,Murcia_hdbscan_5_5,104,24,-1.1302228875,37.984184158333335,-1.13021145,37.98415655,7.212419999977764e-07,33275932.350132123,0.0003351995597743,0.0008087896890161,0.0003611918445836,0.0001406699947763,Yes,0.042,,,,0.042,,,,,0.125,,0.417,,,0.042,,,,,0.042,,,,,,,,,,,,,,,,,,,,,,,,0.042,,,,,,0.083,,,,,,,,,,,,,0.042,,,0.083,,,,,,,,,,,,,,,,,,,,,,,,,,,,,,,,,,,,,,,,,,,,,,,,,,,,,,,,,,,,,"POLYGON ((-1.1296382 37.9839436, -1.1301549 37.9839996, -1.1305356 37.9840535, -1.1307719 37.9842397, -1.130831 37.9843364, -1.1305772 37.9844204, -1.1301827 37.9844536, -1.1294168 37.9841181, -1.1296382 37.9839436))",2.0,41.81,16.76,13017.0,96.18,97.0,0.0,0.0,0.0,0.0,0.0,0.0,0.0,0.0,0.0,0.0,0.0,0.0,0.0,0.0,0.0,0.0,0.0,0.0,0.0,0.0,0.0,0.0,0.0,0.0,4.0,Local
105,Murcia_hdbscan_5_5,105,22,-1.128142035725604,37.99013837569955,-1.128174742981645,37.99018553269508,4.232540699993837e-07,51978236.145566285,0.0003323089554543,0.0004116643737927,0.0002566736157481,0.0002235113154269,Yes,,,,,,,,,,0.091,,0.182,,0.045,,,,,,0.091,0.045,,,,,,,0.045,,,,,,,,,,,,0.045,,,0.045,,,,,,,0.045,,,,,,,0.045,0.045,,0.045,,0.045,,,,,,,0.136,,,,,,,,,,,,,,,,,,,,,,,,,,,,,,,,,,,,,,,,,,,,,,,,0.045,,,,,,,,,,"POLYGON ((-1.1282395 37.9898361, -1.1283835 37.9898364, -1.1284193 37.9900748, -1.128446 37.9903169, -1.1284523 37.990396, -1.1284049 37.9904323, -1.1279467 37.9904398, -1.1278602 37.990413, -1.1277512 37.9901859, -1.1278264 37.9898741, -1.1279498 37.9898614, -1.1280785 37.9898488, -1.1282395 37.9898361))",2.0,41.81,16.76,13017.0,96.18,91.0,0.0,0.0,0.0,0.0,0.0,0.0,0.0,0.0,0.0,0.0,0.0,0.0,0.0,0.0,0.0,0.0,0.0,0.0,0.0,0.0,0.0,0.0,0.0,0.0,6.0,Shopping
106,Murcia_hdbscan_5_5,106,13,-1.132907175126445,37.99195884486819,-1.1328836,37.9919566,7.074210820651333e-07,18376608.118675027,0.0002996760128989,0.0005414356468229,0.0002390720077634,0.0002338035763956,Yes,,,,,,,,,,0.077,,0.077,,0.154,0.077,0.077,,,,,0.077,,,,,,,,,,,,,,,,,,,,0.077,,0.077,,,,,,,,,,,,,,,,,,,,,,,,,,,,0.077,,,,,,,,,,,,,,,,0.077,,,,,,,,,,,,,,,,,0.077,,,,,,,,,,,,,,,,,,,,,,,"POLYGON ((-1.1328348 37.9915832, -1.133443 37.9918811, -1.1328836 37.9923728, -1.132547076643785 37.99221228328649, -1.1325985 37.9916333, -1.1328348 37.9915832))",2.0,41.81,16.76,13017.0,96.18,94.0,0.0,0.0,0.0,0.0,0.0,0.0,0.0,0.0,0.0,0.0,0.0,0.0,0.0,0.0,0.0,0.0,0.0,0.0,0.0,0.0,0.0,0.0,0.0,1.0,6.0,Primary
107,Murcia_hdbscan_5_5,107,35,-1.1269330828571429,37.99399347428571,-1.1268833,37.9940429,1.7761523999989566e-06,19705516.26089099,0.0004756658235236,0.0009743098268339,0.0002759255152968,0.0004674136310394,Yes,,,0.029,,,,0.029,,,0.057,,0.029,0.114,,0.029,,,,,,,,,,,,,0.086,,,,,,,,,,,,0.029,,,0.057,,,,0.029,0.029,0.029,0.171,,,,,,,0.029,,,,,,,,,,,,,,,,,,,,,,0.029,,,,,,,,,,0.029,,,,,,,,,,,,,,,,,,,,,,0.029,,,,,,,0.029,0.029,0.029,0.029,,,,,,"POLYGON ((-1.1265998 37.9932007, -1.1268833 37.9933234, -1.1274719 37.9938822, -1.1276179 37.9942746, -1.1276168 37.9946876, -1.1272862 37.9948897, -1.1270079 37.9948792, -1.1265663 37.9941946, -1.1265998 37.9932007))",6.0,41.81,16.76,13017.0,96.18,115.0,0.0,0.0,0.0,0.0,0.0,0.0,0.0,0.0,0.0,0.0,0.0,0.0,0.0,0.0,0.0,0.0,0.0,0.0,0.0,0.0,0.0,0.0,0.0,0.0,4.0,Local
108,Murcia_hdbscan_5_5,108,13,-1.1301702076923077,37.99071582307692,-1.1301437,37.9906851,6.427223999967311e-07,20226461.68869502,0.0002885636838217,0.0005816310162424,0.0001596438365744,0.000275734027792,Yes,,,0.077,,,,,,,0.077,,0.231,0.154,0.077,,0.077,,,,,,,,,,,,0.077,,,,,,,,,,,,0.077,,,,,,,,,,,,,,,,,,,,,,,,,,,,,,,,,,,,,,,,,,,,,,,,,,,,,,,,,,,,,,,,,,,,,,,,0.077,,,,,,,,,,,,,,,"POLYGON ((-1.1303173 37.9902469, -1.130359 37.9903704, -1.130458 37.9906851, -1.1301905 37.9912971, -1.129846 37.9908476, -1.1300402 37.990511, -1.1303173 37.9902469))",2.0,41.81,16.76,13017.0,96.18,94.0,0.0,0.0,0.0,0.0,0.0,0.0,0.0,0.0,0.0,0.0,0.0,0.0,0.0,0.0,0.0,0.0,0.0,0.0,0.0,0.0,0.0,0.0,0.0,0.0,13.0,Primary
109,Murcia_hdbscan_5_5,109,19,-1.1290126736842103,37.98488882105264,-1.1290336,37.9848781,4.226352500022913e-07,44956022.95335515,0.0002500544381647,0.0004747206437086,0.000108523394723,0.0002614154056169,Yes,,,,,,,,,,0.053,,0.105,0.105,0.105,0.053,,,,,,,,,,,,,0.158,,,,,,,,,,,,,,,,,,,0.053,,,,,,,,,,,,,,,,0.053,,,0.105,,,0.053,,,,,,,,,,,,,,,,,,,,,,,,,,,,,,,,,,,,,,,0.053,,,,,,,,,,,,,,0.053,,,,,"POLYGON ((-1.1291719 37.9844416, -1.1291508 37.9853, -1.1290336 37.9853267, -1.1286944 37.9847978, -1.1291719 37.9844416))",1.0,41.81,16.76,13017.0,96.18,91.0,0.0,0.0,0.0,0.0,0.0,0.0,0.0,0.0,0.0,0.0,0.0,0.0,0.0,0.0,0.0,0.0,0.0,0.0,0.0,0.0,0.0,0.0,0.0,0.0,1.0,Tourism
110,Murcia_hdbscan_5_5,110,42,-1.1296992761904765,37.98596963095238,-1.12962445,37.98588595,1.572954240003196e-06,26701348.92157744,0.0004311697848111,0.0009116189437859,0.0003988488649252,0.0002704103173998,Yes,0.048,,,,,,,,,0.214,,,0.024,0.048,0.024,,,,,,0.024,,,,,,,0.024,,,,,,,,,,,,,,,,,,0.167,0.024,,,,,,,,,,,,,,,,0.024,,,0.024,,,0.167,,,,,,,,,0.071,,,,,,,,,,,,,,,,,,,,,,,,,,,,,,,,,,,0.024,,,,,,,0.024,,0.048,,,,,"POLYGON ((-1.1291217 37.985616, -1.1300291 37.9856845, -1.130436 37.9857256, -1.1304256 37.9857718, -1.1293527 37.9868128, -1.1291217 37.985616))",4.0,41.81,16.76,13017.0,96.18,109.0,0.0,0.0,0.0,0.0,0.0,0.0,0.0,0.0,0.0,0.0,0.0,0.0,0.0,0.0,0.0,0.0,0.0,0.0,0.0,0.0,0.0,0.0,0.0,0.0,6.0,Primary
111,Murcia_hdbscan_5_5,111,11,-1.1342297545454547,37.990461881818185,-1.1342139,37.9904395,7.610299899991668e-07,14454095.297889698,0.0003477801979237,0.0008089221603341,0.0001905295604058,0.0003482228513681,Yes,,,,,,,,,,,,0.091,0.091,0.364,,,,,,,,,,,,,,0.091,,,,,,,,,,,,,,,,0.091,,,,,,,,,,,,,,,,,,,,,,,,,,,,,,,,,,0.091,,,,,,,,,,,,,,,,,,,,,,,,,,,,0.091,,,,,,,,,,,,,,,,,,,,,"POLYGON ((-1.134343 37.9899426, -1.1344884 37.9904395, -1.1344751 37.9912327, -1.1338985 37.9904584, -1.1339973 37.9901023, -1.134343 37.9899426))",2.0,41.81,16.76,13017.0,96.18,100.0,0.0,0.0,0.0,0.0,0.0,0.0,0.0,0.0,0.0,0.0,0.0,0.0,0.0,0.0,0.0,0.0,0.0,0.0,0.0,0.0,0.0,0.0,0.0,0.0,4.0,Local
112,Murcia_hdbscan_5_5,112,10,-1.13423829,37.99161673,-1.13423905,37.99166305,5.164078399997597e-07,19364539.469433025,0.000289771258746,0.0006923991226147,0.0003362921540862,0.0001238443058837,Yes,,,,,,,0.1,,,,,,,0.1,,,,,,,,,,,,,,,,,,,,,,,,,,,,,0.2,,,0.1,,,,0.1,,,,,0.1,,,,,,,,,,,,,,,,,,,,,,,,,,,,,,,,,,,,,,,,,,,,,,,,,,,,,,,,,,,,,0.1,,,,,,,,,,,"POLYGON ((-1.1339501 37.9913574, -1.1348801 37.9915566, -1.1345303 37.9916486, -1.1340109 37.9917526, -1.1335734 37.9914235, -1.1339501 37.9913574))",1.0,41.81,16.76,13017.0,96.18,93.0,0.0,0.0,0.0,0.0,0.0,0.0,0.0,0.0,0.0,0.0,0.0,0.0,0.0,0.0,0.0,0.0,0.0,0.0,0.0,0.0,0.0,0.0,0.0,1.0,5.0,Local
113,Murcia_hdbscan_5_5,113,10,-1.1295861,37.992752720000006,-1.12955375,37.99273645,4.72221000001915e-07,21176525.397979863,0.0002320267595734,0.0005567584686359,0.0001807567702743,0.0002134024685897,Yes,,,,0.2,,,,,,0.1,,0.1,0.1,0.1,,,,,,,,,,,,,,,,,,,,,,,,,,,,,0.1,0.1,,0.1,,,,,,,0.1,,,,,,,,,,,,,,,,,,,,,,,,,,,,,,,,,,,,,,,,,,,,,,,,,,,,,,,,,,,,,,,,,,,,,,,,,,"POLYGON ((-1.1293678 37.9923784, -1.1300068 37.9931174, -1.1297537 37.9929785, -1.1296882 37.9929356, -1.1295949 37.9928451, -1.1295382 37.9927739, -1.1294867 37.992699, -1.1294484 37.9926373, -1.1293678 37.9923784))",0.0,41.81,16.76,13017.0,96.18,88.0,2.0,0.0,0.0,0.0,0.0,0.0,0.0,0.0,0.0,0.0,0.0,0.0,0.0,0.0,0.0,0.0,0.0,0.0,0.0,0.0,0.0,0.0,0.0,0.0,10.0,Local
114,Murcia_hdbscan_5_5,114,15,-1.1281581733333337,37.98728914666666,-1.1281024,37.9872879,5.957269500021414e-07,25179320.828017063,0.0002533834812084,0.0005926685838011,0.0002245122697958,0.0001906589096321,Yes,0.133,,,,,,0.067,0.067,,,,0.133,0.267,,,,,,,,,,,,,,,,,,,,,,,,,,,,,,,0.067,,,,,0.067,,,,,,,,,,,,,,,,,,,,,,,,,,,,,,,,,,,,,,0.067,,0.067,,,,,,,,,,,,,,,,,,,,,,,,,,,,,,,,,,0.067,,,,"POLYGON ((-1.128006 37.9869693, -1.1285052 37.9873437, -1.1287069 37.9875131, -1.1279785 37.9876584, -1.1278424 37.9869987, -1.128006 37.9869693))",2.0,41.81,16.76,13017.0,96.18,92.0,0.0,0.0,0.0,0.0,0.0,0.0,0.0,0.0,0.0,0.0,0.0,0.0,0.0,0.0,0.0,0.0,0.0,0.0,0.0,0.0,0.0,0.0,0.0,0.0,2.0,Urban
115,Murcia_hdbscan_5_5,115,36,-1.1272297735170178,37.98860744411529,-1.12715705,37.9886165,1.3152708307248728e-06,27370788.706809275,0.0004007027829853,0.0008966061090815,0.0001742360233451,0.0004207976182798,Yes,0.028,,,,,,,,,0.028,,0.083,0.083,,0.028,0.056,,0.028,,,,,,,,,,0.028,,,,,,,,,,,,,0.028,,,0.056,,0.028,0.056,,0.028,0.194,,,,,,,,,,,,,,,,,,,0.028,,,,,,,,,,0.028,,,,,,,,,,,,,,,,,0.028,,,,,,,,0.028,,,,,,,,,,,,,,,,,,,,0.028,,,"POLYGON ((-1.1276797 37.9878319, -1.1276035 37.989149, -1.127541446612639 37.989425588150645, -1.1274282 37.9893877, -1.1271664 37.9891561, -1.1268544 37.9882134, -1.1271002 37.9880474, -1.1273466 37.9879469, -1.1276797 37.9878319))",4.0,41.81,16.76,13017.0,96.18,111.0,0.0,0.0,0.0,0.0,0.0,0.0,0.0,0.0,0.0,0.0,0.0,0.0,0.0,0.0,0.0,0.0,0.0,0.0,0.0,0.0,0.0,0.0,0.0,0.0,5.0,Tourism
116,Murcia_hdbscan_5_5,116,5,-1.1278447799999998,37.98802806,-1.1278329,37.9880443,5.6270749999690424e-08,88856110.85737278,0.0001400444899698,0.0002636862150311,4.408289464178762e-05,0.0001618067316267,No,,,,,,,,,,,,,0.4,,,,,,,0.2,,,,,,,,0.4,,,,,,,,,,,,,,,,,,,,,,,,,,,,,,,,,,,,,,,,,,,,,,,,,,,,,,,,,,,,,,,,,,,,,,,,,,,,,,,,,,,,,,,,,,,,,,,,,,,"POLYGON ((-1.1278012 37.987768, -1.1279187 37.9882469, -1.1278675 37.9881266, -1.1278329 37.9880443, -1.1278036 37.9879545, -1.1278012 37.987768))",0.0,41.81,16.76,13017.0,96.18,78.0,0.0,0.0,0.0,0.0,0.0,0.0,0.0,0.0,0.0,0.0,0.0,0.0,0.0,0.0,0.0,0.0,0.0,0.0,0.0,0.0,0.0,0.0,0.0,0.0,4.0,Tourism
117,Murcia_hdbscan_5_5,117,9,-1.131007788888889,37.99127595555555,-1.1309528,37.9913019,2.0224670000018425e-07,44500108.03633286,0.0001820557452527,0.0003793080569869,0.0001294088391661,0.0001564026435629,Yes,,,,,,,,,,,,,,0.222,,,,,,,,,,,,,,,,,,,,,,,,,,,,,0.222,0.111,,,,,,0.111,,,,,,,,,,,,,,,,,,,,,,,,,,,,,,,,,,,,,,,,,,,,0.111,,,,,,,,,,,,,,,,,,,,,,,,,,,,,,,0.111,,"POLYGON ((-1.1311163 37.9909125, -1.131195 37.9911856, -1.1311274 37.9914695, -1.1308319 37.9914164, -1.1311163 37.9909125))",1.0,41.81,16.76,13017.0,96.18,83.0,0.0,0.0,0.0,0.0,0.0,0.0,0.0,0.0,0.0,0.0,0.0,0.0,0.0,0.0,0.0,0.0,0.0,0.0,0.0,0.0,0.0,0.0,0.0,0.0,13.0,Local
118,Murcia_hdbscan_5_5,118,36,-1.1315921305555556,37.99019479444444,-1.13161095,37.99018805,1.839761949999004e-06,19567748.968837783,0.0004085622743563,0.0008224925240244,0.0002728729494954,0.0003789296152353,Yes,0.028,,,0.028,,,0.028,,,0.167,,0.028,,0.028,,0.028,,,,,0.028,,,,,,,0.028,,,,,,,,,,,,0.028,,,0.056,0.111,,0.056,0.028,,,,,,,,,,,,0.028,,,,0.028,,,,,,,,,,,,,,,0.028,,0.028,,,,,,,,,,0.028,,,,,,,,,,,,,,0.028,,,,,,,,,0.028,,0.056,,,,,,,,,,,0.028,"POLYGON ((-1.1315502 37.9893995, -1.131771 37.9894639, -1.1322904 37.9901529, -1.1314073 37.9907455, -1.1311256 37.9908672, -1.1310369 37.9908016, -1.1315502 37.9893995))",4.0,41.81,16.76,13017.0,96.18,110.0,0.0,0.0,0.0,0.0,0.0,0.0,0.0,0.0,0.0,0.0,0.0,0.0,0.0,0.0,0.0,0.0,0.0,0.0,0.0,1.0,0.0,0.0,0.0,2.0,7.0,Primary
119,Murcia_hdbscan_5_5,119,9,-1.1279783888888888,37.991771588888895,-1.1280273,37.9918154,2.052766800009627e-07,43843265.586513735,0.0002119741560561,0.0004010888225562,0.0002002801562503,0.0001131243116064,Yes,0.111,,0.111,,,,,,,,,0.222,0.111,,,,,,,,,,,,,,,0.111,,0.111,,,,,,,,,,,,,,,,,,,,0.111,,,,,,,,,,,,,,,,,,,,,,,,,,,,,,,,,,,,,,,,,,,,,,,,,,,,,,,,,,,,,,,,,,,,,,,,,,,,,"POLYGON ((-1.1282601 37.9915954, -1.1281597 37.9918791, -1.1279391 37.9918971, -1.1277783 37.9918613, -1.1275797 37.9918154, -1.1280273 37.9916013, -1.1282601 37.9915954))",1.0,41.81,16.76,13017.0,96.18,83.0,0.0,0.0,0.0,0.0,0.0,0.0,0.0,0.0,0.0,0.0,0.0,0.0,0.0,0.0,0.0,0.0,0.0,0.0,0.0,0.0,0.0,0.0,0.0,0.0,8.0,Urban
120,Murcia_hdbscan_5_5,120,13,-1.1277238435897436,37.99330606666666,-1.1277984,37.9932263,4.818617399959064e-07,26978693.10003828,0.0003088720714954,0.0004642403966036,0.0001697206429605,0.0002790610961502,Yes,0.077,,,,,,,,,0.077,0.077,0.077,,,,,,,,,,,,,,,,,,,,,,,,,,,,0.077,,,,,,,,,,0.154,,,,,,,,,,,,,,,,,,,,,,,,,,,,,,,,,,,,,,,,,,,,,,,,,,,,,,,,0.077,,,,,,,,,,,,,,,,,,,,,"POLYGON ((-1.1278211 37.9929308, -1.1280464 37.9930026, -1.1278821 37.9937425, -1.1278043 37.9937626, -1.1275802 37.9935534, -1.1275367 37.9934699, -1.1274671 37.9932263, -1.127470566666667 37.99299296666667, -1.1278211 37.9929308))",2.0,41.81,16.76,13017.0,96.18,92.0,0.0,0.0,0.0,0.0,0.0,0.0,0.0,0.0,0.0,0.0,0.0,0.0,0.0,0.0,0.0,0.0,0.0,0.0,0.0,0.0,0.0,0.0,0.0,0.0,9.0,Local
121,Murcia_hdbscan_5_5,121,9,-1.128467111111111,37.9924846,-1.1284433,37.9924233,2.6930065000159024e-07,33419897.05537976,0.0002060066822502,0.0004504991344303,0.0001218606895365,0.0002014644054584,Yes,,,,0.111,,,0.111,,,,,,,0.111,,0.111,,,,,,,,0.111,,,,,,,,,,,,,,,,,0.111,,,,,,0.111,,,,,,,,,,,,,,,,,,,,,,,,,,,,,,,0.111,,,,,,,,,,,,,,,,,,,,,,,,,,,,,,,,,,,,,,,,,,,,,,,,,"POLYGON ((-1.1282951 37.9922811, -1.1286067 37.9922984, -1.1287096 37.9923124, -1.1285292 37.9929308, -1.1282951 37.9922811))",1.0,41.81,16.76,13017.0,96.18,86.0,0.0,0.0,0.0,0.0,0.0,0.0,0.0,0.0,0.0,0.0,0.0,0.0,0.0,0.0,0.0,0.0,0.0,0.0,0.0,0.0,0.0,0.0,0.0,0.0,10.0,Local
122,Murcia_hdbscan_5_5,122,19,-1.128796052631579,37.99349741052631,-1.1287773,37.9934822,7.338590000007942e-07,25890532.10491312,0.0002988645123294,0.0007182667659706,0.0001963029918221,0.000274918607849,Yes,0.053,,,0.053,,,,0.105,,0.105,,0.053,,,0.053,0.053,,,0.053,,,,,,,,,,,,,,,,,,,,,0.053,,,,,,,,,,,,,0.053,,,,,,,,,,0.053,,,,,,0.053,,,,,,,,,0.053,,,,,,,,,,,,,,,,,,,,,,,,,0.053,,,,,,,,,,,,,,,,,,,,,,,0.053,"POLYGON ((-1.1286369 37.9930805, -1.1288821 37.9931227, -1.1291278 37.99356, -1.1290254 37.9937518, -1.1284103 37.9941033, -1.1286369 37.9930805))",2.0,41.81,16.76,13017.0,96.18,96.0,1.0,0.0,0.0,0.0,0.0,0.0,0.0,0.0,0.0,0.0,0.0,0.0,0.0,0.0,0.0,0.0,0.0,0.0,0.0,0.0,0.0,0.0,0.0,1.0,9.0,Primary
