param_config,cluster_label,num_points,avg_lon,avg_lat,median_lon,median_lat,bounding_box_area,density,radius_avg,radius_max,std_lon,std_lat,has_shop,shop_rel_butcher,shop_rel_car_repair,shop_rel_bakery,shop_rel_supermarket,amenity_rel_restaurant,amenity_rel_post_box,amenity_rel_doctors,amenity_rel_pharmacy,amenity_rel_school,amenity_rel_community_centre,amenity_rel_bar,amenity_rel_atm,amenity_rel_cafe,amenity_rel_clinic,amenity_rel_pub,shop_rel_copyshop,shop_rel_pet,shop_rel_tobacco,shop_rel_garden_centre,amenity_rel_library,shop_rel_hardware,shop_rel_convenience,amenity_rel_post_office,amenity_rel_events_venue,amenity_rel_biergarten,amenity_rel_theatre,shop_rel_furniture,shop_rel_wholesale,shop_rel_sports,shop_rel_electronics,shop_rel_doityourself,amenity_rel_fast_food,shop_rel_car,shop_rel_gift,shop_rel_variety_store,amenity_rel_charging_station,amenity_rel_car_rental,shop_rel_tyres,shop_rel_bathroom_furnishing,shop_rel_funeral_directors,amenity_rel_university,amenity_rel_veterinary,shop_rel_security,shop_rel_optician,shop_rel_clothes,shop_rel_houseware,shop_rel_car_parts,amenity_rel_cinema,shop_rel_stationery,shop_rel_books,shop_rel_sewing,shop_rel_jewelry,shop_rel_beauty,amenity_rel_bank,amenity_rel_dentist,shop_rel_mall,shop_rel_motorcycle,shop_rel_fuel,shop_rel_interior_decoration,amenity_rel_taxi,shop_rel_shoes,shop_rel_household_linen,shop_rel_pastry,shop_rel_hairdresser,shop_rel_bicycle,shop_rel_florist,shop_rel_yes,shop_rel_estate_agent,shop_rel_greengrocer,shop_rel_laundry,amenity_rel_language_school,shop_rel_toys,shop_rel_video_games,shop_rel_dry_cleaning,shop_rel_mobile_phone,shop_rel_kiosk,shop_rel_newsagent,shop_rel_vacant,shop_rel_medical_supply,shop_rel_doors,shop_rel_nutrition_supplements,shop_rel_lottery,shop_rel_perfumery,shop_rel_hearing_aids,shop_rel_confectionery,amenity_rel_college,shop_rel_seafood,shop_rel_boutique,shop_rel_e-cigarette,shop_rel_art,shop_rel_fabric,shop_rel_computer,shop_rel_chemist,shop_rel_appliance,shop_rel_ticket,shop_rel_outdoor,shop_rel_photo_studio,shop_rel_pet_grooming,shop_rel_kitchen,shop_rel_lighting,shop_rel_hifi,shop_rel_wine,shop_rel_erotic,shop_rel_second_hand,shop_rel_weapons,shop_rel_cosmetics,shop_rel_massage,amenity_rel_money_transfer,shop_rel_nuts,amenity_rel_arts_centre,shop_rel_leather,amenity_rel_place_of_worship,shop_rel_deli,shop_rel_fashion_accessories,shop_rel_craft,shop_rel_bag,amenity_rel_music_venue,shop_rel_tea,shop_rel_dairy,shop_rel_antiques,shop_rel_mobile_phone_accessories
Cordoba_hdbscan_5_5,0,20,-4.635038815,37.733651560000006,-4.6352781499999995,37.733402999999996,7.946006488999334e-05,251698.7624876539,0.0026069761856006846,0.012083701532883144,0.0034196108819973645,0.0010975239470738085,Yes,0.1,0.1,0.05,0.05,0.2,0.1,0.05,0.05,0.05,0.05,0.05,0.05,,,,,,,,,,,,,,,,,,,,,,,,,,,,,,,,,,,,,,,,,,,,,,,,,,,,,,,,,,,,,,,,,,,,,,,,,,,,,,,,,,,,,,,,,,,,,,,,,,,,,,,,,,,,,
Cordoba_hdbscan_5_5,1,12,-4.769309116877256,37.99733523937758,-4.7693324217686754,38.001630384454614,0.0003964867742865863,30265.826701513703,0.007966817133974475,0.019394359390525914,0.0028835615836968315,0.009413356457843,No,,,,,0.25,,,0.083,0.083,,,,0.083,0.083,0.083,,,,,,,,,,,,,,,,,,,,,,,,,,,,,,,,,,,,,,,,,,,,,,,,,,,,,,,,,,,,,,,,,,,,,,,,,,,,,,,,,,,,,,,,,,,,,,,,,,,,,,,,,,
Cordoba_hdbscan_5_5,2,18,-4.92749708795311,37.83197713599321,-4.9279098999999995,37.83195514173632,1.896209846999971e-05,949262.0254281526,0.001336030363113529,0.003713604848723889,0.0013284720676099147,0.0008609058148738676,Yes,,0.056,,0.056,0.167,,,0.111,0.056,,0.056,,,,,0.056,0.056,0.056,0.056,0.056,,,,,,,,,,,,,,,,,,,,,,,,,,,,,,,,,,,,,,,,,,,,,,,,,,,,,,,,,,,,,,,,,,,,,,,,,,,,,,,,,,,,,,,,,,,,,,,,,,,,,
Cordoba_hdbscan_5_5,3,9,-4.912406995201344,37.8492387621296,-4.9100785441526895,37.8496576,5.9283105751558086e-05,151813.9086321985,0.003744098396995723,0.010139072296383774,0.004280625723148326,0.0014807670241409284,No,,,,,0.222,,0.111,,,,,,,,,,,,,0.111,,,,,,,,,,,,,,,,,,,,,,,,,,,,,,,,,,,,,,,,,,,,,,,,,,,,,,,,,,,,,,,,,,,,,,,,,,,,,,,,,,,,,,,,,,,,,,,,,,,,,
Cordoba_hdbscan_5_5,4,33,-4.89600772124692,37.925502488018715,-4.8976064337973755,37.92569325077842,0.0012670093528440354,26045.58516156604,0.005026330593846454,0.028612646257565454,0.0052170254841644465,0.00631062064735035,Yes,,,,0.03,0.091,,,,,,0.121,,,,,,,,,,0.03,,,,,,,,,,,,,,,,,,,,,,,,,,,,,,,,,,,,,,,,,,,,,,,,,,,,,,,,,,,,,,,,,,,,,,,,,,,,,,,,,,,,,,,,,,,,,,,,,,,,
Cordoba_hdbscan_5_5,5,24,-4.673489206085788,37.93369157813904,-4.673251098693449,37.932627075,0.0010133050047900797,23684.872655861338,0.006558695343202304,0.023584088150910114,0.007771436293294406,0.004721177046430632,Yes,,,,0.083,0.042,,0.042,,0.083,,0.125,,,,,,,,,0.042,,0.042,0.042,0.042,0.042,0.042,,,,,,,,,,,,,,,,,,,,,,,,,,,,,,,,,,,,,,,,,,,,,,,,,,,,,,,,,,,,,,,,,,,,,,,,,,,,,,,,,,,,,,,,,,,,,,,
Cordoba_hdbscan_5_5,6,6,-4.755929695819936,37.92778809298801,-4.755629846386962,37.927495466662705,9.467787987590018e-05,63372.775223363155,0.004596209100413746,0.007131102140195761,0.002879771866304662,0.00401109491653604,Yes,,,,0.333,0.333,,,,,,,,,,,,,,,,,,,,,,,,,,,,,,,,,,,,,,,,,,,,,,,,,,,,,,,,,,,,,,,,,,,,,,,,,,,,,,,,,,,,,,,,,,,,,,,,,,,,,,,,,,,,,,,,,,,,
Cordoba_hdbscan_5_5,7,13,-4.837546906416222,37.87642737473977,-4.8373366,37.8765238,2.3011625630733963e-05,564931.8396105578,0.002307291432405374,0.0047058531295009,0.0027781553320665865,0.0008200116978492814,Yes,,,,0.154,,,,,,,,,,,,,0.077,,,,,,,,,,0.231,0.154,0.154,0.077,0.077,0.077,,,,,,,,,,,,,,,,,,,,,,,,,,,,,,,,,,,,,,,,,,,,,,,,,,,,,,,,,,,,,,,,,,,,,,,,,,,,,,,,,,,,,,,,,
Cordoba_hdbscan_5_5,8,26,-4.732849863804055,37.899219958641936,-4.734302116245144,37.89895225,0.00020109717263386826,129290.72875299664,0.005296171627150496,0.011723756374659479,0.005796922679452465,0.0020317985843989724,Yes,,,,0.077,0.077,,,,,,,,,,,,,,,,,0.115,,,,,0.346,0.038,,,,,0.077,0.038,0.038,0.077,0.038,,,,,,,,,,,,,,,,,,,,,,,,,,,,,,,,,,,,,,,,,,,,,,,,,,,,,,,,,,,,,,,,,,,,,,,,,,,,,,,,,,,,
Cordoba_hdbscan_5_5,9,6,-4.714834983039106,37.905529817577715,-4.71491315993355,37.905175090178886,1.2374348613678634e-05,484874.00729664153,0.001932787729339391,0.002350149285107801,0.0009414311031968124,0.0017039552570320877,Yes,,,,,0.167,,,,,,,,,,,,,,,,,,,,,,0.167,,,,,,,,,,,0.167,0.167,,,,,,,,,,,,,,,,,,,,,,,,,,,,,,,,,,,,,,,,,,,,,,,,,,,,,,,,,,,,,,,,,,,,,,,,,,,,,,,,,,
Cordoba_hdbscan_5_5,10,29,-4.719681214103792,37.91430867693166,-4.72108761121449,37.914294621959115,7.103005459781346e-05,408277.8784868443,0.003212575089534768,0.0074849192726901305,0.0034683076845610774,0.0012150878299543116,Yes,,,,,,,,,,,,0.034,0.172,0.034,,,,,,0.034,,,,,,0.034,,,,,,,,,,,,,,0.034,0.103,0.034,,,,,,,,,,,,,,,,,,,,,,,,,,,,,,,,,,,,,,,,,,,,,,,,,,,,,,,,,,,,,,,,,,,,,,,,,,,,,,,
Cordoba_hdbscan_5_5,11,10,-4.7945019183235456,37.853789313096584,-4.794988249999999,37.85406095,1.9602651660978607e-05,510135.0660587507,0.0016010094070025508,0.0038418140270218724,0.0015406739076482974,0.0009994556821632838,Yes,0.1,0.1,,,0.1,,,,,,0.1,,,,,,,,,,,0.2,,,,,0.1,,,,,,,,,,0.1,0.1,,,,,0.1,,,,,,,,,,,,,,,,,,,,,,,,,,,,,,,,,,,,,,,,,,,,,,,,,,,,,,,,,,,,,,,,,,,,,,,,,,,,,,
Cordoba_hdbscan_5_5,12,11,-4.8052437549114755,37.90152222816556,-4.8050621038295045,37.90158676889196,4.129617331797357e-05,266368.5062366882,0.002768786970531698,0.004501748645901008,0.002353625514858133,0.0018017301977327081,No,,,,,0.091,,,,,,,,,,,,,,,,,,,,,,,,,,,,,,,,,,,,,,,,,,,,,,,,,,,,,,,,,,,,,,,,,,,,,,,,,,,,,,,,,,,,,,,,,,,,,,,,,,,,,,,,,,,,,,,,,,,,
Cordoba_hdbscan_5_5,13,20,-4.786871963035358,37.85802768424078,-4.7865986,37.858076136874615,1.8787188623822038e-05,1064555.2349775275,0.0015070303563126364,0.0036215861764308877,0.0015564737710533948,0.0009169816969820115,Yes,,0.05,,0.05,,,,,0.05,,,,,,,,0.05,,,,,,,,,,,,0.05,,,0.05,0.1,,0.05,,,,0.05,,,0.05,,0.05,0.05,0.05,0.05,0.05,,,,,,,,,,,,,,,,,,,,,,,,,,,,,,,,,,,,,,,,,,,,,,,,,,,,,,,,,,,,,,,,,,,,,,,,,
Cordoba_hdbscan_5_5,14,6,-4.765728443033647,37.87000517934006,-4.766003370237531,37.86959398851937,4.848731587348979e-06,1237437.0269649164,0.0008490948645466142,0.002524100774859341,0.0006398863234243369,0.0009363763929577418,No,,,,,,,,,,,,,,,,,,,,,,,,,,,,,,,,,,,,,,,,,,,,,,,,,,,,,,,,,,,,,,,,,,,,,,,,,,,,,,,,,,,,,,,,,,,,,,,,,,,,,,,,,,,,,,,,,,,,,,,,,
Cordoba_hdbscan_5_5,15,42,-4.778293020733936,37.90880447209246,-4.77830225,37.908837500000004,3.969509687687067e-05,1058065.1844805633,0.001696894313798313,0.004866120786421581,0.0017478552938046891,0.0009905469567117245,Yes,0.071,0.048,,0.071,0.095,,,0.048,0.071,,0.048,,0.024,,0.024,,,0.024,,,0.024,0.024,,,,,,0.024,,,,0.024,,,,,,,,,,0.024,,,,,,,0.024,0.024,0.024,0.024,0.024,0.048,0.024,,,,,,,,,,,,,,,,,,,,,,,,,,,,,,,,,,,,,,,,,,,,,,,,,,,,,,,,,,,,,,,,,,
Cordoba_hdbscan_5_5,16,5,-4.808011270328349,37.893397565077905,-4.8086451,37.893396479275964,1.0045559791841207e-05,497732.3418114434,0.0015111196631854562,0.002279248381081486,0.0013472825528809235,0.0009211596574242508,Yes,,,,0.2,,,,,0.2,,,,,,,,,,,,,,,,,,,,,,,,,,,,,,,,,,,,,,,,,,,,,,,0.2,,,,,,,,,,,,,,,,,,,,,,,,,,,,,,,,,,,,,,,,,,,,,,,,,,,,,,,,,,,,,,,,,
Cordoba_hdbscan_5_5,17,5,-4.7892490844395486,37.90249505039181,-4.7892659,37.9022968,8.951902711617524e-06,558540.4758153976,0.0010956137263325554,0.002171941129199428,0.0009996254787110425,0.0009677767340618368,No,,,,,0.2,,,,0.2,,,,0.2,,,,,,,,,,,,,,,,,,,0.2,,,,0.2,,,,,,,,,,,,,,,,,,,,,,,,,,,,,,,,,,,,,,,,,,,,,,,,,,,,,,,,,,,,,,,,,,,,,,,,,,,,,,,,,,,,,
Cordoba_hdbscan_5_5,18,23,-4.769521590481113,37.90189489609456,-4.769482427889677,37.90202678850686,1.8401837299987074e-05,1249875.1958868888,0.0013246289171975633,0.002973954707362021,0.00109388797135645,0.0009931723450950262,Yes,,0.043,,0.087,,,,,,,0.043,,,,,,,,,,,,,,,,0.043,0.391,,0.043,,,0.043,,,,,,,,,,,,0.043,,,,,,,,,,,,0.087,0.043,0.043,,,,,,,,,,,,,,,,,,,,,,,,,,,,,,,,,,,,,,,,,,,,,,,,,,,,,,,,,,,,,,
Cordoba_hdbscan_5_5,19,15,-4.8134741675431,37.88430494757123,-4.813449965644104,37.8848312,2.5602273040089083e-05,585885.4788601148,0.001898739828409328,0.0036960838898311356,0.0011563790190269852,0.0016738276864667163,Yes,,,0.067,,,0.067,,0.067,0.133,,,,,,0.133,,,,,,,,,,,0.067,,,,,,,,,,,,,,,,,,,,,,,0.067,,,,,,,,,,,0.067,,,,,,,,,,,,,,,,,,,,,,,,,,,,,,,,,,,,,,,,,,,,,,,,,,,,,,,,,,,,,
Cordoba_hdbscan_5_5,20,8,-4.77773165692455,37.86305946352452,-4.777284986533851,37.86323208077269,9.219609960779628e-06,867715.6662843798,0.001315097274400763,0.002235311937623694,0.0009754300566225656,0.0010352291138400569,No,,,,,,,,,0.375,,,,,,,,,,,,,,,,,,,,,,,,,,,,,,,,,,,,,,,,,,,,,,,,,,,,,,,,,,,,,,,,,,,,,,,,,,,,,,,,,,,,,,,,,,,,,,,,,,,,,,,,,,,,,,,,
Cordoba_hdbscan_5_5,21,10,-4.752245376197746,37.897665128374896,-4.752129350000001,37.89758115,5.290349399986514e-06,1890234.3198779067,0.0010515783812879143,0.0016810927865115286,0.000998996380938513,0.0005166359514035011,Yes,,0.1,,0.1,0.3,,,0.1,0.2,,,,0.1,,,,,,,,,0.1,,,,,,,,,,,,,,,,,,,,,,,,,,,,,,,,,,,,,,,,,,,,,,,,,,,,,,,,,,,,,,,,,,,,,,,,,,,,,,,,,,,,,,,,,,,,,,,,,,,
Cordoba_hdbscan_5_5,22,17,-4.79145360590379,37.89633626896018,-4.791522872128284,37.8962234,8.337172051079616e-06,2039060.714573906,0.0007246983745065427,0.002243430083898194,0.0007374041536214071,0.0005366825508693313,Yes,,,,0.059,,,,,,,,,,,,,,,,,,,,,,,,,,,,,,,,,,,,,,,,,0.471,,,,,,,,,0.059,,0.059,,,,,0.118,0.059,,,,,,,,,,,,,,,,,,,,,,,,,,,,,,,,,,,,,,,,,,,,,,,,,,,,,,,,,,,
Cordoba_hdbscan_5_5,23,7,-4.754641959717736,37.89248150992245,-4.754411084516725,37.89198053393773,8.373166408170236e-06,836003.9271606558,0.0013434225387585934,0.00209421860071805,0.001232308619932846,0.0007582808007285392,No,,,,,,,,,0.143,,,,,,,,,,,,,,,,,,,,,,,0.143,,,,,,,,,,,,,,,,,,,,,,,,,,,,,,,,,,,,,,,,,,,,,,,,,,,,,,,,,,,,,,,,,,,,,,,,,,,,,,,,,,,,,,,,,
Cordoba_hdbscan_5_5,24,10,-4.7965110216987865,37.896206026389955,-4.7964991,37.896381399999996,1.0089769140015796e-05,991102.954015095,0.001203542478423919,0.0029336174390544923,0.0013556696143271875,0.0005564793936257463,Yes,,,,,0.4,,,,,,,,,,,,,,,,,,,,,,,,,,,,,,,,,,,,,,,,,,,,,,,,,0.1,,,,,,,,,0.1,,,,,,,,,,,,,,,,,,,,,,,,,,,,,,,,,,,,,,,,,,,,,,,,,,,,,,,,,,
Cordoba_hdbscan_5_5,25,41,-4.758296844254726,37.897673426215334,-4.758422920012932,37.8981286,1.909645453371586e-05,2146995.3978950493,0.0015254127545709848,0.0028013307853462454,0.0012390120456628234,0.0010742426468860111,Yes,,0.122,0.024,,0.049,,,0.024,0.049,0.024,,0.024,,,0.024,,,0.049,,,,0.073,,,,,,,,,,0.049,,,,,,,,,,0.024,,0.024,,,,,,,,,,0.098,,,,,,0.024,,,,0.098,0.024,0.024,0.024,0.024,0.024,,,,,,,,,,,,,,,,,,,,,,,,,,,,,,,,,,,,,,,,,,,,,,,,,,,,
Cordoba_hdbscan_5_5,26,10,-4.793345148560562,37.87249923663467,-4.79337265,37.872440850000004,1.3690207188108908e-06,7304491.351077461,0.0005283699529297885,0.0008896064185177263,0.00041690157976427653,0.00035954109284157883,Yes,0.1,,,,,,,,,0.1,,,,,,,,0.1,,,0.1,,,,,,,,,,,,,,,,,,,,,0.1,,,0.1,,,,,,,,,,0.1,,,,,,,,,,,,,,,0.1,0.1,,,,,,,,,,,,,,,,,,,,,,,,,,,,,,,,,,,,,,,,,,,,,,,,,,
Cordoba_hdbscan_5_5,27,12,-4.791684264253502,37.870512465271126,-4.791645962580042,37.870324749999995,2.783710335576918e-06,4310793.348947,0.0005569394819875642,0.0013330980541881358,0.00039339448103486025,0.0005229465272298694,Yes,,,0.083,,0.083,,,,,,0.083,,,,,,,,,,,,,,,,,,,,,,,,,,,,,0.083,,,,,,,,,,,,,,0.083,,,,,,,,,,,,,,,,,,,,,,,,,,,,,,,,,,,,,,,,,,,,,,,,,,,,,,,,,,,,,,,,,,,
Cordoba_hdbscan_5_5,28,17,-4.777743450862948,37.87421385298054,-4.778022999902938,37.8748677,2.136080573809838e-05,795850.1288965612,0.0018382253445308407,0.0035620373025888217,0.0014514342336013485,0.001371309721976456,No,,,,,0.235,,,,,,0.176,,0.118,,,,,,,,,,,,,,,,,,,,,,,,,,,,,,,,,,,,,,,,,,,,,,,,,,,,,,,,,,,,,,,,,,,,,,,,,,,,,,,,,,,,,,,,,,,,,,,,,,,,,,,,,,,,
Cordoba_hdbscan_5_5,29,24,-4.766599728605879,37.87818836253674,-4.76657235,37.8781514,3.512254480005683e-06,6833217.848144411,0.0006871311989262262,0.002155281625862514,0.0002557549107397729,0.0007802353544096124,Yes,,,,0.042,0.083,,,,,,,0.042,0.042,,,,,,,,0.042,,,,,,,,,,,0.083,,,,0.042,,,,,,,,,0.292,,,,,,,0.083,,,,0.042,,,,,,0.042,,,,,,,,,,0.042,0.042,0.042,0.042,,,,,,,,,,,,,,,,,,,,,,,,,,,,,,,,,,,,,,,,,,,,,,
Cordoba_hdbscan_5_5,30,11,-4.767134601205777,37.88104991717067,-4.767328139765099,37.8812093,8.205103055072433e-06,1340629.1092468058,0.0012249957579062007,0.0022014781123523234,0.0011106236568230524,0.0007460865365941284,Yes,,0.091,,,0.182,,,0.091,0.182,,,,,,,,,,,,,,,,,,,,,,,,,,,,,0.091,,,,,,,,,,,,,,,,0.091,,,,,,,,,,,,,,,,,,,,,,0.091,,,,,,,,,,,,,,,,,,,,,,,,,,,,,,,,,,,,,,,,,,,,,
Cordoba_hdbscan_5_5,31,5,-4.755240999578559,37.8855902656305,-4.75476825690662,37.88576497414365,3.869266699604057e-06,1292234.52095242,0.0010219197655082345,0.0018423206672235598,0.0010217715003981937,0.0004966253252370582,No,,,,,,,,,0.4,,,,,,,,,,,,,,,,,,,,,,,,,,,,,,,,,,,,,,,,,,,,,,,,,,,,,,,,,,,,,,,,,,,,,,,,,,,,,,,,,,,,,,,,,,,,,,,,,,,,,,,,,,,,,,,,
Cordoba_hdbscan_5_5,32,7,-4.764987726487121,37.89707031565097,-4.7651224854098455,37.8969651,2.676605974323611e-06,2615252.3259494435,0.0006542605183464523,0.0010480214025260647,0.0005425158643890554,0.00045209585494010137,Yes,,0.143,,,0.143,,,,0.143,,0.286,,,,,,,,,,,,,,,,,,,,,,,,,,,,,,,,,,,,,,,,,,,,,,,,,,,,,,0.143,,,,,,,,,,,,,,,,,,,,,,,,,,,,,,,,,,,,,,,,,,,,,,,,,,,,,,,,
Cordoba_hdbscan_5_5,33,5,-4.762677939672178,37.893670026323434,-4.762411099222909,37.8936774,3.137735771828936e-06,1593505.7517878823,0.0009171216105845949,0.0016949280426748132,0.0010096455108604355,0.0003469137724445543,Yes,,,,,0.2,,,0.2,0.2,,,,,0.2,,,,,,,,,,,,,,,,,,,,,,,,,,,,,,,,,,,,,,,,,,,,,,,,,,,,,,,,,,,,,,,0.2,,,,,,,,,,,,,,,,,,,,,,,,,,,,,,,,,,,,,,,,,,,,
Cordoba_hdbscan_5_5,34,10,-4.780598157375222,37.894705201521255,-4.780481099999999,37.894581015000746,3.268658173917591e-06,3059359.3664199766,0.0005982927486210937,0.0012684997248705555,0.00046342508596746866,0.0005190334647690833,Yes,,0.1,,,0.1,,,,0.1,,0.1,,,,0.1,,,,,,,,,,,,,,,,,,,,,,,,,,,,,,,,,,0.1,,,,,,,,,,,,,,,,,,,,0.1,,,,,,,,,,,,,,,,,,,,,,,,,,,,,,,,,,,,,,,,,,,,,,,,,,,,
Cordoba_hdbscan_5_5,35,12,-4.806254221039814,37.88598629188173,-4.806273948238228,37.88613035,2.4268619442817266e-06,4944657.040865015,0.0006189806050861718,0.0012374879304553228,0.0005079801083285545,0.0004478775382551886,Yes,,,,,0.333,,,0.083,,,0.083,,0.083,,,,,,,,,,,,,,,,,,,0.083,,,,,,,,,,,,,,,,,,,,,,,,,,,,,,,,,,,,,,,,,,,,,,0.083,,,,,,,,,,,,,,,,,,,,,,,,,,,,,,,,,,,,,,,,,,,
Cordoba_hdbscan_5_5,36,9,-4.802686273631515,37.88668609511254,-4.802955641342837,37.8864547943639,2.454373541420841e-06,3666923.493149248,0.0007034400140082727,0.001596630360994478,0.0006543338884612938,0.0004404063344916608,Yes,,,,0.111,0.333,,,,,,0.111,,0.111,,,,,,,,,,,,,,,,,,,,,,,,,,,,,,,,,,,,,,,,,,,,,,,,,,,,,,,,,,,,,,,,,,,,,,,,,,,,,,,,,,,,,,,,,,,,,,,,,,,,,,,,,,,,
Cordoba_hdbscan_5_5,37,50,-4.798385403427981,37.89004122109277,-4.79840755,37.8897326,2.2620764638345246e-05,2210358.526751269,0.0016426736164909847,0.003370828528809789,0.0008739499674223822,0.0016182125715467023,Yes,,0.04,,,0.06,,,0.04,,,,,0.02,,0.04,,,,,,,,,,,,,,,0.02,,0.04,,,,,,,0.02,,,0.04,,,,,,,,0.02,,,0.02,0.14,0.06,,,,,,,,,0.08,,,,,0.04,,,,,,,,,0.02,0.02,0.02,0.02,0.02,0.02,0.02,,,,,,,,,,,,,,,,,,,,,,,,,,,,,,,,,,,,,
Cordoba_hdbscan_5_5,38,21,-4.78434354638976,37.897000197822855,-4.785088167958023,37.897258355325405,1.439541859732691e-05,1458797.454066358,0.0015667330345203948,0.0031016369178745017,0.001402992879657636,0.0009718464163003752,Yes,0.048,,,,0.048,,,0.095,0.048,,,,0.048,,0.048,,,,,,,,0.048,,,,,,,,,0.143,,,,0.048,,,,,0.048,,,,,,,,,,,,,,,,,,,,,,,,,,,,0.095,,,,,,,,,,,,,,,,0.095,0.048,,,,,,,,,,,,,,,,,,,,,,,,,,,,,,,,,,,
Cordoba_hdbscan_5_5,39,88,-4.77836819588699,37.897837205082645,-4.7786411,37.8977152,3.2434327899979116e-05,2713174.7656795643,0.0016003592279574383,0.0042395813684792455,0.0015198756555552236,0.0010336841738177228,Yes,0.023,0.023,0.023,0.045,0.023,,,0.045,0.034,,0.045,0.023,0.023,0.011,,0.011,,0.011,,0.011,0.011,0.011,,,,,,,,0.011,,0.034,,0.023,0.034,,,0.011,,,,,,0.011,0.023,,,,0.011,,0.011,0.023,0.023,0.045,0.034,,,,,,,,,0.08,0.011,,,0.011,,0.011,0.011,0.011,,,,0.011,,,0.011,,,,0.023,,0.023,,0.023,0.023,0.011,0.011,0.011,0.011,0.011,0.011,,,,,,,,,,,,,,,,,,,,,,,,,,,
Cordoba_hdbscan_5_5,40,16,-4.760668691816004,37.87813836912279,-4.7608147,37.878261249999994,9.385235008011167e-06,1704805.4722489654,0.0012438127537994633,0.002625613385262185,0.0012136312982322492,0.0006600588571312775,Yes,0.062,,0.125,,0.188,,,,0.062,,,,,,0.062,,,,,,,,,,,,,,,,,0.125,,,,,,,,,,,,,0.062,,,,,,,,,,,,,,,,,,,0.062,,,,,0.062,,,,,,,0.062,,,,,,,,,,,,,,,,,,,,,,,,,,,,,,,,,,,,,,,,,,,,,
Cordoba_hdbscan_5_5,41,7,-4.789640214285714,37.888705057142865,-4.7896674,37.8887162,1.400569020000997e-06,4997968.611354131,0.0005850191519295404,0.0007247130520134896,0.0003271664426931071,0.0004926592124298507,Yes,,,,,,,,,,,,,0.143,,,,,,,,,,,,,,,,,,,,,,,,0.571,,,,,,,,,,,,,,,,,,,,,,,0.143,,,,,,,,,,,,,,,,,,,,,,,,,,,,,,,,,,,0.143,,,,,,,,,,,,,,,,,,,,,,,,,,
Cordoba_hdbscan_5_5,42,12,-4.759908294718524,37.88071401577121,-4.7599348500000005,37.88071205,6.080618538599449e-07,19734834.41499352,0.0002873197357187324,0.0009222390597316894,0.00038343981372057395,0.00011549479753268406,Yes,0.083,,0.083,,,0.083,,0.083,,,0.25,,0.083,,,,,,,,,0.083,,,,,,,,,,,,,,,,,,,,,,,,,,,,,,,,,,,,,,,,,,,,,,,0.083,,,,,,,,,,,,,,,,,,,,,,,,,,,,,,,,,,,,,,,,,,,,,,,,,,,,
Cordoba_hdbscan_5_5,43,8,-4.757632916366704,37.88064863960183,-4.757662536651161,37.88055706123852,8.838989555982486e-07,9050808.29582536,0.0004207517944332204,0.0005807363222141697,0.00026786851170441776,0.000361025889312344,No,,,,,,,,,,,,,,,,,,,,,,,,,,,,,,,,,,,,,,,,,,,,,,,,,,,,,,,,,,,,,,,,,,,,,,,,,,,,,,,,,,,,,,,,,,,,,,,,,,,,,,,,,,,,,,,,,,,,,,,,,
Cordoba_hdbscan_5_5,44,8,-4.79828338508184,37.88371174551833,-4.798290250000001,37.88401469601958,2.8878968018718058e-06,2770182.09058397,0.0007137212046580433,0.001527525851880781,0.00045009096884906033,0.000643949119261578,Yes,,0.125,,,0.125,,,,0.125,,,,,,,,,,,,,0.125,,,,,,,,,,,,,,,,,,,,,,,,,,,,,,,,,,,,,,,,,,,,,,,,,,,,,,,,,,,,,,,,,,,,,,,,,,,,,,,,,,,,,,,,,,,,,,,,,,,
Cordoba_hdbscan_5_5,45,12,-4.768657518892876,37.88840414260296,-4.7690303499999995,37.88817375,3.560976300000966e-06,3369862.3604983683,0.0009089192061586387,0.0016019247255096493,0.0008606102071291316,0.0004669145251455676,Yes,,,0.083,,0.167,,,,0.083,,0.083,,,,0.083,,,,,,,0.083,,,,0.083,,,,,,,,,,,,,,,,,,,,,,,,,,,,,,,,,,,,,0.083,0.083,,0.083,,,,,,,,,,,,,,,,,,,,,,,,,,,,,,,,,,,,,,,,,,,,,,,,,,,,,,,
Cordoba_hdbscan_5_5,46,6,-4.768823371318633,37.88590978993735,-4.768635,37.8858083,1.2797821099963935e-06,4688298.072878132,0.0005121016882588123,0.000837968772380709,0.0003949784655558214,0.0003998929980820333,Yes,,0.167,,,,,,0.167,,,0.167,,,,,,,,,,,0.167,,,,,,,,,,,,,,,,,,,0.167,,,,,,,,,,,,,,,,,,,,,,,,,,,,,,,,,,,,,,,,,,,,,,,,,,,,,,,,,,,,,,,,,,,,,,,,,,,,,,,,
Cordoba_hdbscan_5_5,47,7,-4.761574771335598,37.883760145601414,-4.761504343253418,37.88372722495416,2.286002964688202e-06,3062113.2641246426,0.000515506926719965,0.0011117446832563094,0.0004664772458939699,0.0004512278625092477,No,,,,,,,,,,,,,,,,,,,,,,,,,,0.143,,,,,,,,,,,,,,,,,,,,,,,,,,,,,,,,,,,,,,,,,,,,,,,,,,,,,,,,,,,,,,,,,,,,,,,,,,,,,,,,,,,,,,,,,,,,,,,
Cordoba_hdbscan_5_5,48,10,-4.761501578646164,37.88588217441411,-4.761442990657838,37.88605452682453,2.304085268432637e-06,4340117.154953444,0.0006235948906175715,0.0011211783478020311,0.000635436344921741,0.00036568021309636185,Yes,,,,,0.1,,,,,,,,,,0.1,,,,,,,,,,,,,,,,,,,,,,,,,,,,,,,,,,,,,,,,,,,,,,,,,,,,,,,,,,,,,,0.1,,,,,,,,,,,,,,,,,,,,,,,,,,,,,,,,,,,,,,,,,,,,
Cordoba_hdbscan_5_5,49,5,-4.772614037970646,37.88880058315236,-4.7726319,37.8887568,1.908805941223445e-06,2619438.6197243608,0.000495809295449066,0.0010821333481615097,0.0005810039906261544,0.0003376062310634731,Yes,,,,,,,,0.2,0.2,,,,0.2,,,,,,,,,,,,,,,,,,,,,,,,,,,,,,,,,,,0.2,,,,,,,,,,,,,,,,0.2,,,,,,,,,,,,,,,,,,,,,,,,,,,,,,,,,,,,,,,,,,,,,,,,,,,,,,,,,
Cordoba_hdbscan_5_5,50,8,-4.7751866624999995,37.8901759875,-4.77526165,37.8904434,3.5299542600055986e-06,2266318.317673417,0.0007591050338688667,0.001772415890548884,0.0004213907062854884,0.0008041586059947524,Yes,,,,,,,,,,,0.25,,,,0.25,,,,,,,,,,,,,,,,,,,,,,,,,,,,,,,,,,,,,,,,,,,,,,,,,0.125,,0.125,,,,,,,,,,,,,,,,,,,,,,,,,,,,,,0.125,,,,,,,,,,,,,,,,,,,,,,,,,
Cordoba_hdbscan_5_5,51,7,-4.7644955119034815,37.88772965235079,-4.7643883,37.8876615,3.6432298197624647e-06,1921372.0644327602,0.0007272057826457299,0.0014381651278501915,0.0006573248175839781,0.000537549746141318,Yes,0.143,,,0.143,0.143,,,,,,,,,,,,,,,,,,,,,,,,,,,0.143,,,,,,,,,,,,,,,,,,,,,,,,,,,,,,,0.143,,,,,,,,,,,,,,,,,,,,,,0.143,,,,,,,,,,,,,,,,,,,,,,,,,,,,,,,,,,,,
Cordoba_hdbscan_5_5,52,7,-4.76489843895133,37.89038461501158,-4.7649128,37.8903782,5.181153019412425e-07,13510506.201559443,0.0004047582375112922,0.0006040411571410454,0.00038634693257760886,0.00016701084791792643,Yes,,0.143,,0.143,0.143,,,,,,,0.143,,,0.143,,,,,,,,,,,,,,,,,,,,,,,,,,,,,,,,,,,,,,,0.143,,,,,,,,,,,,,,,,,,,,,,,,,,,,,,,,,,,,,,,,,,,,,,,,,,,,,,,,,,,,,,,,,,,
Cordoba_hdbscan_5_5,53,12,-4.760148666666667,37.890655833333334,-4.7601868,37.89066235,2.1060135000318891e-07,56979691.724760056,0.0002606926627034556,0.0006137294101552757,0.0002901160869184639,7.8427347838682e-05,Yes,,,,0.083,,,,0.083,,,,,,,,,,0.083,,,,,,,,,,,0.167,,,,,,,,,,,,,,,,0.333,,,,,,,0.083,,,,,,,,,,,,,,,,,,,,0.083,,,,,,,,,,,,,,,,,,,,,,,,,0.083,,,,,,,,,,,,,,,,,,,,,,,,
Cordoba_hdbscan_5_5,54,13,-4.763520961538462,37.89108486923077,-4.7635916,37.8910511,8.819465599999689e-07,14740122.122592619,0.00032274200556730605,0.0008623402269643485,0.0003485087451468237,0.00017753100004329507,Yes,,,,,,,,0.077,,0.077,0.077,,,,,,,,,,,0.077,,,,,,,,,,,,,,,,,,,,,,0.077,,,,,,,,,,0.308,0.077,,,,,,,,,0.077,,,,0.077,,,,,,,,,,,,,,,,,,,,,,,,0.077,,,,,,,,,,,,,,,,,,,,,,,,,,,,,
Cordoba_hdbscan_5_5,55,15,-4.761877346666666,37.89078096,-4.7618836,37.8908087,3.2546924999909595e-07,46087303.17853888,0.00023442687251441674,0.0006229846572037808,0.0002736997962894726,9.080600420683323e-05,Yes,,,,0.067,,,,,,,,,,,,,,,,,,,,,,,,,,,,,,,0.067,,,,,,,,,0.067,0.4,0.067,,,,,,,,,,,,,,0.067,,,,0.067,,,,,,,,,,,,,,,,,,,0.067,,,,,,,,,0.067,,,,,,,,,,,,,,,,,,,,,,,,,,,,,
Cordoba_hdbscan_5_5,56,9,-4.7953732,37.87843417777778,-4.7953647,37.8783396,1.8933214299995424e-06,4753551.012203023,0.0005015034647182986,0.0009512538149709905,0.0002939672355137418,0.0005114519175352793,Yes,0.111,,,,0.222,,,0.111,,,,,,,,,,,,,0.111,,,,,,,,,,,,,,,,,,,,,,,,,,,,,,,,,,,,,,,,,,,0.111,,0.111,,,,,0.111,,,,,,,,,,,,,,,,,,,,,,,,,,,0.111,,,,,,,,,,,,,,,,,,,,,,,
Cordoba_hdbscan_5_5,57,10,-4.79378782881283,37.88224859139299,-4.793741750000001,37.8823041,1.162632360000292e-06,8601171.224924007,0.00047733006926035866,0.0007309269269157045,0.0003160529216036762,0.0003937055170203889,Yes,,,,0.1,0.2,,,,,,,,,0.1,,,,,,,0.1,,,,,,,,,,,,,,0.2,,,,,,,,,,,,,,,,,,,,,,,,,,,,,,,,,,0.1,,,,,,,,,,,,,,,,,,,,,,,,,,,,,,0.1,,,,,,,,,,,,,,,,,,,,,,
Cordoba_hdbscan_5_5,58,10,-4.794592481496537,37.884612355666164,-4.79452905,37.88476358807781,7.814694115324793e-06,1279640.6170767162,0.001050017141314918,0.001702807699303003,0.0008432031345288506,0.0007494602244517622,Yes,,,,,0.1,,,0.1,0.1,,,,,,,,,,,,,,,,,,,,,,,,,,0.1,,,,,,,,,,,,,,,0.1,,,,,,,,,,,,,0.1,,,,,,0.1,,,,,,,,,,,,,,,,,,,,,,0.1,,,,,,,,,0.1,,,,,,,,,,,,,,,,,,,,,
Cordoba_hdbscan_5_5,59,10,-4.797512790000001,37.878194040000004,-4.7974853,37.8781921,1.395249119995182e-06,7167178.861961606,0.00034147201426558676,0.0009422481656604556,0.00025187902036484587,0.0003638034612252763,Yes,,,,,0.5,,,,,,,,,,,,,,,,,,,,,,,,,,,0.1,,,,,,,,,,,,,,,,,,,,,,0.1,,,,,,,,,0.2,,,,,,,,,,,,,,,,,,,,,,,,,,,,,,,,,,,,,,0.1,,,,,,,,,,,,,,,,,,,,
Cordoba_hdbscan_5_5,60,7,-4.796277871428572,37.880126128571426,-4.7962464,37.8801124,7.92142719998056e-07,8836791.430737605,0.00028617395205294757,0.0008436076746772251,0.00037970944799669,0.00017407050881996098,Yes,,,,,,,,,,,,,,,,,,,,,0.143,,,,,,,,,,,,,,,,,,,,,,,,0.143,,,,,,0.143,,,,,,,,0.143,,,,,0.143,,,,,0.143,,,,,,,,,,,,,,,,,,,,,,,,,,,,,,,,,0.143,,,,,,,,,,,,,,,,,,,
Cordoba_hdbscan_5_5,61,16,-4.7983617692888885,37.88052547224995,-4.7984016,37.8804556,3.4087472161130097e-06,4693806.546982612,0.0006011003572154855,0.0011792465369399269,0.0004601216426798617,0.0005042843613417977,Yes,,,,0.062,0.188,,,0.062,,,,,,,,,,,,,,0.062,,,,0.062,,,,,,,,,,,,,,,,,,,0.125,,,,,,,,,,,0.062,,,,,,,,,,,,,,,,,0.062,,,,0.062,,,,,0.062,,,,,,,,,,,,,,,,,,,,,0.062,,,,,,,,,,,,,,,,,,
Cordoba_hdbscan_5_5,62,10,-4.7783935690765755,37.89130633827415,-4.77840053945303,37.89145945,4.232384400713802e-06,2362734.3485892904,0.0009166765955984831,0.0012712710905329423,0.0007453496713567818,0.0005900188709012338,Yes,,,,,,,,0.1,0.1,,0.1,,,,,0.1,,,,,,,,,,,,,,,,0.1,,,,,,,,,,,,,,,,,,,,,,,,,,,,,,,,,,,,,,,0.1,,,,,,,,,,,,,,,,,,,,,,,,,,,,,,,,,,,,,,,,,,,,,,,,,,
Cordoba_hdbscan_5_5,63,10,-4.78344500647107,37.89231041204102,-4.7836101,37.89233925,3.0790289222495602e-06,3247777.22214247,0.0006929364682080294,0.0015047992836461847,0.0006849630224322334,0.0003667675893193892,No,,,,,0.5,,,,,,0.2,,,,,,,,,,,,,,,,,,,,,,,,,,,,,,,,,,,,,,,,,,,0.1,,,,,,,,,,,,,,,,,,,,,,,,,,,,,,,,,,,,,,,,,,,,,,,,,,,,,,,,,,,,,,,,,,,
Cordoba_hdbscan_5_5,64,29,-4.788522317683039,37.877993391476316,-4.7885542,37.8780479,1.2240473320201893e-05,2369189.429312173,0.0014177982819105653,0.002521697396412408,0.0007208084661160654,0.0013408248551055042,Yes,,,,,0.103,,,,0.034,,0.103,,0.034,,0.034,0.069,0.034,,,,,0.034,0.034,,,,,,,,,,,,,,,,0.034,,,0.034,,0.034,0.034,,,,,,,,,0.103,,,,,,,,,,,0.034,,,,,,0.034,,,,,,,,,,,0.034,,,,,,,,,,,,,,,,,,,,,,,,,,,,,,,,,,,,,,,
Cordoba_hdbscan_5_5,65,19,-4.791088793366761,37.88544504387278,-4.7911252,37.8853587,4.0489882356268e-06,4692530.304933999,0.0006886052892255961,0.0014534543968137425,0.0004603425057922178,0.0006048296218049818,Yes,0.053,,,0.105,0.053,,,0.053,,,,,,,,,,,0.053,,,,0.158,,,,,,,,,,,,,,,,,,,,,,0.053,,,,,,0.053,,,0.105,,,,,,0.053,,,,,,,,,0.053,,,,,,,,,,,,,,,,,,,,,,,,,,,,,,,,,,,0.053,,,,,,,,,,,,,,,,,
Cordoba_hdbscan_5_5,66,8,-4.7878328,37.881364524999995,-4.78773025,37.88149945,5.323448100031834e-07,15027853.845240194,0.0003290203893921962,0.000563621451530885,0.00028259821743955037,0.0002315927824335836,Yes,,,,,0.125,,,,,,,,,,,,,,,,,,,,,,,,,,,0.125,,,0.125,,,,,,,,,,,,,,,,0.125,,,,,,,,,,,,,,,,,,,,,,,,,,,,,,,,,,,,,,,,,,,,,,,,,,,,,,0.125,,,,,,,,,,,,,,,,
Cordoba_hdbscan_5_5,67,45,-4.790075937777777,37.88141339111111,-4.7902091,37.8814604,2.7726206900019925e-06,16230132.077665359,0.00048337625337189187,0.0011963667685280647,0.00047000572634281446,0.0002836955205244123,Yes,0.022,,,0.022,0.044,,,,,,0.067,,0.067,,0.022,,0.022,,,,,0.022,,,,,,,,,,0.022,,,,,,,,,,,,,0.044,,,,0.022,,,,0.022,0.067,,,,,,0.022,,,,0.044,,,,0.022,0.022,0.022,,,,,,0.022,,0.156,,,,,,,,,0.022,,,,,,,,,,,,,,,,,,,0.022,0.022,0.022,,,,,,,,,,,,,
Cordoba_hdbscan_5_5,68,11,-4.772963186830882,37.883323949887064,-4.7730056,37.8831548,1.6200506254846988e-06,6789911.270031415,0.0004274255080981161,0.0009237977092636137,0.0002905185267080678,0.00041229057688414386,Yes,,,0.091,,0.182,,,0.091,,,,,,,,,,,,,0.091,0.182,,,,,,,,,,,,,,,,,,,,,,,,,,,0.091,0.091,,,,,,,,,,,,,,,,,,,,,,,,,,,,0.091,,,,,,,,,,,,,,,,,,,,,,,,,,,,,,,0.091,,,,,,,,,,,,
Cordoba_hdbscan_5_5,69,9,-4.771841644444444,37.88658848888889,-4.7718363,37.8866089,2.661469999992364e-07,33815898.73275228,0.00022214384570486058,0.00036885066820258267,0.00022934453030384113,0.00010752844010836329,Yes,,,0.111,0.111,0.333,,,0.111,,,,,,,,,,,,,,,,,,,,,,,,,,,,,,,,,,0.111,,,,,,,,,,0.111,,,,,,,,,,,,0.111,,,,,,,,,,,,,,,,,,,,,,,,,,,,,,,,,,,,,,,,,,,,,,,,,,,,,,,,,
Cordoba_hdbscan_5_5,70,5,-4.78439062,37.87811822,-4.7844314,37.8780024,3.5619461999808056e-07,14037269.84991223,0.0003129406888796596,0.0005687488204814342,0.0001950435582120005,0.00027733929688969223,Yes,,,,0.2,,,,,,,,,0.2,,,,,,,,,,,,,,,,,,,,,,,,,,,,,,,,,,,,,,,,,,,,,,,,,,,,,,,,0.2,,,,,,,,,,,,,,,,,,0.2,,,,,,,,,,,,,,,,,,,,,,,,,,,,,,,,,,
Cordoba_hdbscan_5_5,71,6,-4.783220166666666,37.88977521666667,-4.7831199,37.8897362,2.9064959999856555e-07,20643413.92532318,0.00028067336986972567,0.0003955609325901882,0.0001771023495672052,0.00023378337848332272,No,,,,,0.333,,,,,,0.167,,0.333,,,,,,,,,,,,,,,,,,,,,,,,,,,,,,,,,,,,,,,,,,,,,,,,,,,,,,,,,,,,,,,,,,,,,,,,,,,,,,,,,,,,,,,,,,,,,,,,,,,,,,,,,,,,
Cordoba_hdbscan_5_5,72,15,-4.783738619999999,37.880791286666664,-4.7837238,37.8808003,9.513680600012122e-07,15766768.54169446,0.00027813109214173,0.0007792339032099258,0.00021133143385060617,0.00026915893165365133,Yes,,,,,0.2,,,,,,0.067,0.067,0.133,,0.067,,,,,,,,,,,,,,,,,,,0.067,,,,,,,,,,,0.067,,,,,,,,,,,,,,,,,,0.067,0.067,,,,,,,,,,,,0.067,,,,,,,,,,,,,,,,,,,,,,,,,,,,,,,,,,,,,,,,,,,,,
Cordoba_hdbscan_5_5,73,13,-4.780591315384616,37.88902515384616,-4.7805019,37.8890532,1.5514710000064683e-06,8379144.695547516,0.0006037688940955072,0.0009755118376745117,0.0005287608021752769,0.000340807068398769,Yes,,,,0.154,0.154,,,,,,,0.077,,,,,,,,,,0.077,,,,,0.077,,,,,,,,0.077,,,,,,,,,,,,,,0.077,,,,,,,,,,,,,,,,,,,,0.077,,,,,,,,,,,,,,,,0.077,,,,,,,,,,,,,,,,,,,,,,,,,,,,,,,,,,,,
Cordoba_hdbscan_5_5,74,9,-4.782366433333333,37.8882156,-4.7824332,37.8883599,1.2890310300005571e-06,6981988.633738406,0.0006172393130328469,0.001114504482323571,0.0001895912562446071,0.0006442013194648428,No,,,,,0.222,,,,,,0.333,,,,,,,,,,,,,,,,,,,,,,,,,,,,,,,,,,,,,,,,,,,0.222,,,,,,0.111,,,,,,,,,,,,,,,,,,,,,,,,,,,,,,,,,,,,,,,,,,,,,,,,,,,,,,,,,,,,,
Cordoba_hdbscan_5_5,75,8,-4.7842575125,37.8793059625,-4.78428975,37.879315399999996,6.119387999994293e-07,13073202.745123306,0.00028814453500896405,0.0006141578820333555,0.00020152825755637794,0.00027771886386015977,No,,,,,0.125,,,0.125,,,0.125,,0.125,,0.25,,,,,,,,,,,,,,,,,0.125,,,,,,,,,,,,,,,,,,,,,,,,,,,,,,,,,,,,,,,,,,,,,,,,,,,,,,,,,,,,,,,,,,,,,,,,,,,,,,,,,,,,,,,,,
Cordoba_hdbscan_5_5,76,7,-4.776049559931441,37.88131598993921,-4.7760452,37.8813119,2.6906995959478815e-07,26015538.89754845,0.00020188830748505654,0.00041145060481166185,0.00020465996380222362,0.00012141814779248732,Yes,,,,0.143,0.286,,,,,,0.143,,0.143,,,,,,,,,,,,,,,,,,,,,,,,,,,,,,,,,,,,,,,,,,,,,,,,,,,,,,,,,,,,,,,,,,,,,,,,,,,,,,,,,,,,,,,,,,,,,,,,,0.143,,,,,,,,,,,
Cordoba_hdbscan_5_5,77,7,-4.7759211285714285,37.88556651428571,-4.7759259,37.8855785,5.328637200020119e-07,13136567.075674752,0.00029487834684521704,0.0006457577351082318,0.0001875831907965168,0.0002967365374432051,Yes,,,,0.143,0.286,,,,,,,,0.286,,,,,,,,,,,,,,,,,,,,,,,,,,,,,,,,,,,,,,,,,0.143,,,,,,,,,,0.143,,,,,,,,,,,,,,,,,,,,,,,,,,,,,,,,,,,,,,,,,,,,,,,,,,,,,,,,,
Cordoba_hdbscan_5_5,78,7,-4.7810405000000005,37.888178614285714,-4.7810093,37.8881591,1.419863199995559e-07,49300524.163327105,0.00016108911370843116,0.00037699532422780127,8.195378488603338e-05,0.0001736949989286644,Yes,,,,,,,,0.143,,,,0.143,0.143,,,,,,,,,,,,,,,,,,,,,,,,,,,,,,,,,,,,,,,,,0.143,,,,,,,,,,,,,,,,,,,,,0.143,,,,,,,,,,0.143,,,,,,,0.143,,,,,,,,,,,,,,,,,,,,,,,,,,,,,
Cordoba_hdbscan_5_5,79,5,-4.7807202,37.88730736,-4.780729,37.8874252,1.50112830000143e-07,33308278.845953654,0.00018756584094943023,0.0003595135875033768,0.00010098647434197158,0.00018096349466179926,Yes,,,,,,,,,,,,,,,0.2,,,0.2,,,,,,,,,,,,,,,,,,,,,,,,,,,0.4,,,,,,,0.2,,,,,,,,,,,,,,,,,,,,,,,,,,,,,,,,,,,,,,,,,,,,,,,,,,,,,,,,,,,,,,,,,,,,,
Cordoba_hdbscan_5_5,80,5,-4.782399582088096,37.87754572991398,-4.7824795538723075,37.877589316903745,2.746560999789737e-07,18204583.842786577,0.00025594335200511,0.0003879392715594726,0.00023698694520577545,0.00014823707698004916,No,,,,,,,,,,,,,0.2,,,,,,,,,,,,,,,,,,,,,,,,,,,,,,,,,,,,,,,,,,,,,,,,,,,,,,,,,,,,,,,,,,,,,,,,,,,,,,,,,,,,,,,,,,,,,,,,,,,,,,,,,,,,
Cordoba_hdbscan_5_5,81,10,-4.78327074,37.88467415000001,-4.7832951999999995,37.88472315,4.423584000024197e-07,22606104.00965665,0.0002750827720176986,0.0004530813482121783,0.00025502933635174034,0.000156653632259389,Yes,,,,,,,,,,,,,,,,,,,,,,,,,,,,,,,,0.3,,,,,,,,,,,,,0.3,,,,,0.1,,,,0.1,,,,,,,0.1,,,0.1,,,,,,,,,,,,,,,,,,,,,,,,,,,,,,,,,,,,,,,,,,,,,,,,,,,,,,,,,
Cordoba_hdbscan_5_5,82,10,-4.77447641,37.880611269999996,-4.7744155500000005,37.8805368,9.35508419993713e-07,10689374.661178574,0.0003973266207303862,0.0008803294275443635,0.0003306161292193439,0.00029873356038394045,No,,,,,0.5,,,0.1,,,,,,,0.1,,,,,,,,,,,0.1,,,,,,,,,,,,,,,,,,,,,,,,,,,,,,,,,,0.1,,,,,,,,,,,,,,,,,,,,,,,,,,,,,,,,,,,,,,,,,,,,,,,,,,,,,,,,,,,,,
Cordoba_hdbscan_5_5,83,15,-4.775418496679469,37.88010697691491,-4.7754214,37.880114,4.981001984598318e-07,30114422.853837997,0.00027740562126671515,0.0006262470702767619,0.00027003191407179965,0.0001558820838131226,Yes,,,,,0.333,0.067,,,,,0.2,,0.067,,0.067,,,,,,,0.067,,,,,,,,,,,,,,,,,,,,,,,,,,,,,,,,,,,,,,,,,,,,,,,,,,,,,,,,,,,,,,,,,,,,,,,,,,,,,,,,,,,,,,,,,,,,,,,,,,,
Cordoba_hdbscan_5_5,84,22,-4.777206011669151,37.87938043649711,-4.7773721,37.87951520146814,1.697041689999534e-06,12963735.734745586,0.00048175091130566133,0.0008650571049573223,0.0003935919878357188,0.0003461602804756736,Yes,,,,,0.409,,,,,,0.091,,0.045,,,,,,,,,0.045,,,,,,,,,,0.136,,,0.045,,,,,,,,,,,,,,,,,,,,,,,,,,,,,,,,,,,,,,,,,,,,,,,,,,,,,,,,,,,,,,,,,,,,,,,,,,,,0.045,,,,,,,,,,
Cordoba_hdbscan_5_5,85,29,-4.778863611430229,37.878506691076204,-4.7789085,37.8785136,1.45144328000334e-06,19980112.484955847,0.00047060781123228307,0.0008398410319273297,0.00046788306889745886,0.00022816043943570135,Yes,,,,,0.138,,,,,,0.034,0.034,0.103,,0.034,,,,,,,,,,,,,,,,,,,0.138,,,,,,,,,,,,,,,,,,,,,,,,,,,,,,,,,,,,,,,,,,,,,,,,,,,,,,,,,,,,,,,,,,,,0.034,,,,,,,,,,0.034,,,,,,,,,
Cordoba_hdbscan_5_5,86,148,-4.780526256027646,37.879814376881086,-4.7805458,37.8797936,1.7367818800010915e-05,8521507.605774134,0.0010652265637100043,0.0023834672155392963,0.0010176033605290174,0.0006428041032059452,Yes,0.007,,,0.007,0.291,0.007,,,,,,0.014,0.034,,0.014,,,0.007,,,,0.007,,,,0.007,,,,,,0.034,,0.203,,,,,,,,,,,0.027,,,,,,,0.041,,,,,,,,,0.014,,,,,,,,,,,,,,,,,,,,,0.007,,,0.007,,,0.007,,,,,,,0.007,,,,,,,,,,,,,,,,,0.007,0.02,0.007,0.007,0.007,,,,,
Cordoba_hdbscan_5_5,87,11,-4.780360354545454,37.88610694545455,-4.7803137,37.8860994,1.659600599984631e-07,66281007.611722164,0.00016412571744620237,0.0003316845839332895,8.695070038547334e-05,0.00016465716649787893,Yes,,,,,,,,0.182,,,,,0.091,,0.091,,,,,,,,,,,,,,,,,,,,,,,,,,,,,,0.182,,,,,,,,,,0.091,,,,,,,,,,,,,,,,,,,,0.091,,,,,,,,,0.091,,,,,,,,,,,,,,,,,,,,,,,,,,,,,,,,,,,,,
Cordoba_hdbscan_5_5,88,10,-4.776194819999999,37.88420891,-4.77628205,37.88415885,4.2741389999338144e-07,23396525.008089002,0.0002725871630251957,0.000613557588576314,0.0002837913275629955,0.00013776501333661594,No,,,,,0.3,,,,0.1,,0.3,,,,,,,,,,,,,,,,,,,,,0.1,,,,,,,,,,,,,,,,,,,,,,,,,,,,,,,,,,,,,,,,,,,,,,,,,,,,,,,,,,,,,,,,,,,,,,,,,,,,,,,,,,,,,0.1,,,,
Cordoba_hdbscan_5_5,89,15,-4.779843358532925,37.882977665768415,-4.7798753,37.883149,7.676915723363865e-07,19539096.87239254,0.00036260619046673344,0.0007110433151547258,0.00013679910886182432,0.0003704494250761153,Yes,0.067,,,,0.067,,,0.067,,,0.067,,0.067,,,,,,,,,0.067,,,,0.067,,,,,,,,0.133,,,,,,,,,,,0.067,,,,0.067,,,,,,,,,,,,,,,,,,,,,,,,,,,,,,,,,,,,,,,,,,0.067,,,,,,,,,,,,,,,,,,,,,,0.067,,,,,0.067,,,
Cordoba_hdbscan_5_5,90,10,-4.77899921,37.88419631000001,-4.77902735,37.88420975,2.698324200006529e-07,37060038.967800096,0.00020493300609551686,0.00033992889874592596,0.0001465552759200793,0.00017249786346437172,Yes,,,,0.1,,,,0.1,,,,,,,0.1,,,,,,,,,,,,,,,,,,,,0.1,,,,,,,,,,,,,,,,,,,,,,,,,,,,,,,,,,,,,,,,,,,,,,,,0.1,,,,,,,,,,,,,,,,,,,,,,,,,,,,,,,,,,,,0.1,,
Cordoba_hdbscan_5_5,91,5,-4.7771378,37.884533,-4.7771431,37.8845343,4.114275000247159e-08,121528094.24988928,0.00016679568293286729,0.0002687470557980161,0.0001882883214648043,2.875635582089863e-05,Yes,,,,,,,,,,,0.2,0.2,,,,,,,,,,,,,,,,,,,,0.4,,,,,,,,,,,,,,,,,,,,,,,,,,,,,,,,,,,,,,,,,,,,,,,,,,,,,,,,,,,0.2,,,,,,,,,,,,,,,,,,,,,,,,,,,,,,
Cordoba_hdbscan_5_5,92,11,-4.7779180636363625,37.884334936363636,-4.7778784,37.8844596,2.9622394000144195e-07,37134068.23211674,0.00022060297289273594,0.00037006610454916756,0.00016804212281846452,0.00016922159905600144,Yes,,,,,0.091,,,,,,,,0.182,,,,,,,,,,,,,,,,,,,,,0.091,,,,,,,,,,,0.091,,,,,0.091,,0.091,,,,,,,0.091,,,,,,,,,,,,0.091,,,,,,,,,,,,,,,,,,,,,,0.091,,,,,,,,,,,,,,,,,,,,,,,,,,,,
Cordoba_hdbscan_5_5,93,10,-4.781792562125135,37.88335107084166,-4.7816019,37.8834266,1.2915810800062604e-06,7742448.50346641,0.0005257669061040392,0.0011400187015629909,0.0005474385286353995,0.00022465072706506176,Yes,,,,0.1,,,,,,,,,0.2,,,,,,,,,,,,,,,,,,,0.2,,,,,,,,,,,,,,,,,,,,,,,,,,,,,,,,,,,,,0.1,,,,,,,,,0.1,,,,,,,,,,,,,,,,,,,,,,,,,,,,,,,,,,,,,,,,,,0.1,
Cordoba_hdbscan_5_5,94,47,-4.780830487234042,37.884515934042554,-4.7807507,37.8845636,2.2495342600023683e-06,20893213.691242255,0.0005807977870591358,0.0011306669680313834,0.0006080830219132546,0.0002121142549172186,Yes,,,,,0.021,,,0.043,0.021,,0.021,,0.085,,,,,,,,,0.021,,,,,,,0.021,,,,,,0.021,,,,,,,,,0.021,0.404,,,,,,,0.043,,0.043,,,,,0.021,,,,,,,,,,,,,,,,,0.021,,,,,,,,,,,,,,,,,0.021,,,,,,,,,,,,,0.043,,,,,,,,0.021,,,,,,,0.021
Cordoba_hdbscan_5_5,95,27,-4.779461825925926,37.88526620740741,-4.779455,37.8852213,1.0600362499991335e-06,25470827.059001114,0.00041280562080846147,0.0007310844301802189,0.0002594256185307869,0.00035627260050527813,Yes,,,,,0.222,,,0.037,,,0.148,,0.037,,0.222,,,,,,,,,,,,,,,,,,,,,,,,,,,,,,0.037,,,,,,,0.037,,0.037,,,,,,,0.037,,,0.037,,,,,,,,,,,0.037,,,,,,,,,,0.037,,,,,,,,,,,,,,,,,,,,,,,,,,,,0.037,,,,,,,,
