param_config,cluster_label,num_points,avg_lon,avg_lat,median_lon,median_lat,bounding_box_area,density,radius_avg,radius_max,std_lon,std_lat,has_shop,amenity_rel_restaurant,shop_rel_clothes,shop_rel_confectionery,amenity_rel_atm,amenity_rel_post_box,shop_rel_convenience,amenity_rel_school,amenity_rel_pharmacy,amenity_rel_clinic,shop_rel_agrarian,amenity_rel_cafe,amenity_rel_pub,amenity_rel_bar,shop_rel_toys,shop_rel_gas,shop_rel_truck,amenity_rel_hospital,amenity_rel_charging_station,shop_rel_vacant,shop_rel_bakery,amenity_rel_doctors,amenity_rel_taxi,amenity_rel_biergarten,shop_rel_hairdresser,shop_rel_paint,shop_rel_variety_store,shop_rel_lottery,shop_rel_tobacco,shop_rel_furniture,shop_rel_butcher,amenity_rel_library,amenity_rel_bank,amenity_rel_fast_food,shop_rel_car,shop_rel_computer,shop_rel_motorcycle,shop_rel_pet,shop_rel_beauty,shop_rel_hifi,shop_rel_electronics,shop_rel_doityourself,shop_rel_supermarket,shop_rel_grocery,shop_rel_ticket,shop_rel_hardware,amenity_rel_dentist,shop_rel_wholesale,shop_rel_kitchen,shop_rel_sports,shop_rel_car_repair,amenity_rel_veterinary,shop_rel_ice_cream,shop_rel_dry_cleaning,shop_rel_interior_decoration,shop_rel_newsagent,amenity_rel_cinema,shop_rel_florist,shop_rel_video,shop_rel_chemist,shop_rel_kiosk,shop_rel_tea,shop_rel_mobile_phone,shop_rel_shoes,shop_rel_estate_agent,shop_rel_beverages,shop_rel_pet_grooming,shop_rel_gift,shop_rel_greengrocer,shop_rel_mall,shop_rel_bicycle,shop_rel_optician,shop_rel_appliance,shop_rel_yes,shop_rel_stationery,shop_rel_books,shop_rel_cosmetics,shop_rel_outdoor,shop_rel_funeral_directors,shop_rel_bed,shop_rel_herbalist,shop_rel_general,shop_rel_travel_agency,shop_rel_fabric,amenity_rel_post_office,shop_rel_lighting,shop_rel_jetski,shop_rel_copyshop,shop_rel_second_hand,shop_rel_nutrition_supplements,amenity_rel_community_centre,shop_rel_perfumery,shop_rel_laundry,amenity_rel_college,shop_rel_car_parts,amenity_rel_parcel_locker,shop_rel_radiotechnics,shop_rel_musical_instrument,amenity_rel_language_school,shop_rel_video_games,shop_rel_jewelry,shop_rel_massage,shop_rel_games,shop_rel_sewing,shop_rel_tattoo,shop_rel_alcohol,shop_rel_outdoor;hunting,shop_rel_medical_supply,shop_rel_pawnbroker,shop_rel_tyres,amenity_rel_bureau_de_change,shop_rel_pastry,shop_rel_wine,amenity_rel_car_rental,shop_rel_watches,shop_rel_accessories,shop_rel_bookmaker,shop_rel_deli,shop_rel_erotic,amenity_rel_arts_centre
Alicante_hdbscan_5_5,0,6,-0.4778920223213961,38.16573133753895,-0.47780484999999995,38.16571265,5.676708946561005e-07,10569504.366847709,0.0002936647674226135,0.000729373246331004,0.0002946223399936588,0.00021613404930612652,No,0.833,,,,,,,,,,,,,,,,,,,,,,,,,,,,,,,,,,,,,,,,,,,,,,,,,,,,,,,,,,,,,,,,,,,,,,,,,,,,,,,,,,,,,,,,,,,,,,,,,,,,,,,,,,,,,,,,,,,,,,
Alicante_hdbscan_5_5,1,24,-0.4815202488161221,38.16630954518036,-0.4816123904591536,38.16627041662962,3.8139580869972005e-06,6292675.339517336,0.0009008007001810727,0.0016846221784114776,0.0009590479368898112,0.00030448380557258887,Yes,0.458,0.042,0.042,0.042,0.042,,,,,,,,,,,,,,,,,,,,,,,,,,,,,,,,,,,,,,,,,,,,,,,,,,,,,,,,,,,,,,,,,,,,,,,,,,,,,,,,,,,,,,,,,,,,,,,,,,,,,,,,,,,,,,,,,,
Alicante_hdbscan_5_5,2,13,-0.5736876565772957,38.40209412270196,-0.5761144632551165,38.403134058571005,0.001258156961899738,10332.574069590502,0.011960723404852536,0.03229898661659025,0.009507505677979328,0.010209836212914577,Yes,0.308,,,0.077,0.077,0.077,0.154,0.077,0.077,,,,,,,,,,,,,,,,,,,,,,,,,,,,,,,,,,,,,,,,,,,,,,,,,,,,,,,,,,,,,,,,,,,,,,,,,,,,,,,,,,,,,,,,,,,,,,,,,,,,,,,,,,,,,,
Alicante_hdbscan_5_5,3,11,-0.6112842645684617,38.34371188437296,-0.6130366,38.3443215254192,0.00014647258237031186,75099.37916018856,0.004253986816659824,0.013625446053991184,0.005004915272383477,0.002057889258328867,Yes,0.091,,,,,0.182,0.091,,,0.091,0.273,0.091,0.091,,,,,,,,,,,,,,,,,,,,,,,,,,,,,,,,,,,,,,,,,,,,,,,,,,,,,,,,,,,,,,,,,,,,,,,,,,,,,,,,,,,,,,,,,,,,,,,,,,,,,,,,,,
Alicante_hdbscan_5_5,4,12,-0.5678806693870847,38.34049187459363,-0.5676106772590837,38.3394575,0.00022111628259038804,54270.08748256535,0.004960585473012537,0.010548204744107361,0.004317622016770493,0.003613140396342493,Yes,0.333,,,,,,,,,,,,,0.083,0.083,0.083,0.083,0.083,,,,,,,,,,,,,,,,,,,,,,,,,,,,,,,,,,,,,,,,,,,,,,,,,,,,,,,,,,,,,,,,,,,,,,,,,,,,,,,,,,,,,,,,,,,,,,,,,,,,,
Alicante_hdbscan_5_5,5,26,-0.5210467507856362,38.28208073999385,-0.5207877000000001,38.28250415,2.3159792379998035e-05,1122635.2798591973,0.0016597535588577942,0.005032758610254716,0.0007630972299892161,0.0020291885644729006,Yes,0.308,,,,,0.038,,0.038,,,,0.038,0.192,,,,,,0.115,0.038,0.038,,,,,,,,,,,,,,,,,,,,,,,,,,,,,,,,,,,,,,,,,,,,,,,,,,,,,,,,,,,,,,,,,,,,,,,,,,,,,,,,,,,,,,,,,,,,,,,,,,
Alicante_hdbscan_5_5,6,11,-0.5191222885764388,38.31397246612877,-0.5183264702337734,38.313556445640664,2.1016423661172676e-05,523400.18346328964,0.0021506620217852405,0.005983355353598753,0.0024055057304663697,0.0007301297039061066,No,,,,,,,0.091,,,,,,,,,,,,,,,0.091,,,,,,,,,,,,,,,,,,,,,,,,,,,,,,,,,,,,,,,,,,,,,,,,,,,,,,,,,,,,,,,,,,,,,,,,,,,,,,,,,,,,,,,,,,,,,,,,,
Alicante_hdbscan_5_5,7,11,-0.5204378875164903,38.30378935633464,-0.5200815,38.3043756,2.319654835633814e-05,474208.4827027466,0.002059032076970727,0.005185034473642728,0.0008338667889331503,0.0022041497670262614,No,0.273,,,,,,,,,,0.091,,,,,,,,,,,,0.091,,,,,,,,,,,,,,,,,,,,,,,,,,,,,,,,,,,,,,,,,,,,,,,,,,,,,,,,,,,,,,,,,,,,,,,,,,,,,,,,,,,,,,,,,,,,,,,,
Alicante_hdbscan_5_5,8,27,-0.49055751094533306,38.386990902900784,-0.490907,38.3871464,7.312627990216361e-05,369224.3067215175,0.0017314298699358328,0.006383505303427329,0.0018248688893877892,0.0015782751444723387,Yes,0.037,,,,,,0.148,0.037,0.037,,,0.074,,,,,,,,0.037,,,,0.074,0.037,0.037,0.037,0.037,0.037,0.037,0.037,0.037,0.037,,,,,,,,,,,,,,,,,,,,,,,,,,,,,,,,,,,,,,,,,,,,,,,,,,,,,,,,,,,,,,,,,,,,,,,,,,,,,,,,,,,,,,
Alicante_hdbscan_5_5,9,11,-0.4508036179887649,38.38467267499945,-0.4507499,38.3850051,5.718871636148265e-06,1923456.3564026144,0.0008385254890095194,0.0022319507346383383,0.0005142998986093398,0.0009514092819042107,Yes,0.182,,,,,0.091,,,,,,,,,,,,0.091,,,,,,,,,,,,,,,0.091,0.182,0.182,0.182,,,,,,,,,,,,,,,,,,,,,,,,,,,,,,,,,,,,,,,,,,,,,,,,,,,,,,,,,,,,,,,,,,,,,,,,,,,,,,,,,,,
Alicante_hdbscan_5_5,10,16,-0.44395631521878504,38.38841491915382,-0.44335454533162116,38.38855146252091,2.051585761879388e-05,779884.5311415568,0.002151409441848982,0.003337920480107187,0.002027295353167824,0.001200059830296444,Yes,0.125,,,,0.062,,,,,,,,0.062,,,,,,,,,,,,,,,,0.062,,,,,0.25,,,0.125,0.062,,,,,,,,,,,,,,,,,,,,,,,,,,,,,,,,,,,,,,,,,,,,,,,,,,,,,,,,,,,,,,,,,,,,,,,,,,,,,,,,,
Alicante_hdbscan_5_5,11,10,-0.50034419,38.3775694,-0.50033815,38.377837,5.123905050002701e-06,1951636.4769473488,0.0009922896031513808,0.0018862220240739758,0.0005388478717597393,0.0010170799889893008,Yes,,,,,,,,,,,,,,,,,,,,,,,,,,,,,0.7,,,,,,,,,,0.1,0.1,0.1,,,,,,,,,,,,,,,,,,,,,,,,,,,,,,,,,,,,,,,,,,,,,,,,,,,,,,,,,,,,,,,,,,,,,,,,,,,,,,
Alicante_hdbscan_5_5,12,10,-0.45450401796683754,38.37538922746575,-0.4540098622662364,38.3751511950243,1.03443836626062e-05,966708.1506410954,0.001449861388654864,0.0025750762917001405,0.0008616640189780985,0.0013041868631418834,Yes,0.3,,,,,,,,,,,,,,,,,,,,0.1,,,,,,,,,,,,0.1,0.3,,,,,,,,,,,,,,,,,,,,,,,,,,,,,,,,,,,,,,,,,,,,,,,,,,,,,,,,,,,,,,,,,,,,,,,,,,,,,,,,,,,,,
Alicante_hdbscan_5_5,13,8,-0.4125407298347835,38.382415040250216,-0.41249199999999997,38.38205221100087,2.3567172332394265e-06,3394552.3405044214,0.0007215188123721077,0.0012183468665224696,0.0003679732006843097,0.0007066076545834153,Yes,0.375,,,,,,,,,,0.125,,0.125,,,,,,,,,,,,,,,,,,,,,,,,,0.125,,,,0.125,,,,,,,,,,,,,,,,,,,,,,,,,,,,,,,,,,,,,,,,,,,,,,,,,,,,,,,,,,,,,,,,,,,,,,,,,,,,,
Alicante_hdbscan_5_5,14,7,-0.4202035578845504,38.37516378463822,-0.4195226,38.374849022268464,4.570479527745211e-06,1531567.9585711574,0.0010075621579614415,0.002088215323319131,0.0008295878424480024,0.000750870295142744,Yes,,,,,,,,,,,,,,,,,,,,,,,,0.286,,,,,,,,,0.143,,,,,,,,,,0.143,,,,,,,,,,,,,,,,,,,,,,,,,,,,,,,,,,,,,,,,,,,,,,,,,,,,,,,,,,,,,,,,,,,,,,,,,,,,
Alicante_hdbscan_5_5,15,16,-0.44054490161043125,38.36773707017174,-0.44043295,38.3680902,3.0899585574202236e-05,517806.29748504603,0.002437077929960195,0.0036327996314292725,0.001976293601058371,0.0017243764012380663,Yes,0.25,,,,,,,,,,,,,,,,,,,,,,,,,,,,,,,,,0.062,,,,,,,,0.125,,0.062,,,,,,,,,,,,,,,,,,,,,,,,,,,,,,,,,,,,,,,,,,,,,,,,,,,,,,,,,,,,,,,,,,,,,,,,,,,
Alicante_hdbscan_5_5,16,11,-0.4168612334809991,38.385284171681185,-0.4168893,38.3854977,2.3263493000001637e-06,4728438.67427786,0.0005318451689821771,0.0013930541565786137,0.00027235303966246306,0.0005824318650264434,Yes,,0.091,,,,,,,,,0.182,0.091,0.091,,,,,,,0.091,,,,0.091,,,,,,,,,,,,,,,,,,,,,0.091,,,,,,,,,,,,,,,,,,,,,,,,,,,,,,,,,,,,,,,,,,,,,,,,,,,,,,,,,,,,,,,,,,,,,,,,,,
Alicante_hdbscan_5_5,17,6,-0.4155061,38.38322018333333,-0.41549505,38.383209949999994,9.526384000088638e-08,62982974.44176272,0.00012525987624872564,0.00023472148093672628,0.00010852144181374524,9.843179392734451e-05,Yes,,,,,,,,,,,,,,,,,,,,,0.167,,,,,,,,,,,,,,,,,0.167,,,,,,,,0.167,,,,,,,,,,,,,,,,,,,,,,,,,,,,,,,,,,,,,,,,,,,,,,,,,,,,,,,,,,,,,,,,,,,,,,,,,
Alicante_hdbscan_5_5,18,16,-0.5058969427886908,38.37436205339359,-0.5059498,38.37476316040069,5.4374695433075585e-05,294254.52175070683,0.002173411248122048,0.005826650540493889,0.0013308238491305142,0.0023208182274066097,Yes,0.062,,,,,,0.062,,,,,,,,,,,,,,,,,,,,,,,,,,0.125,,,,0.062,,,,,0.125,,,,,0.125,0.062,0.062,0.062,,,,,,,,,,,,,,,,,,,,,,,,,,,,,,,,,,,,,,,,,,,,,,,,,,,,,,,,,,,,,,,,,,,,,
Alicante_hdbscan_5_5,19,7,-0.430354136167861,38.35862293519709,-0.4306137082248677,38.35889190536185,6.669282436590942e-06,1049588.1778217368,0.0011511177259680093,0.0020809260364113894,0.0009760374643769206,0.0007743917544070502,No,0.143,,,,,,0.143,,,,,,,,,,,,,,,,,,,,,,,,0.143,,,,,,,,,,,,,,,,,,,,,,,,,,,,,,,,,,,,,,,,,,,,,,,,,,,,,,,,,,,,,,,,,,,,,,,,,,,,,,,,,,,,,,,,
Alicante_hdbscan_5_5,20,12,-0.42151174510706685,38.359051044932706,-0.42138935,38.359039949999996,2.775009605312354e-06,4324309.356273123,0.0004109555672763638,0.0013231107246397913,0.00042252877561272555,0.0004026793670630148,No,,,,,,,0.083,,,,0.083,,,,,,,,,,,,,,,,,,,,,,0.583,,,,,,,,,,,,,,,,,,0.083,,,,,,,,,,,,,,,,,,,,,,,,,,,,,,,,,,,,,,,,,,,,,,,,,,,,,,,,,,,,,,,,,,,,
Alicante_hdbscan_5_5,21,8,-0.410665375,38.366960862499994,-0.41051645000000003,38.3666561,3.161293549999018e-06,2530609.661352861,0.0008694436854225904,0.001987922424805456,0.0003327517571328463,0.0009325391264405732,Yes,0.5,,,,,,,,,,0.125,0.125,,,,,,,,,,,,,,,,,,,,,0.125,,,,,,,,,,,,,,,,,,,0.125,,,,,,,,,,,,,,,,,,,,,,,,,,,,,,,,,,,,,,,,,,,,,,,,,,,,,,,,,,,,,,,,,,,
Alicante_hdbscan_5_5,22,9,-0.4245470117990736,38.360483968674515,-0.4245879553081588,38.36033041751065,4.473360786552531e-06,2011910.1564656042,0.000935373372080367,0.001962854748565529,0.00033646192953306383,0.0010423039746704137,No,0.222,,,,,,,,,,,,,,,,,,,,,0.111,,,,,,,,,,,,,,,,,,,,,,,,,,,,,,,,,,,,,,,,,,,,,,,,,,,,,,,,,,,,,,,,,,,,,,,,,,,,,,,,,,,,,,,,,,,,,,,,,
Alicante_hdbscan_5_5,23,11,-0.4168671363636363,38.37058640909091,-0.4168606,38.3705116,1.5622419000035119e-07,70411630.87467615,0.00021432942962849473,0.0003042780390358903,0.00018586136706856326,0.00012589313978324644,Yes,,,,,,0.273,,0.091,,,,0.091,,,,,,,0.182,,0.091,,,0.091,,,,,,0.091,,,,,,,,,,,,,,,,,,,,,,,0.091,,,,,,,,,,,,,,,,,,,,,,,,,,,,,,,,,,,,,,,,,,,,,,,,,,,,,,,,,,,,,,,,,,
Alicante_hdbscan_5_5,24,10,-0.41394532,38.368371790000005,-0.41395565,38.368449,2.0859962199979873e-06,4793872.541154292,0.0004958900409251573,0.0010475707539348434,0.0004731815249986001,0.00032737183278267346,Yes,0.2,,,,,,,,,,,0.2,,,,,,,0.1,,,,,,,0.1,,,,,,0.3,,,,,,,,,,,,,,,,,,,,,,0.1,,,,,,,,,,,,,,,,,,,,,,,,,,,,,,,,,,,,,,,,,,,,,,,,,,,,,,,,,,,,,,,,,
Alicante_hdbscan_5_5,25,6,-0.4123542166666667,38.37082293333333,-0.4123308,38.3709682,2.823057600002061e-07,21253551.468434863,0.0003049429200336058,0.0008470430929905287,8.049197510036574e-05,0.0003840848936831252,Yes,0.167,,,,,0.167,,,,,,,,,,,,,,,,,,0.167,,,,0.167,,,,,,,,,,,,,,,,,0.167,,,,,,,,,,0.167,,,,,,,,,,,,,,,,,,,,,,,,,,,,,,,,,,,,,,,,,,,,,,,,,,,,,,,,,,,,,,,,
Alicante_hdbscan_5_5,26,7,-0.41430501428571426,38.37026614285714,-0.4144339,38.3701775,2.4890976000392266e-07,28122641.71517294,0.0002279441017043478,0.00043953256247137527,0.0001974283192059652,0.000150503135774906,No,0.571,,,,,,,0.143,,,,,,,,,0.143,,,,,,,,,,,,,,,,,,,,,,,,,,,,,,,,,,,,,,,0.143,,,,,,,,,,,,,,,,,,,,,,,,,,,,,,,,,,,,,,,,,,,,,,,,,,,,,,,,,,,,,,,
Alicante_hdbscan_5_5,27,6,-0.43503521666666667,38.36868391666667,-0.43501615,38.3687659,6.143737500047774e-07,9766042.250264343,0.000310212739577011,0.000671181793973323,0.00022557540806173934,0.0002782744892901735,Yes,0.167,,,,,,,,,,,0.167,,,,,,,,,,,,0.333,,,,,,,,,,,,,,,,,,,,,,,,,,,,,,,,,0.167,0.167,,,,,,,,,,,,,,,,,,,,,,,,,,,,,,,,,,,,,,,,,,,,,,,,,,,,,,,,,,,,,
Alicante_hdbscan_5_5,28,6,-0.4333578666666667,38.36839346666667,-0.43335294999999996,38.36835285,9.511679999920046e-08,63080339.12043335,0.00012954797513619237,0.0002887668590528014,8.137546040148668e-05,0.00013199668766821458,Yes,0.333,,,,,,,,,,,0.167,,,,,,,,,,,,,,,,,,,,,,,,,,,,,,,,,,,,,,,,,0.167,,,,,,0.167,0.167,,,,,,,,,,,,,,,,,,,,,,,,,,,,,,,,,,,,,,,,,,,,,,,,,,,,,,,,,,,
Alicante_hdbscan_5_5,29,9,-0.42634472222222225,38.36766224444444,-0.4263188,38.3676726,8.229759999881284e-08,109359203.67215845,0.00014423316813473813,0.00027946043890383557,0.00015621097399050175,5.3166345057996714e-05,Yes,,,,,,,,,,,0.111,,,,,,,,,,,,,0.111,,0.111,,,0.111,,,,,,,,,,,,,,,,,,,,,,,,,,,,,,,0.111,0.111,0.111,0.111,,,,,,,,,,,,,,,,,,,,,,,,,,,,,,,,,,,,,,,,,,,,,,,,,,,,,,,,
Alicante_hdbscan_5_5,30,16,-0.41468473125000005,38.3709911375,-0.4145819,38.3709973,2.591772899993342e-07,61733803.914845705,0.00021378039801661248,0.00046972711480378,0.00020313517272604062,0.00012768913361631347,Yes,0.062,0.125,,,,,,,,,,0.188,,,,,,,,0.062,,,,0.062,,,0.062,,,,,,0.062,,,,,0.062,,,,,,,,0.062,,,,,,,,,,,,,,,,,,0.125,0.062,0.062,,,,,,,,,,,,,,,,,,,,,,,,,,,,,,,,,,,,,,,,,,,,,,,,,,,,,
Alicante_hdbscan_5_5,31,22,-0.41462161871585496,38.371957071174094,-0.41452205,38.37190955,3.5440080000044796e-07,62076609.3078012,0.0002833472503851507,0.0005162768247892484,0.00013809010949772716,0.0002756263067609748,Yes,0.045,,0.045,,,,,,,,0.091,0.045,0.045,,,,,,0.045,0.045,,,,0.136,,,0.045,0.045,,,,,,,,,,,,,,0.045,,,,,,,,,,,,,,,,,,,,,0.136,0.045,,,0.045,0.045,0.045,,,,,,,,,,,,,,,,,,,,,,,,,,,,,,,,,,,,,,,,,,,,,,,,,,
Alicante_hdbscan_5_5,32,17,-0.4869382626530811,38.37263284034512,-0.4871978,38.3726991,2.7554265596459472e-05,616964.3658433916,0.001377223832358802,0.0035861474081475514,0.0009689209145726898,0.001348792192002016,Yes,,,,,,,0.059,0.059,,,,0.059,0.059,,,,,,,,,,,,,,,,,0.059,,0.059,0.059,,,,,,,,,0.118,,,,,,,,,,,,,,,,,,,,,,,,,,,,,,,,,,,,,,,,,,,,,,,,,,,,,,,,,,,,,,,,,,,,,,,,,,,,,
Alicante_hdbscan_5_5,33,11,-0.4217724090909091,38.36774770909091,-0.4217244,38.367754,8.104382000335469e-08,135729041.3944539,0.00030800808795892635,0.0007403009057635266,0.00036731675568678633,1.8825391680199034e-05,Yes,,,,,,,,,,,0.273,,,,,,,,,,,,,0.091,,,,,,,,,,,,0.091,,0.182,,,,,0.091,,,,,,,,,,,,,,,,,,,,,,,,,,,,,,,,,,,,,,,,,,,,,,,,,,,,,,,,,,,,,,,,,,,,,,,,,,,,
Alicante_hdbscan_5_5,34,20,-0.42418729000000005,38.36746616,-0.42425625,38.367471,9.890092000011101e-07,20222258.80201878,0.00055725099885785,0.001248955500288739,0.000632973444861623,0.00012834439761883365,Yes,0.05,0.05,,0.05,,,,0.05,,,0.05,0.05,,,,,,,,,0.1,,,,,,,,,,,0.05,,,,,,,,,,,,,,,,,,,,,0.05,,,,0.05,0.05,,,,,,,,,,,,0.05,0.05,0.05,0.05,,,,,,,,,,,,,,,,,,,,,,,,,,,,,,,,,,,,,,,,,,,,,,
Alicante_hdbscan_5_5,35,13,-0.43301482307692307,38.364083223076925,-0.4330232,38.3641351,7.283628000029887e-07,17848248.153182257,0.0003597699298461714,0.0007888750283134611,0.0001656334839515203,0.00036133787545362023,Yes,0.077,,,,,,,,,,0.077,0.231,,,,,,,,,0.077,,,0.077,,,,,,,,,,,,,,,,0.077,,,,,,,,,,0.077,0.077,,,,,,,,,,,,,,,,,,,,0.077,,,,,,,,,,,,,,,,,,,,,,,,,,,,,,,,,,,,,,,,,,,,,,,,
Alicante_hdbscan_5_5,36,6,-0.4276285962592216,38.367425636066734,-0.42760808877766476,38.3674427,1.4654365001616006e-07,40943432.20834442,0.00016889784883150193,0.00034132120919491986,0.00017350682838796562,9.5028301621534e-05,Yes,,,,,,,,,,,0.167,,,,,,,,,,,,,0.167,,,,,,0.167,,,,,,,,,,,,,,,,,,,,,,,,,,,,,,,,,,0.167,,,,0.167,,,,,,,,,,,,,,,,,,,,,,,,,,,,,,,,,,,,,,,,,,,,,,,,,,,
Alicante_hdbscan_5_5,37,7,-0.4338830857142857,38.367407514285716,-0.4339871,38.3675389,2.491978499998276e-07,28090129.991108842,0.0002642309581294669,0.0004182193790140016,0.00016763048161759687,0.00021855754017588026,Yes,,0.143,,,,,,,,,0.143,,,,,,,,,0.143,,,,0.143,,,,,,,,,,,,,,,,,,,,,,,,,,,0.143,,,,,,,,,,,,,0.143,,,,,,,,,,0.143,,,,,,,,,,,,,,,,,,,,,,,,,,,,,,,,,,,,,,,,,,,,,
Alicante_hdbscan_5_5,38,7,-0.428727339818114,38.366604680973424,-0.4287264,38.3666426,2.271714007442453e-07,30813737.89599844,0.00021230639783873916,0.0003578158789761279,0.00020684410723266781,0.00012173772603383241,Yes,,,,,,,,,0.143,,0.143,,,,,,,,,,,,,,,,,,,,,0.143,,,,,,,,,,,,,0.143,,,,,,,,,0.143,,,,,,,,,,,,,,,,,0.143,,,,,,,,,,,,,,,,,,,,,,,,,,,,,,,,,,,,,,,,,,,,,,,,
Alicante_hdbscan_5_5,39,8,-0.4278749375,38.366209675,-0.4278972,38.36620635,9.72512999983081e-08,82261111.16395542,0.00012350912318907298,0.0003096589446972527,0.00015060941153776256,5.167087549963952e-05,Yes,,0.375,,,,,,,,,,,,,,,,,,,,,,0.125,,0.125,,,,,,,,,0.125,,,,,,,,,,,,,,,,,,,,,,,,,,,,,,,,,,,,,,,,0.125,0.125,,,,,,,,,,,,,,,,,,,,,,,,,,,,,,,,,,,,,,,,,,,
Alicante_hdbscan_5_5,40,8,-0.5242487233684971,38.344337081583404,-0.5245288434739885,38.3441497,1.2009351239996511e-05,666147.5578594472,0.0014606135967405837,0.0024099956888546698,0.0010027488647629528,0.0012107432004630292,Yes,0.125,,,,,,,,,,,,,,,,,0.125,,,,,,,,,,,,,,,,0.375,,,,,,,,,,,,,,,,0.125,,,,,,,,,,,,,,,,,,,,,,,,,,,0.125,0.125,,,,,,,,,,,,,,,,,,,,,,,,,,,,,,,,,,,,,,,,,
Alicante_hdbscan_5_5,41,10,-0.43248714,38.36570664,-0.4325238,38.36567165,7.311734499980525e-07,13676645.397923892,0.0003053640112350323,0.0007283693494377305,0.0002891655933889811,0.00022590892058382361,Yes,0.1,,,,,0.1,,0.1,,,0.1,,,,,,,,,,,,,,,,,,0.1,,,0.1,,,,,,,,0.1,,,,,,,,,,,,,,,,,,,,0.1,,,,,,,,,,,,,,,,,,,0.1,,,,,,,,,,,,,,,,,,,,,,,,,,,,,,,,,,,,,,,,
Alicante_hdbscan_5_5,42,26,-0.5141032344038553,38.32950131205121,-0.51413235,38.32935803606394,2.3310598452586676e-05,1115372.4797277735,0.0015462540139564525,0.004004953137842612,0.0011713103482423248,0.0013695455720155092,Yes,0.077,0.038,,,0.038,,0.077,0.038,,,0.038,,,,,,,,,0.038,,,,0.038,,,,,,,,0.192,,,,,,,,,,0.077,,,,,,,,,0.038,,,,,,,,,0.038,,,,,,,,,,,,,,,,,,,,0.038,,,,,,,,,,,,,,,,,,,,,,,,,,,,,,,,,,,,,,,
Alicante_hdbscan_5_5,43,10,-0.5078845545678246,38.33151870316679,-0.5078811999999999,38.33138359252922,1.819505950268979e-05,549599.7415409216,0.0014973782028895825,0.003598687064346488,0.001246006296893584,0.001252177292961665,Yes,0.3,,,,,,0.1,,,,0.1,,0.1,,,,,,,,,,,,,,,,,,,,,,,,,,,,,,,,,,,,,0.1,,,,,,,,,,,,,,,,,,,,,,,,,,,,,,,,,,,,,,,,,,,,,,,,,,,,,,,,,,,,,,,,,,,,,
Alicante_hdbscan_5_5,44,14,-0.43109314285714284,38.363013821428574,-0.43112815000000004,38.3629843,7.09763999998457e-07,19724866.29362779,0.00029889817512561136,0.00070100951349121,0.00018406868560514992,0.000282404603813852,Yes,0.143,0.143,,,,,,0.071,,,0.071,,,,,,,,,0.071,,,,0.071,,,,,,,,,,,0.143,,,,,,,,,,,,,,,,,,,,,,,0.071,,,,,,,,,,,,,,,,,,,,,,,0.071,0.071,0.071,,,,,,,,,,,,,,,,,,,,,,,,,,,,,,,,,,,,
Alicante_hdbscan_5_5,45,13,-0.43148316923076924,38.3642593,-0.4314956,38.3642024,2.643657399993634e-07,49174299.2115064,0.00024854900677954734,0.0004960393619831511,0.00010019310113373222,0.0002597761669652635,Yes,0.231,,,,,,,,,,,,,,,,,,,,,,,,,,,,,,,0.154,,,,,,,,,,,,,,,,,0.077,0.077,,,,,,,,,0.077,,,0.231,,0.077,,,,,,,,,,,,,,,,,,0.077,,,,,,,,,,,,,,,,,,,,,,,,,,,,,,,,,,,,,
Alicante_hdbscan_5_5,46,11,-0.46539910187546146,38.36994914612485,-0.465327,38.3697676,8.794950600058799e-06,1250717.6560976317,0.0011068185616213983,0.0028226886401721703,0.0011812163318894535,0.0005464888692719598,Yes,0.182,,,,,,,,,,,,,,,,,,,,,,,,,,,,0.091,,,,0.273,,,,,,,0.091,,0.091,,,,,,,,,,,,0.091,,,,,,,,,,,,,,,0.091,,,,,,,,,,,,,,,,,,,,,,,,,,,,,,,,,,,,,,,,,,,,,,,,,,
Alicante_hdbscan_5_5,47,14,-0.4930704496020311,38.37473974373115,-0.49275889774589565,38.374899563132445,2.7717198766224206e-05,505101.54789019324,0.0020192557502480245,0.0035494291351914234,0.0015558479345605632,0.0014573142081195727,Yes,0.071,,,,,,0.143,0.071,0.143,,,,,,,,,,,,,,,0.071,,,,,,,,,,,,,,,,,,,,,,,,,,,,,,,,,,,,,,,,,,,,,,,,,,,,,,,,,,,,,,,,,,,,,,,,,,,,,,,,,,,,,,,,,,,,,,,
Alicante_hdbscan_5_5,48,12,-0.5028230865322613,38.354139472491546,-0.50282315,38.3542152,9.15652776365688e-06,1310540.4482722292,0.0009650703657998094,0.00268667151968925,0.0005968442650500607,0.0010894814319704555,Yes,0.083,0.083,,,,,0.083,,,,,,,0.083,,,,,,,0.083,,,,,0.083,,,,,,,0.083,,,,,,,,,0.25,,,,,,,0.083,,,,,,,,,,,,,,,,,,,,,,,,0.083,,,,,,,,,,,,,,,,,,,,,,,,,,,,,,,,,,,,,,,,,,,,,,
Alicante_hdbscan_5_5,49,8,-0.4996253907529728,38.36822633402644,-0.4997404500880775,38.36830799322156,7.449077420162228e-06,1073958.498316396,0.0010026201634876265,0.002232543789808916,0.0005518895523285145,0.0011235524426584742,No,,,,,,,0.125,,,,0.125,,,,,,,,,,,,,,,,,,,,,,,,,,,,,,,,,,,,,,,,,,,,,,,,,,,,,,,,,,,,,,,,,,,,,,,,,0.125,,,,,,,,,,,,,,,,,,,,,,,,,,,,,,,,,,,
Alicante_hdbscan_5_5,50,13,-0.5022614359000879,38.34902123364351,-0.5029554112490757,38.3488394205451,1.3177048290887215e-05,986563.8884385318,0.0016500807573862593,0.0026376405819950417,0.00154363878746855,0.0008082403973494628,Yes,,,,,,,0.308,,0.077,,0.077,,,,,,,,,,,,,,,,,,,,,0.077,,,0.077,,,,,,,,,,,,,,0.077,,,,,,,,,,,,,,,,,,,,,,,,,,,,,,,,,,,,,,,,,,,,,,,,,,,,,,,,,,,,,,,,,,,,,,
Alicante_hdbscan_5_5,51,7,-0.45742660105552563,38.37068014916828,-0.4574630671194075,38.3709929,9.592703900012015e-07,7297212.624264606,0.0007507105209435843,0.001277060804209962,0.00017236775143622884,0.0008175017160112004,Yes,0.286,,,,,,,,,,,,,,,,,0.143,,,,,,,,,,,,,,,0.143,,,,,,,,,,,,,,,,,,,,,,,,,,,,,,,,,,,,,,,,0.143,,,,,,,,,,,,0.143,,,,,,,,,,,,,,,,,,,,,,,,,,,,,,,,,,
Alicante_hdbscan_5_5,52,68,-0.4962615017769675,38.363007085981,-0.4961825625391031,38.36323934646962,5.6181180466156785e-05,1210369.7258722216,0.0023983936811917198,0.005323939825757088,0.0018628867090895531,0.0018329911946162554,Yes,0.015,,,,,0.015,0.044,0.029,0.015,,0.088,,0.029,,,,,,,0.044,,,,0.059,,0.015,0.015,,,0.015,,0.044,,,,,,,,0.015,,0.074,,,,,,,,0.015,,,,,,,,,,,,,,,0.044,,,0.015,,,,,,,,,,,,,,,,0.029,,0.029,0.015,0.015,0.015,0.015,,,,,,,,,,,,,,,,,,,,,,,,,,,,,
Alicante_hdbscan_5_5,53,14,-0.5177628688234773,38.34194082314821,-0.5178076077981995,38.34184965,2.920738710935776e-06,4793307.921582119,0.0005366499417128373,0.0014343060317524917,0.000374211652592278,0.000512776245858119,Yes,0.071,,,,,,,,,,,,,,,,,,,,,0.071,,,,,0.071,,,,,,0.071,,,,,,,,,0.286,,,,,,,,0.071,,,,,,0.071,,,,,,0.071,,,,,,,0.071,,,,,,,,,,,,,,,,,,,,,,0.071,,,,,,,,,,,,,,,,,,,,,,,,,,,,
Alicante_hdbscan_5_5,54,33,-0.5151067979278673,38.34268357324736,-0.5148805,38.3432328,1.8279197192915655e-05,1805330.926283217,0.001559731687178639,0.0030075779272440784,0.0010500519420341596,0.0013327387195081887,Yes,0.03,0.03,0.03,,,,0.061,0.061,,,0.061,0.03,0.182,,,,,,,0.03,,,,0.03,,,,,,,,0.061,,0.03,,0.03,,,,,,0.03,,,,,,,,0.091,,,,,,,,,,,,,,,,,,0.03,,,,,,,,,,,,,,,,,,,,,,,,0.03,0.03,,,,,,,,,,,,,,,,,,,,,,,,,,
Alicante_hdbscan_5_5,55,21,-0.46207280244975574,38.363600074652254,-0.461908291072836,38.36369678663725,1.915691413200784e-05,1096209.9561177595,0.0014700071972451418,0.003085458800335267,0.0013362756577037563,0.0009756911227886189,Yes,0.286,,,,,,0.095,,0.286,,0.048,,,,,,0.048,,,,,,,,,,,,,,,,0.048,,,,,,,,,,,,,,,,,0.095,,,,,,,,,,,,,,,,,,,,,,,,,,,,,,,,,,,,,,,,,,,,,,,,,,,,,,,,,,,,,,,,,,,,,
Alicante_hdbscan_5_5,56,7,-0.4942326972456933,38.35530884791399,-0.4937016045002416,38.355736123035676,1.1751785856365516e-05,595654.1487018634,0.0014795609623334586,0.002787643755919303,0.0011361241413401794,0.0011460039453982163,Yes,,0.143,,,,,0.143,,,,,,,,,,,,,,,,,,,,,,,,,,,,,,,,,,,,,,,,,,,,,,,,,,,,,,,,,,,,,,,,,,,,,,,,,,,,,,,,,,,,,,,,,,,,,,,,,,,,,,,,,,,,,,,,
Alicante_hdbscan_5_5,57,13,-0.5081735369121176,38.337590915440195,-0.5082786,38.3378654,6.669265763372443e-06,1949240.060487003,0.0009162396675243034,0.0023157804246037674,0.0005682272227010199,0.0009242511389756363,Yes,0.308,,,,,,0.077,0.077,,,0.077,,,,,,,,,,,,,,,0.077,,,,,,,,,,,,,,,,,,,,,,,,,,,,,,,0.154,,,,,,,,,,,,,,,,,,0.077,,,,,,,,,,,,,,,,,,,,,,,,,,,,,,,,,,,,,,,,,,,,
Alicante_hdbscan_5_5,58,11,-0.4841403709443346,38.36409477375373,-0.4842004,38.36393789908078,6.758638302115564e-06,1627546.7791428964,0.0008092979186617197,0.0018992528253355425,0.0007240594748006581,0.0006836758476157868,Yes,0.273,,,,,0.091,,0.091,,,,0.091,,,,,,,,,,,,,,,0.091,,,,,,,,,,,,,,,,,,,,,,,,,,,,,,,,,,,,,,,,,,,,,,,,,,,,,,,,,,,,,,,,,,,,,,,,,,,,,,,,,,,,,,,,,,,,
Alicante_hdbscan_5_5,59,19,-0.5116378327082076,38.348033491869394,-0.5117185,38.3480984,7.103462436074914e-06,2674751.9496279103,0.0012352330736496622,0.0024013266290423443,0.0012836747144159384,0.00041436138217578546,Yes,0.105,0.053,,,0.053,0.053,0.053,0.053,,,0.053,,0.053,,,,,,,,,,,,,,,,,,,0.053,,,0.053,,,,,,,0.105,,,,,,,,,0.053,,,,,,,,,,,,,,,,,,,,,,,,,,,,,,,,,,,,,,,0.053,,,,0.053,0.053,,,,,,,,,,,,,,,,,,,,,,,,
Alicante_hdbscan_5_5,60,25,-0.4764359411707615,38.355037289942835,-0.4761736743329201,38.355019724810305,2.462779432203539e-05,1015113.2364148252,0.001798437659014661,0.003930390970170762,0.000998962540206708,0.0016814624481409537,Yes,0.04,,,0.04,,,,0.04,0.16,,0.12,,,,,,0.04,,,0.04,,0.04,,,,,,,,,,,,,,,,,,,,0.08,,,,,,,,,0.04,,,,,,,,0.04,,,,,,,,,,,,,,,,,,,,,,,,,,,,,,,,,,,,,0.04,,,,,,,,,,,,,,,,,,,,,,,
Alicante_hdbscan_5_5,61,8,-0.47239930211855263,38.35883001763834,-0.4718662463926785,38.35881990841507,3.9384795312190334e-06,2031240.720330429,0.0010809984248346396,0.0023176446733812013,0.0011800042881806344,0.00037104814254809937,Yes,,,,,,,,0.125,,,,,,,,,,,,,,,,,,,,,,,,,,,,,,,,,,0.125,,,,,,,,,,,,,,,,,,0.25,,,,,,,,,,,,,,,,,,,,,,,,,,,,,,,,,,,,,,,,,,,,,,,,,,,,,,,,,,,
Alicante_hdbscan_5_5,62,12,-0.5056057589568219,38.34184961355947,-0.50556415,38.34197973136036,9.395360736737476e-06,1277226.105122067,0.0011419210727717872,0.002053112544808773,0.00073037365203708,0.001015343956191551,Yes,,,,,,,,,,,0.167,,,,,,,,,,,,,0.083,,,,,,,0.083,,,,,,,,,,,,,,,,,,,0.083,,,,,,,,,,,,,,,,,,,,,,,,,,,,,,,,,,,,,,,,,,,,,,,,,,,,,,,,,,,,,,,,,,,,,
Alicante_hdbscan_5_5,63,5,-0.5116948926210068,38.34427439381205,-0.5118128,38.34432097821225,3.20174019523583e-06,1561650.7571226328,0.0008226732138048103,0.0014822393944007395,0.0008080632421426031,0.0004407919248958364,Yes,,,,,,,,0.2,,,,,0.2,,,,,,,,,,,,,,,,,,,,,,,0.2,,,,,,,,,,,,,,,,,,,,,,,,,,,,,,,,,,,,,,0.2,,,,,,,,,,,,,,,,,,,,,,,,,,,,,,,,,,,,,,,,,,,,,
Alicante_hdbscan_5_5,64,17,-0.5086480020654127,38.34411941147215,-0.5086902,38.3442007,5.677920080001774e-06,2994054.1184923984,0.0007899097404930349,0.001558722602094483,0.0006855542208287819,0.0005483933924237547,Yes,0.059,,,,,,,0.059,,,,,0.059,0.059,,,,,,,,,,,,,,,,,,0.235,0.059,,,,,,,,,0.118,,,,,,,,,,,,,,,,,,,,,,,,,,0.059,,,,,,,,,,,,,,,,0.059,,,,,,,,,,,,,0.059,,,,,,,,,,,,,,,,,,,,,,
Alicante_hdbscan_5_5,65,9,-0.4895358728238459,38.36232443670185,-0.4896287,38.3622727,5.203496472995907e-06,1729606.2458591927,0.0008155828208328835,0.0014571915535681506,0.0008197159688084751,0.0005503963928905839,No,0.111,,,,,,0.111,0.111,,,0.111,0.111,0.111,,,,,,,,,,,,,,,,,,,,0.222,,,,,,,,,,,,,,,,,,,,,,,,,,,,,,,,,,,,,,,,,,,,,,,,,,,,,,,,,,,,,,,,,,,,,,,,,,,,,,,,,,,,,,
Alicante_hdbscan_5_5,66,8,-0.48918734292697247,38.358853923809605,-0.4889974,38.35868094523843,3.239157600008288e-06,2469777.9447284476,0.0007934312287995818,0.0017192283926427104,0.000690821280855713,0.0005398881319529677,Yes,,,,,,,,,,,,,0.125,0.125,,,,,,,,,,0.125,,,,,,0.125,,,,,,,,,,,,0.25,,,,,,,,,,,,,,,,,0.125,,,,,,,,,,,,,,,,,,,,,,,,,,,,,,,,,,,,,,,,,,,,,,,,,,,,,,,,,,,,
Alicante_hdbscan_5_5,67,7,-0.4773954070032699,38.34877651855658,-0.4776011,38.3489012,3.380111673295188e-06,2070937.4945520281,0.0007261401741117095,0.001723287837398458,0.0006273194260144464,0.0005791464620159537,Yes,,,,,,,,0.143,,,0.143,,,,,,,,,,,,,,,,,,,,,,,,,,,,,,,,,,,,,,,,,,,,,,,,,0.143,,,,,,,0.143,,,,,,,,,,,,,,,,,,,,,,,,,,,,,,,,,,,,,,,,,,,,,,,,,,,,
Alicante_hdbscan_5_5,68,18,-0.47451946998008904,38.34937377845464,-0.4744077,38.348875,7.847949381463848e-06,2293592.7750138636,0.0012406933891214924,0.002521306466450681,0.0005840667259635852,0.0012505055168071113,Yes,0.222,,,,0.056,0.056,,,,,0.056,,0.111,,,,,,,0.056,,,,,,,,,,,,,,,,,,,,,,0.056,,,,,,,,,,,,0.056,,,,,,,,,,,,,,,,,,0.056,,,,,,,,,,,,,,,,,,,,,,,,,,,,,,,,,,,,,,,,,,,,,,,
Alicante_hdbscan_5_5,69,12,-0.4677352238377257,38.363434686252255,-0.46731849999999997,38.36314095625789,7.83544052090617e-06,1531502.915245434,0.001055258228632053,0.0027768020430320186,0.0008435512288394734,0.0009033638472367008,Yes,0.083,,,,,,,,,,0.083,0.167,,,,,,,,,,,,0.083,,,,,,,,,,,,,,,,,0.083,,,,,,,,,,,,,,,,,,,,,,,,,,,,,0.083,,,,,0.083,,,,,,,,,,,,,,,,,,,,,,,0.083,,,,,,,,,,,,,,,,,,,,,
Alicante_hdbscan_5_5,70,24,-0.4699936726383385,38.36687769971146,-0.46968315,38.36695435,5.511404472081115e-06,4354606.910375708,0.0008115959761395997,0.0017190643336772835,0.0007405376082162302,0.0004760908404074227,Yes,0.125,0.125,,,,,,,,,,,,,,,,,,0.042,,0.042,,0.042,,,,,,,,0.125,0.083,,,,,,,,,0.042,,,,0.083,,,,,,,,,,,,,,,,0.042,,,,,,,0.042,,,,,,,0.042,,,,,,,,,,,,,,,,,,,,,,,0.042,,,,,,,,,,,,,,,,,,,,
Alicante_hdbscan_5_5,71,15,-0.5034017489789158,38.34426496581148,-0.5034768,38.3443837,2.8718773737485585e-06,5223064.235650507,0.0006908470237418578,0.0013352504562885652,0.00040298712277330855,0.0006813000870456789,Yes,,,,,,,,0.067,,,0.2,0.067,,,,,,,,0.133,,,,0.067,,,,0.067,,,,,,,,,,,,,,,,,,,,,,,,,,,,,,,,,,,,,,,,0.067,,,,,,,,,,,,,,,,,,,,,,,,,,,,,,,,,,,,,,,,,,,,,,,,,,,
Alicante_hdbscan_5_5,72,9,-0.4972722268008494,38.34822745951595,-0.4972564,38.3480307,1.6703737425036578e-06,5388015.730246246,0.0004891533599453117,0.0011443283869389841,0.00033610683307972193,0.00044471156680656585,Yes,,,,,,,,0.111,,,0.111,,,,,,,,,0.111,,,,,,,,,,0.111,,,,,,,,,,,,,,,,,,,,,,,,,,,,,,,,,,,,,,0.111,,,,,,,,,,,,,,,,,,,,,,,,0.111,,,,,,,,0.111,,,,,,,,,,,,,,,,,,,
Alicante_hdbscan_5_5,73,14,-0.4732347724542417,38.362801687197255,-0.47337415,38.362723450000004,3.418057499103944e-06,4095893.6482695653,0.0006994601299706931,0.0011200664142177077,0.0006332889536788353,0.00047916507382862646,Yes,0.071,,,,,0.071,,0.071,,,0.071,,0.071,,,,,,,,,,,,,,,,,,,0.143,,,,,,,,,,,,,,,,,,,,,,,,,,,,0.071,,,,,,,,,,,0.071,,,,,,,,,,,,,,,,,,,,,,,,,,,,,,,,,,,,,,,,,,,,,,,,
Alicante_hdbscan_5_5,74,7,-0.47879928571428565,38.35880447142857,-0.479005,38.3588175,7.240630399999248e-07,9667666.505945018,0.0005688846236522267,0.0010382562990178773,0.0006158654941939675,0.00011972446598353142,Yes,0.143,,,,,,,,,,0.143,,,,,,,,,0.143,,0.143,,,,,,,,,,,,,,,,,,0.143,,,,,,,,,,,0.143,,,,,,,,,,,,,,,,,,,,0.143,,,,,,,,,,,,,,,,,,,,,,,,,,,,,,,,,,,,,,,,,,,,,,,,
Alicante_hdbscan_5_5,75,18,-0.4772209392246444,38.361723251591144,-0.47761410000000004,38.3615118,7.559895763262932e-06,2380985.20980546,0.0011121414345121967,0.002601661110237361,0.001068587841510995,0.0007074285881294457,Yes,0.167,,,,,,,0.056,,,,,0.056,,,,,,,,,,,0.167,,,0.056,,,,,0.056,0.056,,,,,,,,,,,,,,,,,,,,,,,,,,,,,,,,,,,,,0.056,,,,0.056,,,,,,,,,,,,,,,,,,,,,,,,0.056,,,,,,,,,,,,,,,,,,,,,
Alicante_hdbscan_5_5,76,41,-0.49692901559059566,38.35105104187928,-0.4970583,38.3511524,5.751016556467712e-06,7129174.398548819,0.0008276246295068686,0.0016730868645095797,0.0006483142241863264,0.0007017498145013987,Yes,0.049,0.024,,,,0.073,0.024,0.024,,,0.024,,,,,,,,,0.024,,,,0.049,,,,0.024,0.024,0.049,,0.073,0.049,,0.024,,,,,0.049,,0.024,,,,0.049,,,,,0.024,,0.024,,,,,,0.024,0.024,,,0.024,0.024,,,,0.024,,,,,,,,,,,,,0.024,0.024,0.024,,,,,,,,,,,,,,,,,,0.024,0.024,,,,,,,,,,,,,,,,,
Alicante_hdbscan_5_5,77,9,-0.48528553333333335,38.35488548888888,-0.4852867,38.3547623,7.513794000005666e-08,119779701.17351119,0.0003165969054728316,0.0007468551511500927,1.729213051586525e-05,0.00039733884907963257,Yes,,,,,,0.111,,0.111,,,,,,,,,,,,0.111,,,,,,,,0.111,,,,,,,,,,,,0.111,,,,,,,,,,,,,,,,,,,,,,0.111,,,,,,0.111,,,,,,,,,,,,,,,0.111,,,,,,,,,,,,,,,,,,,,0.111,,,,,,,,,,,,,,,,
Alicante_hdbscan_5_5,78,6,-0.4856233420918117,38.35701188601041,-0.48559825,38.3570014,5.769730302411926e-07,10399099.586148445,0.0003587233169585404,0.0007344720577928827,0.00014823866469071127,0.0003947189489716731,Yes,0.167,,,,,,,,,,0.167,,,,,,,,,,,,,,,,,,,,,,,,,,,,,,,,,,,,,,,,,,,,,,,,,,,,,,,,,,,,,,,,,,,,,,,,,,,,,,,,,,,,,,,,,,,,,0.167,,,,,,,,,,,,,,,
Alicante_hdbscan_5_5,79,10,-0.48523424207587385,38.35941167723467,-0.48512955,38.3595173,1.2767542456044842e-06,7832360.874794242,0.0004888008473121092,0.0007990630398968349,0.00047475972579406726,0.00025137001404986294,Yes,0.1,,,,,,,,0.1,,,0.1,,,,,,,,0.1,,,,,,,,,,0.1,,0.2,0.2,,,,,,,,,,,,,,,,,,,,,,,,,,,,,,,,,,,,,,,,,,,,,,,,,,,,,,,,,,,,,,,,,,,,,,,,,,,,,,,,,,,,,,
Alicante_hdbscan_5_5,80,7,-0.5022704196435007,38.34102285956851,-0.5022593,38.341055616979524,6.911774953087485e-07,10127644.559481937,0.00039121288470527377,0.0005499471071362691,0.00023594465523824547,0.0003390734032006275,Yes,0.143,,,,,,,0.143,,,,,,,,,,,,,,0.143,,,,,,,,,,,,,,,,,,,,0.143,,,,,,,,,,,,,,,,,,0.143,,,,,,,,,,,,,,,,,,,,,,,,,,,,0.286,,,,,,,,,,,,,,,,,,,,,,,,,,,,,,,
Alicante_hdbscan_5_5,81,21,-0.48065090900774315,38.360932903997735,-0.4804225,38.3608515,3.6835449600027236e-06,5701029.912224683,0.0007199928638679249,0.001596417112006145,0.0006722311344104897,0.0004071850831584411,Yes,0.048,,,,,0.048,0.048,0.048,,,0.095,,,0.048,,,,,,,,,,0.095,,,,,0.048,0.095,,,,,,,,,,,,0.143,,,,,,,,,0.048,,,,,,,,,,,,0.095,,,,,,,,,,,,,,,,,,,,,,,,0.048,,,,,0.048,,,,,,,,,,,,,,,,,,,,,,,,,,,
Alicante_hdbscan_5_5,82,8,-0.4833423375,38.359405575,-0.4833689,38.35934505,2.3465950000117054e-07,34091950.25115154,0.0002173052314484586,0.00044233716725010754,0.00021601548519434058,0.00011584410591339982,Yes,0.5,,,,,,,,,,,,,,,,,,,,,,,,,,,,,,,,0.125,,,,,,,,,,,,,,,,,0.125,,,,,,,,,,,,,,,,,,0.125,,,,,,,,,,,,,,,,,,,,,,,,,,,,,,,,,,,,,,,,,,,,,,,,,,,
Alicante_hdbscan_5_5,83,8,-0.48204942500000003,38.359397762499995,-0.48203025,38.35938405,2.751465500013022e-07,29075414.538042136,0.00021440648458409295,0.0003206675412805077,0.00019242556840244057,0.00014016187014966332,Yes,0.5,0.125,,,,,,,,,,,,,,,,,,0.125,,,,,,,,,,,,,,,,,,,,,,,,,,,,,,,,,,,,,,,,,,,,,,,,,,,,,,0.125,,,,,,,,,,,,,,,,,,,,,,,,,,,,,,,,,,,,,,,,,,,,,
Alicante_hdbscan_5_5,84,5,-0.4962704843785164,38.33999308817191,-0.496218421892582,38.3398987,5.808528339701206e-07,8608032.375128608,0.00035923131163305324,0.00047153562331073064,0.00021771071083072764,0.0003087844635068716,No,,,,,,,,0.2,,,,,,,,,,,,,,,,,,,,,,,,,,,,,,,,,,,,,,,,,,,,,,,,,,,,,,,,,,,,,,,,,,,,,,,,,,,,,,,,,,0.2,,,,,,,,,,,,,,,,,,,,,,,,,,,,,
Alicante_hdbscan_5_5,85,21,-0.49876581136385617,38.3410112471826,-0.4986458,38.3410723,5.061499470006816e-06,4148968.1317642657,0.0008537392709800271,0.0016423592067156482,0.0007434706155847706,0.000528785867977917,Yes,0.048,,,0.048,0.048,0.048,0.048,0.048,,,0.048,,,,,,,,,,,0.048,,0.048,,,,,,,,0.238,,,0.048,,,,,,,0.048,,,,,,,,,,,,,,,,,,0.095,,,,,,,,,,,,,,,,,,,,,,,,,,,,,,,,,,,,,,,,,,,,,0.048,,,,,,,,,,,,,,
Alicante_hdbscan_5_5,86,11,-0.4861635910579993,38.35224049132123,-0.4861873,38.3522221,1.0853413319140393e-06,10135060.442783559,0.0004399744952108145,0.0007781078611893829,0.0002962535297927332,0.00037388983848730614,Yes,,,,,,,0.091,,,,,,,,,,,,,0.091,,,,,,,,,,,,0.182,,,,,,0.091,,,,,,,,,,,,,0.091,,,,,,,,,,,,,,,,,,,,0.182,,,,0.091,,,,,,,,,,,,,,,,,,,,,,,,,,,,,,,0.091,,,,,,,,,,,,,
Alicante_hdbscan_5_5,87,12,-0.4889233047927582,38.34106057788413,-0.48897103541058806,38.34112985,7.751640599933855e-07,15480593.875962717,0.0004245304578902581,0.0005829133182292844,0.0003805109201751233,0.00021617827512442693,Yes,0.083,,,,,,,0.083,,,0.083,,,,,,,,,0.083,,,,,,,,,,,,,,,,,,,,0.083,,0.167,,,,,,,,,,,,,,,,,,,,,,,,,,,,,,,,,,,,,,,,,,,,,,0.167,,,,0.083,,,,,,,,,,,,,,,0.083,0.083,,,,,,,,,,,
Alicante_hdbscan_5_5,88,20,-0.49327884967134156,38.34074175129162,-0.49325425,38.341079449999995,2.7792578255350593e-06,7196165.759162565,0.0006272635760762597,0.0012329901916315984,0.0003475313451258021,0.0005847977077539953,Yes,0.15,,,,0.05,,,,,,,,0.05,,,,,,,,0.05,,,,,,,,0.05,,,0.15,,,,,,0.05,,,,,,,,0.05,,,,,,,,,,,,,,,,,,,,,,,,,,,,,,,,,,,,0.05,,,,,,,,,,,,,,,,,,,,,,,,,,,,,,,,,,,,,
Alicante_hdbscan_5_5,89,6,-0.48861692739766127,38.34939569328706,-0.4886542321929839,38.34937147986116,2.5229064000031063e-07,23782095.126448657,0.00025461492039044085,0.000457626022661199,0.00012848611925392586,0.00024981583354421403,Yes,,,,,0.167,0.167,,,,,,,,,,,,,,,,,,,,,,,,,,,0.167,,,,,,,,,,,,,,,,,,,,,,,,0.167,,,,,,,,,,,,,,,,,,,,,,,,,,,,,,,,,,,,,,,,,0.167,,,,,,,,,,,,,,,,,,,,,
Alicante_hdbscan_5_5,90,27,-0.4874626297974555,38.35061885307626,-0.4875417,38.3505188,2.530857270008239e-06,10668321.884430924,0.000646650762105909,0.001164622079847683,0.0005969346531774933,0.0003614056148411593,Yes,0.296,,,,,,0.074,,,,,0.074,0.037,,,,,,,0.037,,,,,,,,0.037,,,,,0.074,,,0.037,,,,,,0.037,,,,,,,0.037,0.037,0.074,,,,0.037,,,,,,,,,,,,,,,,,,,,0.037,,,,,,,,,,,,,,,,,,,,,,,,,,,,,,,,,,,,,,,,,,,,
Alicante_hdbscan_5_5,91,5,-0.4954241,38.3430469,-0.4953907,38.3430756,1.9598732999951695e-07,25511853.240780022,0.0003268363448818898,0.000568924362283866,0.00035363970930878553,7.220936227418744e-05,No,,,,,,,,,,,,,,,,,,,,,,,,,,,,,,,,0.2,,,,,,,,,,,,,,,,,,,,,,,,,,,,,,,,,,,,,,,,,,,,,,,,,,,,,,,,,,,,,,,,,,0.2,,,,,,,,,,,,,,,,,,,,,
Alicante_hdbscan_5_5,92,31,-0.4975324062116115,38.342890373781955,-0.4974285,38.3428617,2.910504338532083e-06,10651075.000848442,0.0006687384597601749,0.002033751636525953,0.0007765102434878167,0.0002435423113678469,Yes,0.032,,,,,,,0.032,,,0.226,,,,,,,,,,,,,0.097,,,0.032,0.032,,,,0.097,,,,,,,,0.032,,0.097,,,,0.032,,,,,,,,,,,,,,,,,,,,,,,,0.032,,,,,,,,,,,,,,,0.032,,,,,,,0.032,,,,,,,,0.065,,,,,,,,,0.032,,,,,,,,,,
Alicante_hdbscan_5_5,93,6,-0.4941553037173499,38.34283272255481,-0.49415560000000003,38.34283985,3.716896248754334e-07,16142500.620002015,0.0002570865139476793,0.0005969435164554597,0.00012669684870692988,0.0003042970884112536,Yes,0.167,0.333,,,,,,,,,,,,,,,,,,,,,,,,,,,,,,0.167,,,,,,,,,,,,,,,,,,,,,,,,,,,,,,,,,,,,,,,,,,,,,,,,,,,,,,,,,,,,,,,,,,,,,,,,,,,,,,,,,,,,,,,
Alicante_hdbscan_5_5,94,6,-0.4807423333333333,38.34492838333333,-0.4807279,38.34495565,1.3146119999998404e-07,45640843.07765887,0.00015510674686156997,0.000404205683683143,6.700601133893321e-05,0.00019643094984133424,Yes,,,,0.167,,0.167,,,,,0.167,,,,,,,,,,,,,,,0.167,,,,,,,,,,,,,,,,,,,,,,,,,,,,,,,,,,,,,,,,,,,,,,,,,,,,,,,,,,,,,,,,,,,,,,,,,,,,,,,,,,,,,,,,,,,,,
Alicante_hdbscan_5_5,95,11,-0.49115055454545453,38.345364599999996,-0.4912135,38.345518,1.078801470000472e-06,10196500.75189014,0.0004059251088069822,0.0006616519232408516,0.00024397160178868065,0.00036168803232462836,Yes,0.091,,,,,,,,,,,0.182,,,,,,,,,,,,,,0.091,,,0.182,,,0.182,,,,,,,,,,,,,,,,,,,,,,,,,,,,,,0.091,,,,,,,,,,,,,,,,,,,,,,,,,,,,,0.091,,,,,,,,,,,,,,,,,,,,,,,,,,,,
Alicante_hdbscan_5_5,96,16,-0.48692636875000006,38.3487982125,-0.48692015,38.348696849999996,9.767638999989196e-07,16380621.7654212,0.0004044322007684167,0.0007727007020087745,0.0001928865104107527,0.00038888697245278276,Yes,0.5,,,,,,,0.062,,,0.125,0.062,,,,,,,,,,,,,,,,,,,,,0.062,,,,,,,,,,,,,,,,,,,,,,,,,,,,,,,,,,,,,,,,,,,,,,,,,,,,,,,,,,,0.062,,,,,,,,,,,,,,,,,,,,,,,,,,,
Alicante_hdbscan_5_5,97,11,-0.4880737,38.342280290909095,-0.4881384,38.3422901,7.262137499996691e-07,15147055.53289925,0.0003081730208860226,0.0007070443030247217,0.00018005768772560185,0.0002974519807065985,Yes,0.273,,,,,,,,,,0.091,0.182,0.091,,,,,,,,,,,,,,,,,,,0.182,,,,,,,,,,,,,,,,,,,,,,,,,,,,0.091,,,,,,,,,,,,,,,,,,,,,,,,,,,,,,,,,,,,,,,,,,,,,,,,,,0.091,,,,,,,,,
Alicante_hdbscan_5_5,98,51,-0.4862376901040091,38.34344248950783,-0.4863639,38.3434702,5.971109550013099e-06,8541126.163040858,0.0011052462394621394,0.00212765937822948,0.0011668007644659634,0.0003441748738552333,Yes,0.275,0.078,0.02,,0.02,0.02,,0.02,,,0.078,0.078,0.02,,,,,,,0.02,,0.02,,0.02,,,,,,,,0.02,0.039,,,,,,,,,,,,,,,,,,,,,,,,,,,0.039,,,,,,,,,,,,,,,,,,,,,,,,0.02,,,,,,,,,,,,,,,,0.02,,,,,0.02,,,,,,0.02,0.02,,,,,,,
Alicante_hdbscan_5_5,99,29,-0.4897433275862069,38.34609140689655,-0.4898295,38.3461809,1.7003886000002514e-06,17054924.974206317,0.0005517593388333493,0.0009314905208669933,0.00030774753075740095,0.0005015057134689773,Yes,0.138,0.069,,,,,,0.034,,,0.069,0.034,,,,,,,,,0.069,,,,,,,,0.069,,,0.069,0.034,,,,,,,0.034,,,,,,,,,0.034,,,,,,,0.034,,,0.069,0.034,,0.103,,,,,,,,,0.034,,,,,,,,,,,0.034,,,,,,,,,,,,,,,,,,,,,,,,,,,,,,,,,,,,,
Alicante_hdbscan_5_5,100,9,-0.48634310000000003,38.34512377777778,-0.4862883,38.345109,4.5219335999790273e-07,19902990.172261138,0.0002317621181133507,0.0005217437317323375,0.00019505182217382713,0.0001812802543492139,Yes,0.444,,,,,0.111,,,,,0.111,,0.111,,,,,,,,,,,,,,,,,0.111,,,,,,,,,,,,,,,,,,,,,,,,,,,,,,,,,,,,,,,,,,,,,,0.111,,,,,,,,,,,,,,,,,,,,,,,,,,,,,,,,,,,,,,,,,,,
Alicante_hdbscan_5_5,101,12,-0.4913806982721906,38.340414823997236,-0.49142695000000003,38.340373299999996,1.5171094656311225e-06,7909778.609817032,0.00043396240633865546,0.0007774638055718741,0.0003083336713944499,0.0003728632908412595,Yes,0.167,,,,,,0.083,,,,0.083,,0.083,,,,,,,,,,,0.167,,0.083,,,,,,,,,,,,,,,,,,,,,,,,,,,,,,,,,,,,,,,,,,,,,,,,0.083,,,,,,,,,,,,,,,,,,,,,,,,,,,,,,,,,,,,,,,,,,,,,
Alicante_hdbscan_5_5,102,31,-0.4940294873397928,38.34491163438197,-0.4941528,38.3448501,2.867743350001824e-06,10809893.430658737,0.0006142063719249413,0.0013339490989829974,0.00039732546829312777,0.0005692713798417741,Yes,,0.032,,,,0.032,,0.032,,,0.129,,,,,,,,,0.032,0.032,,,0.032,,,,,0.032,,,0.032,0.032,,,,,0.065,,,,0.032,,,,,,0.032,,,,,,,,,,,,,,,0.032,,,,0.032,,,,0.032,,,,0.097,,,,,,,,,,,,0.032,,,,,,,,,,,,,,,,,0.032,,,,,,,,,0.097,,,,,,
Alicante_hdbscan_5_5,103,45,-0.49210220444444447,38.34319707777778,-0.4921099,38.3432626,4.938390720002518e-06,9112280.204506997,0.0006701758664701094,0.0014973459731115312,0.00046261572532024564,0.0005765421391131589,Yes,0.044,0.378,,,,,,0.022,0.022,,0.044,0.022,0.022,,,,,,,,,,,0.022,,,,,,,,0.022,0.022,,,,,0.022,,0.022,,,,,,,,,0.022,,,,,,,,,,,,,0.067,0.089,,,,,,,,0.044,,,,0.044,0.022,,,,,,,,,,,,,,,,,,,,,,,,0.022,,,,,,,,,,,,,,0.022,,,,,
Alicante_hdbscan_5_5,104,13,-0.48975296458554735,38.34291530592315,-0.4898306,38.3428509,1.0573559000005647e-06,12294819.558857199,0.0005241591645938549,0.0009772670053832986,0.000569538793274355,0.00015896565289046007,Yes,0.077,0.231,,,0.077,,,,,,0.077,,,,,,,,,,,,,,,,,,,,,0.077,0.077,,,,,0.077,,,,,,,,,,,0.077,,,,,,,,,,,,,0.077,0.077,,,,,,,,,,,,,,,,,,,,,,,,,,,,,,,,,,,,,,,,,,,,,,,,,,,,0.077,,,,
Alicante_hdbscan_5_5,105,5,-0.49541377999999997,38.34439746,-0.4954232,38.3444062,3.335919999982296e-08,149883690.2571565,0.00011675086951051932,0.0002506087827670768,0.00014377553894872762,2.8181667800312617e-05,Yes,,0.2,,0.4,,,,,,,,,0.2,,,,,,,,,,,,,,,,,,,,,,,,,,,,,,,,,,,,,,,,,,,,,,,,,,,,,,,,,,,,,,,0.2,,,,,,,,,,,,,,,,,,,,,,,,,,,,,,,,,,,,,,,,,,,
Alicante_hdbscan_5_5,106,10,-0.49519330000000006,38.34466996,-0.49516420000000005,38.3446752,7.209047000032759e-08,138714590.15254802,0.00011531049442914788,0.0002669835605417085,0.0001345765878598445,4.527533986677551e-05,Yes,,,,0.3,,,,,,,,,,,,,,,,,,,,,,0.1,,,,,,,,,,,,,,,,,,0.1,,,,,,,,,,,,,,,,0.1,,,,,,,,,,,,,,,0.1,,,,,,,,,,,,,,,,,,,,,,,,,,,,,,,,,,,0.1,,,0.2,,,,,,
Alicante_hdbscan_5_5,107,27,-0.48177363242694865,38.34582163618726,-0.4817767,38.3457151,1.4206422604487013e-06,19005488.39893881,0.00046439372377207175,0.0009351940089356511,0.00020641050667364496,0.00048310450236577413,No,0.519,,,,,,,0.037,0.037,,0.074,0.037,0.148,,,,,,,,,,,,,,,,,,,,0.037,,,,,,,,,,,,,,,,,,,,,,,,,,,,,,,,,,,,,,,,,,,,,,,,,,,,,,,,,,,,,,,,,,,,,,,,,,,,,,,,,,,,,,
Alicante_hdbscan_5_5,108,34,-0.4878455852941177,38.34729260588236,-0.48802795,38.34723935,2.826045600007172e-06,12030945.289741153,0.0005574374262870971,0.001334545975763624,0.0005433775267237737,0.0003123673581475998,Yes,0.235,0.059,,,,0.029,,,,,0.088,,,,,,,0.029,,,,0.029,,0.059,,,0.029,,,,,0.059,,,0.059,,,,,0.029,,,,,,0.059,,,,,,,,,,,,,,0.029,,0.029,,,,,,,,,0.059,,,0.029,,,,,,,,0.029,,,,,,,,,0.029,,,,,,,,,,,,,,,,,,,,,,,,,0.029,,,
Alicante_hdbscan_5_5,109,19,-0.48210900231800097,38.34417999079162,-0.4821208885168566,38.3441447,1.7295623099946804e-06,10985438.27545504,0.000551430731899454,0.000971453650307188,0.0005137934526409972,0.00030142014476776825,Yes,0.263,,,,,,,,,,0.105,,,,,,,,,,,,,,,,,,,,,0.053,0.158,,,,,,,,,,,,,,,,,,,,,,,,,,,,,,,,,,,,,,,,,,,,,,,,,,,,,,,,,,,,,,,,,,,,,,,,,,,,,,,,,,,,0.053,0.053,0.053
Alicante_hdbscan_5_5,110,8,-0.48554959999999997,38.3479353875,-0.48556875,38.34809045,3.347787099995127e-07,23896382.18037116,0.0002607181253129764,0.0005892845812138993,0.00012483006448768362,0.000266167524489453,Yes,0.125,,,,,,,,,,,,0.125,,,,,,,,,,,,,,,,,,,0.5,,,,,,,,,,,,,,,,,,,,,,,,,,,,0.125,,,,,,,,,,,,,,,,,,,,,,0.125,,,,,,,,,,,,,,,,,,,,,,,,,,,,,,,,,,,,,
Alicante_hdbscan_5_5,111,8,-0.48606238364006393,38.347185988939955,-0.4861154,38.3471695,1.7395490000020954e-07,45988931.61382843,0.00017736588958465417,0.00036560275383330803,0.000124875678562493,0.00015009579578279818,Yes,,0.125,,,,,,0.125,,,0.125,,,,,,,,,,,,,,,,,,,,,,0.125,,,,,,,0.125,,,,,,,,,,,,,,,,,,,0.125,,,,,,,,,,,,,,,,,,,,,,,0.125,,,,,,,,,,,,,,,,,,,,,,,,,,,,,,,,,,,,,
Alicante_hdbscan_5_5,112,12,-0.48449964166666654,38.34751383333333,-0.48448455,38.34754255,3.149460300016952e-07,38101766.19764158,0.00018534265522288107,0.0003271129588470048,0.00011805479277530171,0.00017841879727886322,Yes,,0.083,,,,0.083,,,,,0.25,,0.083,,,,,,,0.083,,,,,,,,,,,,,,,,,,,,0.083,,,,,,,,,,,,,,,,,,,,0.083,,,,,,,,,,,0.083,,,,,,,,,,,,,,,,,,,,,,,,,,,,,,,,,,,,,,,,,,,,,0.083,,,
Alicante_hdbscan_5_5,113,11,-0.48508880909090907,38.34743599090909,-0.4851087,38.3473644,2.610610800007598e-07,42135733.13941697,0.00022045788184592147,0.0004412546473448195,0.00011092215496829546,0.00021462101250491165,Yes,0.182,0.182,,,,,,,,,,,0.091,,,,,,,,,,,,,,,,0.091,,,,0.182,,,,,,,,,,,,,,,,,,,,,,,,,,,,,,,,,,,,,,0.091,,,0.091,,,,,,,,,,,,,,,,,,,,,,,,,,,,,,,,,,,,,,,,,,,,,
Alicante_hdbscan_5_5,114,15,-0.48350189010183514,38.346585971312535,-0.4834498,38.3466347,4.490498999989e-07,33403860.016529888,0.0002837812445042906,0.0005184805630281991,0.00014270282631474187,0.0002728313739868979,No,0.4,,,,,,,,,,,0.133,0.267,,,,,,,,,,,,,,,,,,,,0.133,,,,,,,,,,,,,,,,,,,,,,,,,,,,,,,,,,,,,,,,,,,,,,,,,,,,,,,,,,,,,,,,,,,,,,,,,,,,,,,,,,,,,,
Alicante_hdbscan_5_5,115,10,-0.48317274,38.3445411,-0.48315115,38.3445721,2.699664999969952e-07,37041632.94375896,0.00017608007754891183,0.00035881899838229064,0.0001619105753186008,0.00012666247273621504,Yes,0.1,,,,,,,0.1,,,0.3,0.1,,,,,,,,0.1,,0.1,,,,,,,,,,0.1,,,,,,,,,,,,,,,,,,,,,,,,,,,,0.1,,,,,,,,,,,,,,,,,,,,,,,,,,,,,,,,,,,,,,,,,,,,,,,,,,,,,,,,,,,
Alicante_hdbscan_5_5,116,12,-0.48366334166666664,38.34553375000001,-0.48369445,38.34553355,5.0786189999995e-07,23628470.653146416,0.000280486041464098,0.0005001191566959824,0.00017241866903139032,0.000258067163415623,Yes,0.25,,,,,,,,,,,,,,,,,,,,,,,,,,,0.083,,,,0.167,0.167,,,,,,,,,,,,,,,,,,,,,,,,,,,0.083,,,,,,,,,,,,,,,,,,,,,,,,,,,,,,,,,,,,,,,,0.083,,,,,,,,,,,,,,,,,,,
Alicante_hdbscan_5_5,117,8,-0.4837581625,38.344867900000004,-0.483773,38.34488,1.9649868000033767e-07,40712741.6834874,0.00017780424212990447,0.00038568306471566436,0.00010431987990670867,0.0001805545900831398,Yes,0.125,,,,,,,0.125,,,0.125,,0.125,,,,,,,,,,,,,,,,,,,,,,,,,,,,,0.125,,,,,,,,,,,,,,,,,,0.125,,,,,,,,,,,,,,,,,,,,,,,,,,,,,,,,,,,,,,,,,,,,,,,,,,,,,,,,,,,
