param_config,cluster_label,num_points,avg_lon,avg_lat,median_lon,median_lat,bounding_box_area,density,radius_avg,radius_max,std_lon,std_lat,has_shop,amenity_rel_cafe,amenity_rel_school,amenity_rel_doctors,shop_rel_supermarket,shop_rel_convenience,shop_rel_sports,shop_rel_bakery,shop_rel_greengrocer,shop_rel_variety_store,shop_rel_clothes,shop_rel_laundry,amenity_rel_restaurant,amenity_rel_bar,amenity_rel_bank,amenity_rel_pharmacy,amenity_rel_dentist,amenity_rel_post_office,amenity_rel_veterinary,shop_rel_butcher,amenity_rel_pub,amenity_rel_clinic,amenity_rel_community_centre,shop_rel_car_repair,shop_rel_hardware,amenity_rel_post_box,shop_rel_florist,shop_rel_department_store,amenity_rel_fast_food,shop_rel_car,shop_rel_bicycle,shop_rel_garden_centre,shop_rel_furniture,amenity_rel_college,amenity_rel_events_venue,shop_rel_newsagent,amenity_rel_library,shop_rel_agrarian,shop_rel_charity,amenity_rel_atm,shop_rel_confectionery,shop_rel_stationery,shop_rel_seafood,shop_rel_beauty,shop_rel_optician,shop_rel_funeral_directors,shop_rel_shoes,shop_rel_tobacco,shop_rel_doityourself,shop_rel_books,shop_rel_hairdresser,shop_rel_curtain,amenity_rel_theatre,shop_rel_medical_supply,shop_rel_electronics,shop_rel_toys,shop_rel_video_games,shop_rel_interior_decoration,shop_rel_mall,amenity_rel_charging_station,amenity_rel_cinema,shop_rel_outdoor,shop_rel_pet,shop_rel_lottery,shop_rel_boutique,amenity_rel_biergarten,shop_rel_pastry,shop_rel_telecommunication,amenity_rel_parcel_locker,shop_rel_jewelry,amenity_rel_university,shop_rel_appliance,shop_rel_health_food,shop_rel_bookmaker,shop_rel_craft,shop_rel_computer,shop_rel_art,shop_rel_antiques,shop_rel_perfumery,shop_rel_copyshop,shop_rel_cosmetics,shop_rel_car_parts,amenity_rel_car_rental,shop_rel_yes,shop_rel_lighting,shop_rel_doors,shop_rel_second_hand,shop_rel_dry_cleaning,shop_rel_tyres,shop_rel_mobile_phone,shop_rel_chemist,shop_rel_gun,shop_rel_frame,shop_rel_alcohol,shop_rel_photo,shop_rel_pawnbroker,shop_rel_kiosk,shop_rel_musical_instrument,amenity_rel_hospital,shop_rel_motorcycle,shop_rel_printing,shop_rel_bathroom_furnishing,shop_rel_nutrition_supplements,amenity_rel_taxi,amenity_rel_language_school,shop_rel_car;car_repair,shop_rel_herbalist,shop_rel_vacant,amenity_rel_arts_centre,shop_rel_deli,shop_rel_pet_grooming,shop_rel_electrical,shop_rel_travel_agency,amenity_rel_bureau_de_change,shop_rel_cannabis,shop_rel_watches,shop_rel_houseware,amenity_rel_music_venue,shop_rel_nuts,shop_rel_grocery,shop_rel_bag,shop_rel_fashion_accessories,shop_rel_gift,shop_rel_fabric,shop_rel_tattoo,shop_rel_wine,shop_rel_bed
Murcia_hdbscan_5_5,0,6,-1.0829726531215274,37.729160288408316,-1.082164511985302,37.729672473126186,3.6671857905645594e-05,163613.19940313976,0.002779113400775832,0.00579700777149076,0.0026946875575603094,0.0016727082998076494,No,0.167,0.167,0.167,,,,,,,,,,,,,,,,,,,,,,,,,,,,,,,,,,,,,,,,,,,,,,,,,,,,,,,,,,,,,,,,,,,,,,,,,,,,,,,,,,,,,,,,,,,,,,,,,,,,,,,,,,,,,,,,,,,,,,,,,,,
Murcia_hdbscan_5_5,1,39,-0.9458838676445214,37.88886856177174,-0.941985,37.8902157,0.0013731684062585324,28401.469056707458,0.007792931148901083,0.039190388744641196,0.00864615731371694,0.007280090217228421,Yes,0.103,0.026,0.026,0.051,0.051,0.026,0.026,0.026,0.026,0.026,0.026,0.179,0.154,0.103,0.026,0.026,0.026,0.026,,,,,,,,,,,,,,,,,,,,,,,,,,,,,,,,,,,,,,,,,,,,,,,,,,,,,,,,,,,,,,,,,,,,,,,,,,,,,,,,,,,,,,,,,,,,,,,,,,,,,,,,,,,,
Murcia_hdbscan_5_5,2,9,-1.0121178686893826,37.86573586188795,-1.0116037,37.864418230204656,0.0011154613756000182,8068.410253254002,0.009309172956480587,0.023845744952298215,0.009680975536297683,0.007969555785903679,Yes,0.111,,,,0.222,,,,,,,,,,,,,,,,,,,,,,,,,,,,,,,,,,,,,,,,,,,,,,,,,,,,,,,,,,,,,,,,,,,,,,,,,,,,,,,,,,,,,,,,,,,,,,,,,,,,,,,,,,,,,,,,,,,,,,,,,
Murcia_hdbscan_5_5,3,7,-1.212182157142857,37.8272155,-1.2115334,37.8273476,3.258234713997745e-05,214840.26211884638,0.0018245398581169892,0.005160720150227868,0.0019906387495023624,0.001346359382078998,Yes,,,,,,,0.429,,,,,,,,,,,,0.143,0.143,0.143,,,,,,,,,,,,,,,,,,,,,,,,,,,,,,,,,,,,,,,,,,,,,,,,,,,,,,,,,,,,,,,,,,,,,,,,,,,,,,,,,,,,,,,,,,,,,,,,,,,,,,,,,
Murcia_hdbscan_5_5,4,8,-1.0768345543568554,37.81783766769823,-1.0770132228675338,37.81763645177351,1.3590942715021093e-05,588627.3062690622,0.0017225656565497509,0.003958795703067721,0.0018855129654144528,0.0007986435020991118,No,,0.125,,,,,,,,,,,,,,,,,,,0.125,0.25,,,,,,,,,,,,,,,,,,,,,,,,,,,,,,,,,,,,,,,,,,,,,,,,,,,,,,,,,,,,,,,,,,,,,,,,,,,,,,,,,,,,,,,,,,,,,,,,,,,,,,,,
Murcia_hdbscan_5_5,5,41,-1.1558410351183817,37.83454202067949,-1.1589239,37.8296653,0.003974261154962204,10316.38294549617,0.011115720306192518,0.07042987930937665,0.010985352501830838,0.013284613465689077,Yes,,0.024,,0.049,,,0.098,,,,,0.171,0.024,0.073,0.024,0.024,,0.024,0.024,0.098,0.024,0.024,0.049,0.049,0.024,,,,,,,,,,,,,,,,,,,,,,,,,,,,,,,,,,,,,,,,,,,,,,,,,,,,,,,,,,,,,,,,,,,,,,,,,,,,,,,,,,,,,,,,,,,,,,,,,,,,,
Murcia_hdbscan_5_5,6,6,-1.260952383252199,37.94379960673936,-1.2624311008263893,37.94282288194475,5.741774244351278e-05,104497.31641578843,0.004073032842231768,0.006226264344665639,0.0034986677101795584,0.002759677971054325,No,,0.167,,,,,,,,,,0.667,0.167,,,,,,,,,,,,,,,,,,,,,,,,,,,,,,,,,,,,,,,,,,,,,,,,,,,,,,,,,,,,,,,,,,,,,,,,,,,,,,,,,,,,,,,,,,,,,,,,,,,,,,,,,,,,,,,,,
Murcia_hdbscan_5_5,7,11,-1.001799300930784,38.00880988395618,-1.0009929,38.009034740878526,0.00025479801470997384,43171.450972727755,0.0038351841898080132,0.018287794073820828,0.005523995472259926,0.0029156089935996323,Yes,,0.182,0.182,,,,,,,,,0.091,,,0.091,,,0.091,,,,,,,,0.091,,,,,,,,,,,,,,,,,,,,,,,,,,,,,,,,,,,,,,,,,,,,,,,,,,,,,,,,,,,,,,,,,,,,,,,,,,,,,,,,,,,,,,,,,,,,,,,,,,,,
Murcia_hdbscan_5_5,8,10,-1.2171691238357365,37.95561622763841,-1.2170001119116174,37.95555975717927,8.9154115846635e-06,1121653.2074864872,0.001293243314415951,0.0019329916784223769,0.0008650993822886629,0.0010111603514424928,Yes,,,,0.1,,0.2,,,,0.1,,,,,,,,,,,,,,,,,0.1,0.4,,,,,,,,,,,,,,,,,,,,,,,,,,,,,,,,,,,,,,,,,,,,,,,,,,,,,,,,,,,,,,,,,,,,,,,,,,,,,,,,,,,,,,,,,,,,,,,,,,
Murcia_hdbscan_5_5,9,8,-1.2252510618992374,37.96345361326159,-1.2249208300019512,37.96356997813936,4.6264495686032e-06,1729187.7672872439,0.0008861763079589724,0.0018128382672970155,0.0006170149698758762,0.0007868434618576172,Yes,0.125,,,0.125,,,,,0.125,,,0.125,,,,,,,,,,,,,,,,,0.25,0.125,,,,,,,,,,,,,,,,,,,,,,,,,,,,,,,,,,,,,,,,,,,,,,,,,,,,,,,,,,,,,,,,,,,,,,,,,,,,,,,,,,,,,,,,,,,,,,,,
Murcia_hdbscan_5_5,10,6,-1.2177713253510671,37.897612649167456,-1.2174081156034546,37.89765413209262,2.7244896032558598e-05,220224.7346743328,0.004122282181939771,0.005338361053027562,0.004094972571220833,0.0008921605274719465,No,0.167,,,,,,,,,,,,,,,,,,,,0.167,,,,,,,,,,,,,,,,,,,,,,,,,,,,,,,,,,,,,,,,,,,,,,,,,,,,,,,,,,,,,,,,,,,,,,,,,,,,,,,,,,,,,,,,,,,,,,,,,,,,,,,,,
Murcia_hdbscan_5_5,11,6,-1.0369467408569977,37.991537718271296,-1.0369939077248143,37.99061010911869,8.43974376519872e-05,71092.20572241776,0.004271692980012857,0.00626992869279085,0.0037844371433829764,0.0029996123718636215,Yes,,,,,,,,,,,,0.167,,,,,,,,,,,,,,,,,,,0.167,,,,,,,,,,,,,,,,,,,,,,,,,,,,,,,,,,,,,,,,,,,,,,,,,,,,,,,,,,,,,,,,,,,,,,,,,,,,,,,,,,,,,,,,,,,,,,,
Murcia_hdbscan_5_5,12,10,-1.0832920314586683,38.05002707088738,-1.0822174643302012,38.0502498328284,0.0002494008515436888,40096.09405142007,0.0059105431545209385,0.0125045758655574,0.0056916711700933376,0.004135026204770399,Yes,,0.2,,,,,,,,,,0.2,,0.1,,,,,,,,,,,,,,,,,,0.3,,,,,,,,,,,,,,,,,,,,,,,,,,,,,,,,,,,,,,,,,,,,,,,,,,,,,,,,,,,,,,,,,,,,,,,,,,,,,,,,,,,,,,,,,,,,,,
Murcia_hdbscan_5_5,13,7,-1.076798555461065,38.03693402565034,-1.0769051608782187,38.037116255788135,3.6599733443595163e-06,1912582.2352744422,0.0008885432546046997,0.0016352221597809565,0.0006809054536495224,0.0006966832577962945,No,,0.143,,,,,,,,,,,,0.143,0.143,,,,,,0.143,,,,,,,,,,,,0.143,0.143,,,,,,,,,,,,,,,,,,,,,,,,,,,,,,,,,,,,,,,,,,,,,,,,,,,,,,,,,,,,,,,,,,,,,,,,,,,,,,,,,,,,,,,,,,,,
Murcia_hdbscan_5_5,14,14,-1.2183146499945485,37.98791555700704,-1.2176122,37.98633528860109,9.797243286064376e-05,142897.33949868975,0.0037046514075813946,0.008737164614226795,0.0018641789298932566,0.003969061651105569,Yes,,0.071,,0.071,,,0.071,,,,,,,,0.071,,,,0.071,,,,,0.071,,,,,,,,,0.071,,0.071,0.071,,,,,,,,,,,,,,,,,,,,,,,,,,,,,,,,,,,,,,,,,,,,,,,,,,,,,,,,,,,,,,,,,,,,,,,,,,,,,,,,,,,,,,,,,,
Murcia_hdbscan_5_5,15,25,-1.0538146568718012,38.02186857059963,-1.053772505870922,38.023674997342525,0.00043757587084081954,57132.94920024155,0.00752884956635742,0.014490984684970516,0.005560964341656435,0.005849748511155656,Yes,0.08,0.08,,0.12,,,,,0.04,,,0.12,,,,,,,,,0.04,,,,,,,,,,0.04,,,,,,0.04,0.04,0.04,,,,,,,,,,,,,,,,,,,,,,,,,,,,,,,,,,,,,,,,,,,,,,,,,,,,,,,,,,,,,,,,,,,,,,,,,,,,,,,,,,,,,,,
Murcia_hdbscan_5_5,16,50,-1.0355015090923863,38.0146371134791,-1.03626225,38.01464015,8.461320026003711e-05,590924.3456852802,0.0026775842416136546,0.005840290483935255,0.002305938386263893,0.001839686776085756,Yes,0.02,0.04,,0.06,0.02,,0.04,,,0.06,,0.12,0.04,0.06,0.04,0.02,0.02,,,,,,,0.02,,,0.02,0.02,,0.02,,0.02,,,,,,,,0.04,0.02,0.02,0.02,0.02,0.02,0.02,0.02,0.02,0.02,0.02,0.02,,,,,,,,,,,,,,,,,,,,,,,,,,,,,,,,,,,,,,,,,,,,,,,,,,,,,,,,,,,,,,,,,,,,,,,,,,,
Murcia_hdbscan_5_5,17,12,-1.194393325402583,37.93276889979503,-1.1945714761357782,37.93267448657467,2.0263977891100997e-05,592183.8280957583,0.0017994534349211602,0.0029917446155767477,0.0014980137951557638,0.0012645411823194346,Yes,,0.25,,0.083,0.083,,,0.083,,,,,,,,,,,0.083,,,0.083,,,,0.167,,,,,,,,,,,,,,,,0.167,,,,,,,,,,,,,,,,,,,,,,,,,,,,,,,,,,,,,,,,,,,,,,,,,,,,,,,,,,,,,,,,,,,,,,,,,,,,,,,,,,,,
Murcia_hdbscan_5_5,18,53,-1.2092980415359214,37.92905209397267,-1.2088273,37.93033775662854,0.00029468163065351924,179855.11985413282,0.004976901730780035,0.012968491587174887,0.003965108946117216,0.004003102414554089,Yes,0.075,0.17,,0.038,0.019,,,,,,,,0.019,,0.057,0.019,0.019,,,,0.019,,,,0.019,,,0.019,,,,,,,,0.038,,,,,,,,,,,,,,,,0.038,,,,,,,,,,,,,,,,,,,,,,,,,,,,,,,,,,,,,,,,,,,,,,,,,,,,,,,,,,,,,,,,,,,,,,,,,,
Murcia_hdbscan_5_5,19,36,-1.0714552298895261,38.00573944139064,-1.07074005,38.005656,0.00026472781540596543,135988.7322183854,0.002285798279882201,0.01636491496722287,0.0028912150978456677,0.0024643913752150893,Yes,0.028,0.056,,0.028,,,0.083,,,,,0.083,0.056,0.083,0.028,0.056,,0.028,,,0.056,,,0.028,,,,0.028,,,,,,,,,,,,,,0.028,,0.028,,,,,,0.028,,,0.028,,,,,,,,,,,,,,,,,,,,,,,,,,,,,,,,,,,,,,,,,,,,,,,,,,,,,,,,,,,,,,,,,,,,,,,,,
Murcia_hdbscan_5_5,20,23,-1.1487378845826617,38.04002701646309,-1.1488021,38.0394234,3.285350758476576e-05,700077.4556767615,0.001480616344965617,0.004582621394017304,0.0011942071372273435,0.0013809567464220169,Yes,0.043,,,,,,,,,0.174,,0.087,,,,,,,,,,,,,,,,0.13,,,,0.043,,,,,,,,,,,,,,,,0.043,0.043,,,,,0.087,0.043,0.043,0.043,0.043,0.087,0.043,,,,,,,,,,,,,,,,,,,,,,,,,,,,,,,,,,,,,,,,,,,,,,,,,,,,,,,,,,,,,,,,,,
Murcia_hdbscan_5_5,21,5,-1.0624046430241278,37.976758675967005,-1.0627375459260024,37.97764503722652,1.3013983920534602e-05,384202.10371633875,0.0018387675460934693,0.0026367251537212,0.001314230758195318,0.0013833085287457147,Yes,,0.2,,0.2,,,,,,,,,,,,,,,,,,,,,,,,,,0.2,,,,,,,,,,,,,,,,,,,,,,,,,,,,,,,,,,,,,,,,,,,,,,,,,,,,,,,,,,,,,,,,,,,,,,,,,,,,,,,,,,,,,,,,,,,,,,,,
Murcia_hdbscan_5_5,22,15,-1.0796233855098798,37.96749576150041,-1.0788686333963873,37.96771192500583,3.4658362411296745e-05,432795.982164201,0.00241405287114507,0.0036791774130144972,0.0016861764548172706,0.0018961051893604656,No,,,,,,,,,,,,,0.067,,0.067,,,,,,0.067,,,,,,,,,,,,,,,,,,,,,,,,,,,,,,,,,,,,,,,,,,,,,,,,,,,,,,,,,,,,,,,,,,,,,,,,,,,,,,,,,,,,,,,,,,,,,,,,,,,,,,,,,
Murcia_hdbscan_5_5,23,30,-1.0721438862611907,37.975513023163245,-1.0726568070588476,37.97501121292091,7.26300133958497e-05,413052.3814788983,0.003383421637831754,0.005261642944304589,0.002269774585716835,0.0026846570068967427,Yes,,0.133,,0.067,,,0.033,,,,,,,,0.067,,,,,,0.033,,,,,,,,,,,,,,,0.033,,,,,,,,,,,,,,,,0.033,,,,,,,,,,,,,,,,,,,,,,,,,,,,,,,,,,,,,,,,,,,,,,,,,,,,,,,,,,,,,,,,,,,,,,,,,,
Murcia_hdbscan_5_5,24,5,-1.188918524976667,37.98186299778039,-1.1879996723722985,37.9820636,1.09947234142738e-05,454763.5999200121,0.0017122410888461815,0.004175714885290774,0.0019468230725554236,0.0008135020071365345,No,,,,,,,,,,,,,,,,,,,,,,,,,,,,,,,,,,,,,,,,,,,,,,,,,,,,,,,,,,,,,,,,,,,,,,,,,,,,,,,,,,,,,,,,,,,,,,,,,,,,,,,,,,,,,,,,,,,,,,,,,,,,,,
Murcia_hdbscan_5_5,25,7,-1.08698020655693,37.96276191578779,-1.0868377,37.96290618697692,4.787817060236502e-06,1462044.1658341521,0.0008369492317984701,0.0022841880320497053,0.001024537521139504,0.00041745617010570147,Yes,,,,0.143,,,,,0.143,,,,0.143,,,,,,,,,,,,,,,0.286,,,,,,,,,,,,,,,,,,,,,,,,,,,,,,,,,,,,,,,,,,,,,,,,,,,,,,,,,,,,,,,,,,,,,,,,,,,,,,,,,,,,,,,,,,,,,,,,,,
Murcia_hdbscan_5_5,26,10,-1.1551677737717228,37.98912768674664,-1.15426115,37.98848275,6.605356964192545e-05,151392.27227551394,0.0030741837077616525,0.005746147025289064,0.00289842100148699,0.002011100752546908,Yes,,0.2,,,0.1,,,,,,,0.2,,0.1,,,,,,,0.1,,,,,,,,,,,,,,,,,,,,,,,,,,,,,,,,,,,,,,,,0.1,0.1,,,,,,,,,,,,,,,,,,,,,,,,,,,,,,,,,,,,,,,,,,,,,,,,,,,,,,,,,,,,,,,,
Murcia_hdbscan_5_5,27,28,-1.179079802236855,37.97707666567319,-1.17864245,37.97722355,4.6406667180733365e-05,603361.579295329,0.0014342294964011285,0.004339605078418904,0.0014070005925584932,0.0011345395420865366,Yes,0.036,0.036,,0.071,,,0.036,,0.036,,,0.036,0.143,0.036,0.036,0.036,,,,,,,,,0.036,,,0.036,,,,,,,,,,,,,0.036,,,,,,0.036,,,0.036,,,,,,,,,,,,,0.036,0.036,0.036,,,,,,,,,,,,,,,,,,,,,,,,,,,,,,,,,,,,,,,,,,,,,,,,,,,,,,,,,,,,,
Murcia_hdbscan_5_5,28,11,-1.1718384045882553,37.97168015174755,-1.1719718015584641,37.971604968490574,2.452315551059059e-05,448555.6516268688,0.0016526264967362885,0.003852238618478514,0.001441745481568899,0.0013525342880715907,Yes,,0.182,,0.091,,,,,,,,0.091,,,,,,0.091,,,0.091,,,,,,,,,,,,,,,,,,,,,,,,,,,,,,,,,,,,,,,,,,,,,,,,,,,,,,,,,,,,,,,,,,,,,,,,,,,,,,,,,,,,,,,,,,,,,,,,,,,,,,,,,
Murcia_hdbscan_5_5,29,18,-1.091889905465264,37.95787080316743,-1.0921302,37.95782285,6.686669126360138e-06,2691923.23709282,0.0007228659358466115,0.001892307640998218,0.0006862030267966686,0.0005607989916948695,Yes,,,,,0.056,,0.167,,,0.056,,,0.056,0.111,0.111,,,,,,,,,,,0.056,,0.056,,,,,,,,,,,0.056,,0.056,,,,,,,,,0.111,,,,,,,,,,,,,,,,,,,,,,,,,,,,,,,,,,,,,,,,,,,,,,,,,,,,,,,,,,,,,,,,,,,,,,,,,,,,
Murcia_hdbscan_5_5,30,16,-1.0937347243750293,37.954855930041035,-1.09404005,37.954950033652096,1.0981312922601461e-05,1457020.6780164877,0.001232375648024656,0.00219351132409741,0.0010913745856102144,0.0007662436586815495,Yes,,0.062,,0.062,,,,,,,,,,,,,0.062,0.062,,,,0.062,,,,,,0.062,,,,,,,,,,,,,,,,,,,,,,,,,,,,,,,,,,,,,,0.062,0.062,0.062,,,,,,,,,,,,,,,,,,,,,,,,,,,,,,,,,,,,,,,,,,,,,,,,,,,,,,,,,,
Murcia_hdbscan_5_5,31,9,-1.1946139249079257,37.990982196898706,-1.1945332,37.9909691140329,2.0661148657400792e-05,435600.17641014425,0.0017465035604202488,0.0039067343051596305,0.0013729606700113642,0.001370671835942398,No,,0.222,,,,,,,,,,,,,,,,,,,0.111,,,,,,,0.111,,,,,,,,0.111,,,,,,,,,,,,,,,,,,,,,,,,,,,,,,,,,,,,,,,,,,,,,,,,,,,,,,,,,,,,,,,,,,,,,,,,,,,,,,,,,,,,,,,,,,
Murcia_hdbscan_5_5,32,27,-1.0913631961425077,38.00911251024117,-1.0912109,38.0087796,4.9955068483609346e-05,540485.6968389286,0.0014226690693117726,0.005463216493103855,0.0015756645390296092,0.0011818885777309734,Yes,0.037,0.037,,0.037,,,0.074,0.037,,,,0.074,,0.111,0.037,0.037,,0.037,0.037,,,,,,,0.037,,0.037,,,,,,,,,,,,,,0.037,0.037,0.037,,,,,0.037,,,,,,,,,,,,,,,,,,,,0.074,,,,,,,,,,,,,,,,,,,,,,,,,,,,,,,,,,,,,,,,,,,,,,,,,,,,,,,,,
Murcia_hdbscan_5_5,33,8,-1.189116419273035,37.99697115582874,-1.18896005,37.997381,1.6185584730924055e-05,494266.9747800499,0.0015267396204054339,0.003272463150181828,0.0015011003195634543,0.00104773354634447,Yes,,,,0.125,,0.125,,,,0.125,,,,,,,,,,,,,,,,,,,,,,,,,,,,,,,,,,,,,,,,,,,,,,,,0.125,,,,,,,,,,,,,,,,,,,,,,,,,,,,,,,,,,,,,,,,,,,,,,,,,,,,,,,,,,,,,,,,,,,,
Murcia_hdbscan_5_5,34,40,-1.1777824227548503,37.998200903140024,-1.177308632369647,37.99789454694219,9.296888599528961e-05,430251.47146569716,0.0033796731565475984,0.006412408447134299,0.003244993420785857,0.0020143743697934105,Yes,,0.025,,0.025,,,,,,,,,0.025,,,,,,,,0.025,0.025,,,,,,,,,,,,,,,,,,,,,,,,,,,,,,,,,,,,,,,,,,,,,,,,,,,,,,,,,,,,,,,,,,,,,,,,,,,,,,,,,,,,,,,,,,,,,,,,,,,,,,,,
Murcia_hdbscan_5_5,35,20,-1.1850929726327002,37.991336621900196,-1.1849224149758075,37.991247896417235,6.618938014469976e-06,3021632.7689241157,0.0008503663063841961,0.0025243004054209825,0.0008034915728950578,0.000566229141606756,No,0.05,,,,,,,,,,,0.05,,,,,,,,,,,,,,,,,,,,,,,,,,,,,,,,,,,,,,,,,,,,,,,,,,,,,,,,,,0.5,,,,,,,,,,,,,,,,,,,,,,,,,,,,,,,,,,,,,,,,,,,,,,,,,,,,,,,,
Murcia_hdbscan_5_5,36,8,-1.1459680765406839,38.0296742139066,-1.145835867082117,38.02941706312708,6.1015112999916e-06,1311150.566911351,0.0010512677558599318,0.0021793073156174177,0.0007301052093735233,0.0009215207587033045,Yes,,,,0.125,0.125,,,,,,,0.125,,,,,,,,,,,,,,,,,,,,,,,,,,,,,,,,,,,,0.125,,,,,,,0.125,,,0.125,,,,,,,,,,,,,,,,,,,,,,,,,,,,,,,,,,,,,,,,,,,,,,,,,,,,,,,,,,,,,,,,,,,,
Murcia_hdbscan_5_5,37,12,-1.14907183623748,38.031973796731045,-1.1490859,38.0319479,3.6708244400042244e-06,3269020.4056683765,0.0006369314777026842,0.0012650046469691648,0.000502743029126093,0.0005263709401396817,Yes,,,,0.083,,0.083,,,,,,0.167,,,,,,,,,,,,,,,,0.333,,,,,,,,,,,0.083,,,,,,,,,,,,,,,,,,,0.083,0.083,0.083,,,,,,,,,,,,,,,,,,,,,,,,,,,,,,,,,,,,,,,,,,,,,,,,,,,,,,,,,,,,,,,,,,
Murcia_hdbscan_5_5,38,7,-1.1514394216998132,37.95641056015888,-1.1511719454906304,37.955677806950824,2.6630968648719192e-05,262851.8734085425,0.002385786102835844,0.0033577036200939307,0.0018089769463319142,0.0017836337622927874,Yes,,,,,,,,,,,,,,,,,,,,,,,,,,,,,,,,,,,,,,,,,,,,,,,,,,,,,,,,,,,,,,,,,,,,,0.143,,0.143,,,,,,,,,,,,,,,,,,,,,,,,,,,,,,,,,,,,,,,,,,,,,,,,,,,,,,,
Murcia_hdbscan_5_5,39,7,-1.1224188566373055,38.023549294813634,-1.1222535,38.02340881775429,8.908632099140387e-06,785754.7513580053,0.0013370609993757457,0.002381829664493449,0.001394339815231885,0.0006314577908366166,Yes,,0.143,,,,,,,,,,,,0.143,,,0.143,,,,,,,,,,,,,,,,,,,0.143,,,,,,,,,,,,,,,,,,,,,,,,,,,,,,,,,,,,0.143,,,,,,,,,,,,,,,,,,,,,,,,,,,,,,,,,,,,,,,,,,,,,,,,,,,,,,
Murcia_hdbscan_5_5,40,14,-1.1304300360789037,38.025923735917715,-1.1306804242448538,38.02595864052546,2.4710651786158597e-05,566557.2936381204,0.00196792802760381,0.003956245573164493,0.0017129277761381858,0.0013126503950074394,Yes,,0.214,,0.071,0.071,,,,,,,0.071,0.071,,,,,,,,,,0.071,,,,,,,,,,,,,,,,,,,,,,,,,,,,,,,,,,,,,,,,,,,,,,,,,,0.071,,,,,,,,,,,,,,,,,,,,,,,,,,,,,,,,,,,,,,,,,,,,,,,,,,,,,
Murcia_hdbscan_5_5,41,22,-1.1371370659641058,38.02274132276859,-1.1364393716803414,38.02210644175649,6.115799615865364e-05,359724.0161847108,0.002549277291640876,0.0058025889063512,0.0020234724997749017,0.0019007499151649802,Yes,,0.045,,0.091,0.045,,,,,,,0.045,,0.091,,,,,,0.045,0.045,,,0.045,,,,0.136,0.045,,,,,,,,,,,,0.045,,,,,,,,,,,,,,,,,,,,,,,,,,,,,,,,,,,,,,,,,,,,,,,,,,,,,,,,,,,,,,,,,,,,,,,,,,,,,,,,,,,,,
Murcia_hdbscan_5_5,42,6,-1.1184405632964938,37.93784384532618,-1.1182942,37.9379828,5.969306831429536e-06,1005141.8312774372,0.0009400182741526303,0.002095354579048891,0.0008036285221634154,0.0008205457524054323,No,,,,,,,,,,,,,0.167,,,,,,,,,,,,,,,,,,,,,,,,,,,,,,,,,,,,,,,,,,,,,,,,,,,,,,,,,,,,,,,,,,,,,,,,,,,,,,,,,,,,,,,,,,,,,,,,,,,,,,,,,,,,,,,,,
Murcia_hdbscan_5_5,43,15,-1.1145704322707413,37.943005912415856,-1.1148639999999999,37.9426117,3.678510374909345e-05,407773.7581580062,0.0021109098943354375,0.004197009891665488,0.0017345973564362282,0.0015434111036051901,Yes,,0.067,,0.067,,,,,,,,,,,,,,,,,0.067,,,,,,,,,0.067,,,,,,,,,,,,,,0.067,,,,,,,,,,,,,,,,,,,,,,,,,,,,,,,,,,,,,,,,,,,,,,,,,,,,,,,,,,,,,,,,,,,,,,,,,,,,,,,,,,
Murcia_hdbscan_5_5,44,11,-1.129414145173454,37.96249158721021,-1.1285788,37.96192416113119,3.1072743582246425e-05,354008.0061126275,0.002878976786546873,0.004138445253845115,0.002570711801484299,0.0014956433501670226,Yes,,0.182,,0.091,,0.091,,,,,,0.091,0.091,,,,,,,,,,,,,,,,,,,,,,,,,,,,,,,,,,,,,,,,,,,,,,,,,,,,,,,,,,,,,,,,,,,,,,,,,,,,,,,,,,,,,,,,,,,,,,,,,,,,,,,,,,,,,,,,,
Murcia_hdbscan_5_5,45,9,-1.1250938097543588,37.949747839864,-1.1246759283056815,37.95014699686779,1.2601846366168336e-05,714181.0603374704,0.0015426378994034772,0.002461767826396405,0.001347991808249871,0.0009975162850865828,Yes,,,,,,,,,,,,0.111,,,,,,,,,,,,,,,,,,,,,,,,,,,,,,,,,,,,,,,,,,,,,,,,,,,,,,,,,,,,,,0.111,,,,,,,,,,,,,,,,,,,,,,,,,,,,,,,,,,,,,,,,,,,,,,,,,,,,
Murcia_hdbscan_5_5,46,10,-1.1606353171463897,37.927386648838755,-1.160147760638245,37.92714205681709,9.051709273848513e-06,1104763.7189244702,0.0012191343510792024,0.002448398433740299,0.0008722993313082363,0.0011070676722318594,No,,0.4,,,,,,,,,,0.1,,,,,,,,,,,,,,,,,,,,,,,,,,,,,,,,,,,,,,,,0.1,,,,,,,,,,,,,,,,,,0.2,,,,,,,,,,,,,,,,,,,,,,,,,,,,,,,,,,,,,,,,,,,,,,,,,,,,,,,,
Murcia_hdbscan_5_5,47,20,-1.102086305171158,37.995461592701254,-1.1024008084083103,37.995178180580425,2.248289212059449e-05,889565.270016123,0.0018836142536308603,0.003365462263217206,0.0019074893332957927,0.0008503707771740431,Yes,,0.05,,,,,,,,,,,,,,,,,,,0.05,0.05,,,,,,,,0.05,,,,,,0.05,,,,,,,,,,,,,,,,,,,,,,,,,,,,,,,,,,,,,,,,,,,,,,,,,,,,,,,,,,,,,,,,,,,,,,,,,,,,,,,,,,,,,,,,,,
Murcia_hdbscan_5_5,48,7,-1.1012571137279876,37.99184824300783,-1.1013734695479744,37.991778928380334,7.734497465619665e-06,905036.1747631888,0.0011805875321127923,0.0022589389597721145,0.001304574988944714,0.0006103430818532383,Yes,,0.143,,,,,,,,,,,,,,,0.143,,,,,,,,,,,,,,,,,,,,,,,,,,,,,,,,,,,,,,,,,,,,,,,,,,,,,,,,,,0.143,,,,,,,,,,,,,,,,,,,,,,,,,,,,,,,,,,,,,,,,,,,,,,,,,,,
Murcia_hdbscan_5_5,49,19,-1.1311591559435836,37.942346219317464,-1.1313069,37.9424528,2.1525368071250092e-05,882679.4476688625,0.0015488069935984659,0.003297906805448624,0.0011926948258194632,0.0012621799449982986,Yes,0.105,0.053,,0.053,0.105,,,,,,,0.053,,0.053,0.053,,,,,,0.053,0.053,,,,,,,,,,,,,,,,,,,,,,,,,,,,,,,,,,,,,,,,,,,,,,,,,,,,,,,,,,,,,,,,,,,,,,,,,,,,,,,,,,,,,,,,,,,,,,,,,,,,,,,,
Murcia_hdbscan_5_5,50,7,-1.1199512349261234,37.96509351091431,-1.12004119750657,37.9646672,1.2936697011787813e-05,541096.3860111786,0.0015960400013097676,0.002732956921645102,0.0013934439289897103,0.0010560534911983248,Yes,,0.429,,0.143,,,,,,,,,,,,,,,,,,,,,,,,,,,,,,,,,,,,,,,,,,,,,,,,,,,,,,,,,,,,,,,,,,,,,,,,0.143,,,,,,,,,,,,,,,,,,,,,,,,,,,,,,,,,,,,,,,,,,,,,,,,,,
Murcia_hdbscan_5_5,51,18,-1.140256276268326,37.94131804981125,-1.14024755,37.9413998,2.879692633050361e-05,625066.7100166593,0.0014639584456794552,0.0037184238361712726,0.0014518026287688932,0.0011467821128045537,Yes,,0.056,,,0.056,,,,,,,0.056,,0.167,0.056,,0.056,,,0.056,,,,,,,,,,,,,,,,,,,,,,,,,,,,0.111,,0.111,,,,,,,,,,,,,,,,,,,,,,,,,,,,,,,,,,,,,,,,,,,,,,,,,,,,,,,,,,,,,,,,,,,,,,,,,,,,
Murcia_hdbscan_5_5,52,48,-1.1053007839932676,37.97729856754776,-1.1053068,37.97735425,3.4256447306027706e-05,1401196.0893432752,0.0016025744764550974,0.00430700749071408,0.0009548070266443235,0.001670798442482957,Yes,0.062,0.042,,0.021,0.062,,0.021,0.021,,0.042,,0.083,,0.062,0.021,,,0.021,0.021,,0.021,0.062,,0.021,,,,,,0.021,,,,,,,,,,,,,,0.021,,0.021,0.021,,,0.021,,,,,,,,,,,,,,,,0.021,,,,,,,0.021,,0.021,,0.021,0.021,0.021,0.021,,,,,,,,,,,,,,,,,,,,,,,,,,,,,,,,,,,,,,,,,,,,,,
Murcia_hdbscan_5_5,53,19,-1.1466353569279701,37.94123724788619,-1.1466718,37.9412746,1.1604276187647021e-05,1637327.4552208497,0.0011301961706592346,0.0026772370737479425,0.0010110180592115133,0.0007696728422235207,Yes,0.105,0.053,,0.105,,,,,,,,0.105,,,0.053,,,,,0.053,0.053,,,,0.053,,,0.053,,,,,,,,0.053,,,,,,,,,,,,,,0.053,,,,,,,,,,,,,,,,,,,,,,,,,,,,,,,,,,,,,,,,,,,,,,,,,,,,,,,,,,,,,,,,,,,,,,,,,,,,
Murcia_hdbscan_5_5,54,5,-1.1494823152182088,37.93859385136773,-1.1497109656382578,37.93827169856946,2.8796250472883824e-06,1736337.168169961,0.0008721926547649442,0.0011695255818741563,0.0005301569482790211,0.0007341315235914987,Yes,,,,0.2,,,,,,,,,,,,,,,,,,,,,,,,0.2,,,,,,,,,,,,,,,,,,,,0.2,,,,,,,,,,,,,,,,,,,,,,,,,,,,,,,,,,,,,,,,,,,,,,,,,,,,,,,,,,,,,,,,,,,,,,,,,,,,,,
Murcia_hdbscan_5_5,55,22,-1.1697188656817084,37.93920424953369,-1.169875911444949,37.93939361870417,3.0196935288621396e-05,728550.7548936561,0.0019486854992272408,0.003949909046262472,0.0014189666076975804,0.0016036052093795967,Yes,,0.136,,,,,0.045,,,,,0.045,0.045,,0.045,,,,,,0.045,,,,,,,,,0.091,,,,,,,,,,,,,,,,,,,,,,,,,,,,,,,,,,,,,,,,,,,,,,,,,,,0.045,,,,,,,,,,,,,,,,,,,,,,,,,,,,,,,,,,,,,,,,,,,,,
Murcia_hdbscan_5_5,56,11,-1.099196520899214,38.01812924719016,-1.0992941514067576,38.0181691,7.387359553657148e-06,1489030.0005168146,0.0011942686416215973,0.0021585884396946504,0.001220786301604095,0.0005163551604707491,Yes,0.091,0.091,,,0.091,,,,,,,,,,0.091,,,,,,,,,,,,,,,0.091,,,,,,,,,,,,,,,,,,,,0.091,,,,,,,,,,,,,,,,,,,,,,,,,,,,,,,,0.091,,,,,,,,,,,,,,,,,,,,,,,,,,,,,,,,,,,,,,,,,,,,
Murcia_hdbscan_5_5,57,10,-1.102297092951208,38.01301236491593,-1.102294916014345,38.01336135,6.582111718437138e-06,1519269.260044466,0.0011771293884062113,0.0021590591115820124,0.0007891360576171735,0.0010013646440645571,Yes,,,,,,,,,,,,,0.1,,,,,,,,,,,,,,,,0.1,,,0.1,,,,,,,,,,,,,,,,,,,,,,,,,,,,,,0.1,,,,,,,,,,,,,,,,,,,,,0.1,0.1,0.1,,,,,,,,,,,,,,,,,,,,,,,,,,,,,,,,,,,,,,,,,
Murcia_hdbscan_5_5,58,7,-1.170800446927815,38.014418416529416,-1.1705233639029897,38.0141583,9.646870830182228e-06,725623.8964140635,0.001260167678544276,0.0023196397855351756,0.0009410019556970667,0.0010231493835974777,No,,,0.143,,,,,,,,,,0.143,,,,,,,,,,,,,,,,,,,,,,,,,,,,,,,,,,,,,,,,,,,,,,,,,,,,,,,,,0.429,,,,,,,,,,,,,,,,,,,,,,,,,,,,,,,,,,,,,,,,,,,,,,,,,,,,,,,,
Murcia_hdbscan_5_5,59,31,-1.170743808476207,38.02333938068157,-1.1706880084256854,38.02309873700528,5.6823031660679945e-05,545553.4330712451,0.0026491402934168363,0.005203721322093,0.0017121529412684258,0.0023042892795513657,No,,,,,,,,,,,,,,0.032,,,0.032,,,,,,,,,,,,,,,,,,,,,,,,,,,,,,,,,,,,,,,,,,,,,,,,,,,,,0.903,,,,,,,,,,,,,,,,,,,,,,,,,,,,,,,,,,,,,,,,,,,,,,,,,,,,,,,,
Murcia_hdbscan_5_5,60,11,-1.1102957355793635,38.0026926156762,-1.1102256,38.0023312,1.4227888464362292e-05,773129.4793006399,0.0012701289903823772,0.003353152830639122,0.0010775513757474047,0.0010587209916596855,Yes,,0.091,,0.091,,,,,,,,0.091,0.091,,,,,,,0.091,,,0.091,,,,,,,0.091,,0.182,,,,,,,,,,,,,,,,,,,,,,,,,,,,,,0.091,,,,,,,,,,,,,,,,,,,,,,,,0.091,,,,,,,,,,,,,,,,,,,,,,,,,,,,,,,,,,,,,,,,
Murcia_hdbscan_5_5,61,10,-1.116697248504558,38.0067862609862,-1.11653115,38.00687915,7.978285159981688e-06,1253402.178473018,0.0014640532209575941,0.0025637793961755246,0.0016130885037288969,0.0005851498891902183,Yes,,0.1,,0.2,0.2,,,,,0.1,,0.1,,,,,,,,,,,,,,,,,0.1,,,,,,,,,,,,,,,,,,,,,,,,,,,,,,,,,,,,,,,,,,,,,,,,,,,,,,,,,,,,,,,,,,,,,,,,,,,,,,,,,,,,,,,,,,,,,,,,,
Murcia_hdbscan_5_5,62,10,-1.158117064774059,37.94160790583574,-1.1579094118253734,37.94154857701956,3.872072189653076e-06,2582596.4781136904,0.0008069664347921028,0.0020175903893682183,0.0008410262363859851,0.00043557678966904973,Yes,,,,0.1,,,,,,,,,,,0.1,,,0.1,,,,,,,,,,,,,,,,,,,,,,,,,,,,,,,,,,,,0.1,,,,,,,,,,,,,,,,,,,,,,,,,,,,,,,,,0.1,,,,,,,,,,,,,,,,,,,,,,,,,,,,,,,,,,,,,,,
Murcia_hdbscan_5_5,63,30,-1.15784379698607,38.003794946775336,-1.15738345,38.0039136,4.100521707014774e-05,731614.2223727023,0.0017308141184498296,0.006720194397574363,0.0013620832754799928,0.0016538114516825514,Yes,0.033,,,0.067,,,,,,0.033,,0.033,0.033,,,,,,,,,,0.033,,,,,0.067,,,,,,,,,,,,,,,,,,,,0.033,,0.033,,,,,,,,,,,,,,,,,,,,,,,,,,,,,,,,,,,,,,,,,,,,,,,,,,,,,,,,,,,,,,,,,,,,,,,,,,,,
Murcia_hdbscan_5_5,64,7,-1.1605465857142858,37.935924042857145,-1.1605124,37.9357807,1.2026039999973581e-06,5820702.409118361,0.0005190234774848538,0.0007922714383561817,0.00042581302881687644,0.00035634166532737965,Yes,,,,,,,,,,,,0.143,,,0.143,,,,,,,,0.286,,,,,0.143,,,,,,,,,,,,,,,,,,,,,,,,,,,,,,,,,,,,,,,,,,,,,,,,,,,,,,,,,,,,0.143,,,,,,,,,,,,,,,,,,,,,,,,,,,,,,,,,,,,,,
Murcia_hdbscan_5_5,65,76,-1.1618399018772607,37.93990583785698,-1.1619377,37.94001915,2.602609618428634e-05,2920145.974327344,0.0013930100427197902,0.003816165088627489,0.0006816378975450181,0.001447229543221949,Yes,0.013,0.013,,0.013,0.013,,0.026,,,0.026,,0.013,0.066,0.092,0.039,0.013,0.013,,0.013,,,0.013,,,0.026,0.013,,0.026,,0.013,,0.026,,,,,,,,,0.013,,,0.039,,0.013,0.026,,,0.039,,,,0.053,0.013,,0.026,,,,,0.013,0.026,,,,,,0.013,,,,,,0.013,,,,,,,,,,,,0.013,,0.053,0.013,0.013,0.013,0.013,0.013,0.013,0.013,,,,,,,,,,,,,,,,,,,,,,,,,,,,,,
Murcia_hdbscan_5_5,66,28,-1.150372936021354,38.009658666386635,-1.15083479055865,38.009444849999994,6.15989733409782e-05,454553.0303728818,0.0027001295000898787,0.006185710442587317,0.001926669936710946,0.002177605029956583,Yes,0.036,0.071,,0.071,,,,,,,,0.071,0.036,,0.036,,0.036,,,,0.071,,,,,,,,0.107,,,,,,,,,,,,,,,,,,,,,,,,,,,,,,,,,,,,,,,,,,,,,,,,,,,,,,,,,,,,,,,,,,,,,,,,,,,,,,,,,,,,,,,,,,,,,,,,,
Murcia_hdbscan_5_5,67,7,-1.1280797437351704,37.96957689127634,-1.1280680403977739,37.9693968012341,2.5714263851631593e-06,2722224.5366965244,0.0006617137103328921,0.001452059125001397,0.0004298053936824945,0.0006280096601845852,Yes,0.143,0.143,,,,,,,,,,,,,,,,,,,,,,,,,,,,,,,,,,,,,,,,,,,,,,,,,,,,,,,,,0.286,,,,,,,,,,,,,,,,,,,,,,,,,,,,,,,,,,,,,,0.143,0.143,,,,,,,,,,,,,,,,,,,,,,,,,,,,
Murcia_hdbscan_5_5,68,6,-1.1417207086575973,37.981118745122025,-1.1417683263031535,37.98095547656386,4.486777402146404e-06,1337262.6859379506,0.0009173402907873759,0.0016969699541860167,0.0008886008933987179,0.0005665277482159529,No,,0.5,,,,,,,,,,0.167,,,,,,,,,,,,,,,,,,,,,,,,,,,,,,,,,,,,,,,,,,,,,,,,,,,,,,,,,,,,,,,,,,,,,,,,,,,,,,,,,,,,,,,,,,,,,,,,,,,,,,,,,,,,,,,,,,
Murcia_hdbscan_5_5,69,9,-1.1159401682855536,37.9967538558653,-1.1162481,37.9969975,1.0410761025169534e-05,864490.1153951365,0.0012394111007043914,0.0027008601086241607,0.0011605774156179256,0.0007640471457343934,Yes,,,,,,,,,,,,,,,,,,,,,,,0.222,,,,,,0.111,0.111,,,,,,,,,,,,,,,,,,,,,,,,,,,,,,,,,,,,,,,,,,,,,,,,,,,0.111,,,,,,,,,,,,,,,,,,0.111,0.111,,,,,,,,,,,,,,,,,,,,,,,,,,
Murcia_hdbscan_5_5,70,9,-1.1335326499476048,37.970549139373624,-1.1332445432355045,37.97043902069233,6.158363629166189e-06,1461427.1813011721,0.001233968778557948,0.002218896079142037,0.0012625139789984045,0.0004929843129282018,Yes,0.111,,,0.111,,,,,,,,,,,0.111,,,,,0.111,0.111,,,,,,,,,,,,,,,,,,,,,,,,,,,,,,,,,,,,,,,,,,,,,,,,,,,,,,,,,,,,,,,,,,,,,,,,,,,,,,,,,,,,,,,,,,,,,,,,,,,,,,,,,
Murcia_hdbscan_5_5,71,17,-1.135934533157333,37.97271843224317,-1.1359313,37.9727735,9.638944857309495e-06,1763678.5199687495,0.0011599758130197094,0.0021750654968270776,0.0009460454718358431,0.0009091214856847927,Yes,,,,,0.059,,0.059,,,,,,0.059,0.118,0.059,,,,,0.059,,,0.059,0.059,0.059,,,,0.059,0.059,,,,,,,,,,,,,,,,,,,,,,,,,,,,,,,,,,,,,,,,,,,,,,,,,,,,,,,,,,,,,,,,,,,,,,,0.059,0.059,,,,,,,,,,,,,,,,,,,,,,,,
Murcia_hdbscan_5_5,72,6,-1.1238696958472822,37.97158897271035,-1.1237232354421538,37.97149084512459,3.7796908483790433e-06,1587431.4171946517,0.0010001780388572772,0.0011999759693859773,0.0006959590542125278,0.0007472446032973839,No,,0.167,,,,,,,,,,,,,,,,,,,,,,,,,,,,,,,,,,,,,,,,,,,,,,,,,,,,,,,,,,,,,,,,,,,,,,,,,,,,,,,,,,,,,,,,,,,,,,,,,,,,,,,,,,,,,,,,,,,,,,,,,,,,
Murcia_hdbscan_5_5,73,15,-1.113743143796957,37.97722560781447,-1.1139081,37.97660976515533,1.2692591576353001e-05,1181791.7491291398,0.0012561863576729412,0.0029541273738385673,0.0009491745289744003,0.001056590827827127,Yes,,0.133,,0.067,0.067,,,,,0.067,,,,,,,,,,,,,0.067,,,,,0.133,,,,0.067,,,,,,,0.067,,,,,,,,,,,,,,,0.067,,,,,,,,,,,,,,0.067,,,,,,,,,,,,,,,,,,,,,,,,,,,,,,,,,,,0.067,,,,,,,,,,,,,,,,,,,,,,,
Murcia_hdbscan_5_5,74,8,-1.142437515993269,37.99393161496775,-1.142251,37.99399455,2.5457645303765474e-06,3142474.4529757076,0.0006566104352801449,0.001139773077675971,0.0005178159306553221,0.0004970485512112614,No,,0.125,,,,,,,,,,,,,,,,,,,,0.125,,,,,,,,,,,,,,0.125,,,,,,,,,,,,,,,,,,,,,,,0.125,,,,,,,,,,,,,,,,,,,,,,,,,,,,,,,,,,,,,,,,,,,,,0.125,,,,,,,,,,,,,,,,,,,,,,
Murcia_hdbscan_5_5,75,5,-1.1147667364668965,37.98893545944476,-1.1150064608220318,37.988862957872755,2.547484160203367e-06,1962720.7415495166,0.0007558712705800695,0.00119636661018333,0.0005053765898764208,0.0006583143545845551,Yes,,0.4,,0.2,,,,,,,,,,,,,,,,,,,,,,,,,0.2,,,,,,,,,,,,,,,,,,,,,,,,,,,,,,,,,,,,,,,,,,,,,,,,,,,,,,,,,,,,,,,,,,,,,,,,,,,,,,,,,,,,,,,,,,,,,,,,,
Murcia_hdbscan_5_5,76,6,-1.117805886646582,37.990964514300934,-1.1175804249999999,37.9910835429028,1.5552461744317636e-06,3857910.1486568227,0.0005786804758987328,0.0008819897064357383,0.0004643971140079184,0.0004109721032145599,Yes,,,,0.167,,,,,,,,,,,,,,,,,,,,,,,,,0.167,,,,,,,,,,,,,,,,,,,,,,,,,,,,,,,,,,,,,,,,,,,,,,,,,,,,,,,,,,,,,,,,,,,,,,,,,,,,0.167,,,,,,,,,,,,,,,,,,,,,
Murcia_hdbscan_5_5,77,8,-1.1412699943799214,37.987483934789886,-1.1411076029197904,37.98725445934369,3.168349528126969e-06,2524973.942735843,0.0008755519951142519,0.001120801903770139,0.0005664908423843745,0.0006949275174682769,No,0.125,,,,,,,,,,,,,,,,,,,,0.25,,,,,,,,,,,,,,,,,,,,,,,,,,,,,,,0.125,,,,,,,,,,,,,,,,,,,,,,,,,,,,,,,,,,,,,,,,,,,,,,,,,,,,,,,,,,,,,,,,,,,,,,,,,,
Murcia_hdbscan_5_5,78,6,-1.1358207051349487,37.99855882019944,-1.1358952,37.99852775536732,2.469071320238734e-06,2430063.4618443754,0.0007963555138102383,0.0015264006414831377,0.00031402458698231664,0.0008794024646500125,Yes,,0.167,,0.167,,,,,,,,,,0.167,,,,,,,,,,,,,,,,,,,,,,,,,,,,,,,,,,,,,,,,,,,,,,,,,,,,,,,,,,,,,,,,,,,,,,,,,,,,,,,,,,,,,,,,,,,,,,,,,,,,,,,,,,,,,,,,
Murcia_hdbscan_5_5,79,29,-1.120140320314753,37.976045065357816,-1.120074689032413,37.9759437521916,1.2877350824175878e-05,2252015.9927269774,0.001271014360298903,0.0021493184478043837,0.000998132570059734,0.0009460769358252339,Yes,0.069,0.103,,0.069,,,0.034,,,,,0.069,,,0.034,,,0.034,0.034,,0.069,,,,,,,0.034,,,,,,,,,,,,,,,,,,,0.034,,,,,,,,,,,,,,,0.034,,,,,,,,,,,,,,,,,,,,,,,,,,,,,,,,,,,,0.034,,,,,,,,0.034,,,,,,,,,,,,,,,,,,,,
Murcia_hdbscan_5_5,80,9,-1.1201472010602138,37.98093755662134,-1.1201985,37.9809518,3.7771732748594524e-06,2382734.215531822,0.000821095491596003,0.0016055130727844916,0.0007029490491036176,0.0005602310331498336,Yes,,,,,,,,,,,,0.333,,0.222,,,,,,,0.222,,,,,,,,,,,,,,,,,,,,,,,,,,,,,,,,,,,,,,,,,,,,,,,,,,0.111,,,,,,,,,,,,,,,,,,,,,,,,,,,,,,,,,,,,,,,,,,,,,,,,,,,,,,,
Murcia_hdbscan_5_5,81,5,-1.1191762552604465,37.98415653648122,-1.11931236788289,37.9840949,2.378223928164856e-06,2102409.256246204,0.0007707140843987214,0.001406919468663167,0.0003575337343763724,0.0008189596816641624,No,,0.2,,,,,,,,,,0.2,,0.2,0.2,,,,,,,,,,,,,,,,,,,,,,,,,,,,,,,,,,,,,,,,,,,,,,,,,,,,,,,,,,,,,,,,,,,,,,,,,,,,,,,,,,,,,,,,,,,,,,,,,,,,,,,,,,,,,,,
Murcia_hdbscan_5_5,82,6,-1.138613266051238,37.9987539242444,-1.138542,37.998674772733196,1.0438112499997863e-06,5748165.676506388,0.00045614889882277415,0.0008518172195818034,0.0004365463007941596,0.000250766670693449,Yes,,,,,,,,,,,,0.167,,,,,,,,,,,,,,,,0.167,,0.167,,,,,,,,,,,,,,,,,,,0.167,,,,,,,,,0.167,,,,,,,,,,,,,,,,,,,,,,,,,,,,,,,,,,,,,,,,,,,,,,,,,0.167,,,,,,,,,,,,,,,,,,,
Murcia_hdbscan_5_5,83,16,-1.134073108552668,37.97886570406807,-1.134064480427388,37.978841175,4.918488946093701e-06,3253031.606934344,0.0007624620628491664,0.0015997185321799529,0.0006258574159570987,0.000603727306246742,Yes,0.062,0.125,,,,,,,,,,,,,,,,,,,0.062,0.062,,,,,,,,0.062,,,0.062,,,0.062,,,,,,,,,,,,,,,,,,,,,,,0.062,,,,,,,,,,,,,,,,,,,,,,,,,,,,,,,,,,,,,,,,,,,,,,,,,0.062,,,,,,,,,,,,,,,,,,
Murcia_hdbscan_5_5,84,14,-1.1298913825623706,37.97581226069207,-1.1298248999999998,37.97576545053238,6.966966153694111e-06,2009482.9931930625,0.0013249857991006477,0.0028446372305918283,0.0014794439906257685,0.00042497156029855154,Yes,,0.071,,0.071,,,0.071,,,,,0.071,,,0.214,,,,,,,,,,,,,,,,,,,,,,,,,,,,,,,,,,,,,,,0.071,,,,,,,,,,,,,,,,,,,,,,,,,,,,,,,,,,,,,,,,,,,,,,,,,,,,,,,,,,,,,,,,,,,,,,,,
Murcia_hdbscan_5_5,85,16,-1.133935881590102,37.99565178035397,-1.133837825034283,37.99549238089443,5.219277602356413e-06,3065558.3433186766,0.0009499520977148635,0.0013884221080939728,0.0006694101990196448,0.0007373050536735869,Yes,0.125,,,,,,,,,,,0.188,0.062,,,,,,,0.062,,,,,,,,,,0.062,,,,,,,,,,,,,,,,,,,,,,0.062,,,,,,,,,,,,,,,,,,,,,,,,,,,,,,,,,,,,,,,,,,,,,,,,,,,,,,,,,,,,,,,,,,,,,,,,,,
Murcia_hdbscan_5_5,86,12,-1.12675055744067,37.97760986820424,-1.12682705,37.97774055922541,7.667413399990644e-06,1565064.95397974,0.0011605972265977481,0.0024335321090581258,0.0012795489746605727,0.0005042374085020663,Yes,,,,,,,0.083,,,0.083,,0.167,,0.333,0.083,,,,,,,,,,,,,,,0.083,,,,,,,,,,,,,,,,,,,,,,,,,,,,,,,,,,,,,,,,,,,,,,,,,,,,,,,,,,,,,,,,,,,,,,,,,,,,,,,,,,,,,,,,,,,,,,,,
Murcia_hdbscan_5_5,87,8,-1.12940458029414,37.97957671169783,-1.1293552211765598,37.9795358,2.2465655100006516e-06,3560991.19495415,0.0006419238685952102,0.0010645406516955106,0.0006049644465091985,0.0003914766358816954,Yes,0.125,0.125,,,,,,,,,,,,0.25,,,,,,,,,,,,,,,,0.125,,,,,,,,,,,,,,,,,,,,,,,,,,,,,,,,,,,,,,,,,,,,,,,,,,,,,,,,,,,,,,,,,,,,,,,,,0.125,,,,,,,,,,,,,,,,,,,,,,,
Murcia_hdbscan_5_5,88,6,-1.124163749418368,37.99650687808529,-1.1243930639548378,37.996602939416356,1.5624553099959863e-06,3840109.833295272,0.0006116592479429527,0.0011193672875739003,0.0004227349262798152,0.0005121633338689874,No,,0.167,,,,,,,,,,0.167,,,0.167,,,,,,0.167,,,,,,,,,,,,,,,,,,,,,,,,,,,,,,,,,,,,,,0.167,,,,,,,,,,,,,,,,,,,,,,,,,,,,,,,,,,,,,,,,,,,,,,,,,,,,,,,,,,,,,,,,,,,
Murcia_hdbscan_5_5,89,19,-1.1348937540955373,37.987402758501034,-1.1346127,37.9872178,9.908536575031773e-06,1917538.463538353,0.0009743509116845036,0.0025725004976961713,0.0009562402567872228,0.0006781165518144003,Yes,0.105,,,0.053,,,0.053,0.053,,,,0.053,,,,,,,,0.053,,,,,,,,,,0.053,,,,,,,,,,,,,,,,,,,,,,,,,,,,,,,,,,,,,,,,,,,,,,,,,,0.053,,,,,,,,,,,,,,,,,,,,,,,,,,,,,,,,,,,,,,,,,,,,,,
Murcia_hdbscan_5_5,90,51,-1.1226338123249286,37.99279880402444,-1.1226531,37.9926717,1.1708053997834821e-05,4355975.810278247,0.0010802105724543195,0.002405334661757848,0.0007399671049943888,0.0009389805913364616,Yes,,0.02,,0.039,,,0.02,0.02,,0.02,,0.039,0.02,0.078,0.02,,,,0.02,,0.039,,0.02,,,,,0.02,,,,,,,,,,,,,,,0.039,,,,,0.02,,0.118,,0.02,,,,,0.039,,,,,0.02,,,,,,,,,,,,,,,,,0.02,,,,,,,,,0.02,,,,,,,,,,,,,,,,0.02,,0.02,,,0.02,0.02,0.02,,,,,,,,,,,,,,,
Murcia_hdbscan_5_5,91,5,-1.12359584,37.989529499999996,-1.1236809,37.9895944,1.8786634999931072e-07,26614665.15966454,0.0003280112550210385,0.00045661726160781704,0.0003263246028114024,0.0001099707415627653,Yes,0.2,,,0.2,,,,,,,,,,,,,,,,,0.2,,,,,,,,,,,,,,,,,,,0.2,,0.2,,,,,0.2,,,,,,,,,,,,,,,,,,,,,,,,,,,,,,,,,,,,,,,,,,,,,,,,,,,,,,,,,,,,,,,,,,,,,,,,,,,,,,,
Murcia_hdbscan_5_5,92,14,-1.130942287613167,37.981444160029405,-1.13093075,37.98157615,2.9504808416848454e-06,4744989.291984498,0.0007330201646817055,0.0012686584637567739,0.0003675612055821193,0.0007235046060706739,No,,,,,,,,,,,,0.071,,0.143,0.071,,,,,,0.071,,,,0.071,,,0.071,,,,,,,,0.071,,,,,,,,,,,,,,,,,,,,,,,,,,,,,,,,,,,,,,,,,,,,,,,,,,,,,,,,,,,,,,,,,,,,,,,,,,,,,,,,,,,,,,,,,,
Murcia_hdbscan_5_5,93,21,-1.1307476987596803,37.99572360895081,-1.1307024,37.9955659,3.4086709799987238e-06,6160758.877352212,0.0007877070058421592,0.0016888836607891558,0.0003266722416137112,0.0008316865288239424,Yes,,,,0.095,,,0.048,,,,,0.095,,0.095,,0.048,,0.048,,,0.048,,,,,,,,,0.048,,0.048,,,,,,,,,,,0.048,0.048,,,,,,0.143,,,,,,,,,,,,,,,,,,,,,,0.048,,,,,,,,,,,,,,,,,,,,,,,,,,,,,,,,,,,,,,,,0.048,,,,,,,,,,,,,,
Murcia_hdbscan_5_5,94,7,-1.1256296285714285,37.99011932857143,-1.1254544,37.9902205,8.383048999975311e-07,8350183.805463401,0.0004243174566426034,0.0007903873328430595,0.0004280734340016568,0.00020605303557467535,Yes,,,,,,,0.143,,,,,,0.143,0.143,,,,,,,0.143,,,,,,,,,,,,,,,,,,,,,,,,,,,,,,,,,,,,,,,,,,,,,,,,,,,,,,,,,,,,,,,,,,0.143,,,,,,,,,,,,,,,,,,,,,,,,,,,,,,,,,,,,,,,
Murcia_hdbscan_5_5,95,5,-1.12593814,37.99180968,-1.1258903,37.9917343,7.233094799962818e-07,6912670.3551925,0.0003852392323993173,0.0005704701254225014,0.0003073766067871569,0.00028380385057207453,Yes,,,,,,,,,,,,,,0.2,,,,0.2,,,0.2,,,,,,,,,,,,,,,,,,,,,,,0.2,,,,,,,,,,,,,,,,,,,,,,,,,,,,,,,,,,,,,,,,,,,,,,,,,,,,,,,,,,,,,,,,,,,,,,,,,,,,,,,,,,
Murcia_hdbscan_5_5,96,15,-1.1331526733333335,37.98486504000001,-1.1331823,37.9848751,9.555344999969496e-07,15698020.322707223,0.0003542269408980351,0.0006826208037094415,0.0002796191444725211,0.00029823121857593696,Yes,,,,,,,,,,,,0.4,0.067,,0.067,,,,,0.2,,,,,,,,,,,,,,,,,,,,,,,,,,,,,,,,,,,,,,,,,,,,,,0.067,,,,,,,,,,,,,,,,,,,,,,,,,,,,,,,,,,,,,,,,,,,,,,,,,,,,,,,,,,,,
Murcia_hdbscan_5_5,97,11,-1.1320554,37.984117499999996,-1.1320073,37.98406,1.4531510399957369e-06,7569756.823098218,0.0005156293488405429,0.0009888458777794493,0.00022736907121559912,0.0005159016625802022,Yes,,,,0.182,,,,,,,,0.182,,0.273,0.091,,,,,,,,,,0.091,,,,,,,,,,,,,,,,,,,,,,0.091,,,,,,,,,,,,,,,,,,,,,,,,,,,,,,,,,,,,,,,,,,,,,,,,,,,,,,,,,,,,,,,,,,0.091,,,,,,,,,,,,,
Murcia_hdbscan_5_5,98,5,-1.12512282,37.98457674000001,-1.1251123,37.9846613,3.7491511999964907e-07,13336351.972160205,0.0003137662721918747,0.0005718184624518781,0.0003332211421863946,0.00014412553694562356,No,,,,,,,,,,,,0.4,0.2,,,,,,,0.2,,,,,,,,,,,,,,,,,,,,,,,,,,,,,,,,,,,,,,,,,,,,,,,,,,,,,,,,,,,,,,,,,,,,,,,,,,,,,,,,,,,,,,,,,,,,,,,,,,,,,,,,,,
Murcia_hdbscan_5_5,99,5,-1.1257399200000002,37.9836058,-1.1257837,37.9835955,2.1599404000145145e-07,23148786.883038074,0.00024126198973736606,0.00029360072615733585,0.00019703360525557788,0.00014273452280444285,No,,,,,,,,,,,,0.4,0.2,,,,,,,,,,,,,,,0.2,,,,,,,,,,,,,,,,,,,,,,,,,,,,,,,,,,,,,0.2,,,,,,,,,,,,,,,,,,,,,,,,,,,,,,,,,,,,,,,,,,,,,,,,,,,,,,,,,,,,,
Murcia_hdbscan_5_5,100,18,-1.1270377910425056,37.98307310238012,-1.1270855,37.9829206,1.468250080001989e-06,12259491.925228171,0.00044629048695137073,0.0012243908455441344,0.0002073856686193969,0.0004848202348792891,Yes,0.056,,,0.056,0.056,,,,,,,,0.056,0.111,,,,,,,,,,0.056,,,,,,,,,,,,,,,,,,,,0.056,,,,,,0.056,,,,,,,,,,,,,0.056,,,0.056,,,,0.056,,,,,,,,,,,,,,,,,,,0.056,,,,,,,0.056,,,,,,,,,,,,,,,,,,0.056,,,,,,,,,,,,
Murcia_hdbscan_5_5,101,13,-1.1272137615384614,37.98520216153847,-1.1272436,37.9852275,3.770687999988637e-07,34476466.89420916,0.0002240419038350456,0.0005361440842805586,0.00020631176012741239,0.00015274372976443041,Yes,0.077,,,,,,,,,0.154,,0.154,0.077,0.077,0.154,,,,,,,,,,,,,,,,,,,,,,,,,,,,,,,,,,,0.077,,,,,,,,,,,,,,,,,,,,,,,,,,,,,,,,,,,,,,,,,,,,,,0.077,,,,,,,0.077,,,,,,,,,0.077,,,,,,,,,,,,,,
Murcia_hdbscan_5_5,102,15,-1.1261457266666668,37.985523220000005,-1.126108,37.985522,3.380999999975039e-07,44365572.31621041,0.00025441599368308533,0.00043078907032593436,0.00025200974178703645,0.00012063676167167656,Yes,,,,,,,,,,,,0.267,0.333,,,,,,,,,,,,,,,0.2,,,,,,,,,,,,,,,,0.067,,,,,0.067,0.067,,,,,,,,,,,,,,,,,,,,,,,,,,,,,,,,,,,,,,,,,,,,,,,,,,,,,,,,,,,,,,,,,,,,,,,,,,,,
Murcia_hdbscan_5_5,103,12,-1.132805575,37.98957456666667,-1.13278565,37.9896229,4.7441418000031477e-07,25294353.55408651,0.00027389323715737375,0.0005237418273688781,0.0001678166614939836,0.00026845868500574414,Yes,,,,,,,,,,0.417,,,,0.167,,,,,,,,,,,,,,,,,,,,,,,,,,,,,,,,,,,,,,,,,,,,,,,,,,,,,,,,,,,,,,,,,,,,,,,,,,,0.083,,,,,,,,,,,,,,0.083,,,,,,,,,,,,0.083,0.083,,,,,,,,,,
Murcia_hdbscan_5_5,104,24,-1.1302228875,37.984184158333335,-1.13021145,37.984156549999994,7.212419999977764e-07,33275932.350132123,0.0003351995597743916,0.0008087896890161043,0.0003611918445836491,0.0001406699947763693,Yes,0.042,,,,0.042,,,,,0.125,,0.417,,,0.042,,,,,0.042,,,,,,,,,,,,,,,,,,,,,,,,0.042,,,,,,0.083,,,,,,,,,,,,,0.042,,,0.083,,,,,,,,,,,,,,,,,,,,,,,,,,,,,,,,,,,,,,,,,,,,,,,,,,,,,,,,,,,,
Murcia_hdbscan_5_5,105,22,-1.128142035725604,37.99013837569955,-1.128174742981645,37.99018553269508,4.2325406999938355e-07,51978236.145566285,0.0003323089554543356,0.000411664373792721,0.00025667361574817696,0.00022351131542695796,Yes,,,,,,,,,,0.091,,0.182,,0.045,,,,,,0.091,0.045,,,,,,,0.045,,,,,,,,,,,,0.045,,,0.045,,,,,,,0.045,,,,,,,0.045,0.045,,0.045,,0.045,,,,,,,0.136,,,,,,,,,,,,,,,,,,,,,,,,,,,,,,,,,,,,,,,,,,,,,,,,0.045,,,,,,,,,
Murcia_hdbscan_5_5,106,13,-1.132907175126445,37.99195884486819,-1.1328836,37.9919566,7.074210820651333e-07,18376608.118675027,0.00029967601289894745,0.0005414356468229132,0.00023907200776343462,0.00023380357639564032,Yes,,,,,,,,,,0.077,,0.077,,0.154,0.077,0.077,,,,,0.077,,,,,,,,,,,,,,,,,,,,0.077,,0.077,,,,,,,,,,,,,,,,,,,,,,,,,,,,0.077,,,,,,,,,,,,,,,,0.077,,,,,,,,,,,,,,,,,0.077,,,,,,,,,,,,,,,,,,,,,,
Murcia_hdbscan_5_5,107,35,-1.1269330828571429,37.993993474285716,-1.1268833,37.9940429,1.7761523999989566e-06,19705516.26089099,0.00047566582352362945,0.0009743098268339362,0.00027592551529684474,0.00046741363103942554,Yes,,,0.029,,,,0.029,,,0.057,,0.029,0.114,,0.029,,,,,,,,,,,,,0.086,,,,,,,,,,,,0.029,,,0.057,,,,0.029,0.029,0.029,0.171,,,,,,,0.029,,,,,,,,,,,,,,,,,,,,,,0.029,,,,,,,,,,0.029,,,,,,,,,,,,,,,,,,,,,,0.029,,,,,,,0.029,0.029,0.029,0.029,,,,,
Murcia_hdbscan_5_5,108,13,-1.1301702076923077,37.99071582307692,-1.1301437,37.9906851,6.427223999967311e-07,20226461.68869502,0.0002885636838217343,0.0005816310162424681,0.00015964383657445855,0.0002757340277920072,Yes,,,0.077,,,,,,,0.077,,0.231,0.154,0.077,,0.077,,,,,,,,,,,,0.077,,,,,,,,,,,,0.077,,,,,,,,,,,,,,,,,,,,,,,,,,,,,,,,,,,,,,,,,,,,,,,,,,,,,,,,,,,,,,,,,,,,,,,,0.077,,,,,,,,,,,,,,
Murcia_hdbscan_5_5,109,19,-1.1290126736842105,37.984888821052635,-1.1290336,37.9848781,4.226352500022913e-07,44956022.95335515,0.0002500544381647845,0.00047472064370867033,0.00010852339472304206,0.00026141540561699375,Yes,,,,,,,,,,0.053,,0.105,0.105,0.105,0.053,,,,,,,,,,,,,0.158,,,,,,,,,,,,,,,,,,,0.053,,,,,,,,,,,,,,,,0.053,,,0.105,,,0.053,,,,,,,,,,,,,,,,,,,,,,,,,,,,,,,,,,,,,,,0.053,,,,,,,,,,,,,,0.053,,,,
Murcia_hdbscan_5_5,110,42,-1.1296992761904763,37.98596963095238,-1.1296244500000001,37.98588595,1.572954240003196e-06,26701348.921577442,0.00043116978481115787,0.0009116189437859902,0.000398848864925238,0.00027041031739984567,Yes,0.048,,,,,,,,,0.214,,,0.024,0.048,0.024,,,,,,0.024,,,,,,,0.024,,,,,,,,,,,,,,,,,,0.167,0.024,,,,,,,,,,,,,,,,0.024,,,0.024,,,0.167,,,,,,,,,0.071,,,,,,,,,,,,,,,,,,,,,,,,,,,,,,,,,,,0.024,,,,,,,0.024,,0.048,,,,
Murcia_hdbscan_5_5,111,11,-1.1342297545454547,37.990461881818185,-1.1342139,37.9904395,7.610299899991668e-07,14454095.297889698,0.0003477801979237111,0.0008089221603341732,0.00019052956040582298,0.00034822285136814127,Yes,,,,,,,,,,,,0.091,0.091,0.364,,,,,,,,,,,,,,0.091,,,,,,,,,,,,,,,,0.091,,,,,,,,,,,,,,,,,,,,,,,,,,,,,,,,,,0.091,,,,,,,,,,,,,,,,,,,,,,,,,,,,0.091,,,,,,,,,,,,,,,,,,,,
Murcia_hdbscan_5_5,112,10,-1.13423829,37.99161673,-1.1342390500000001,37.99166305,5.164078399997597e-07,19364539.469433025,0.0002897712587460785,0.0006923991226147784,0.000336292154086286,0.0001238443058837257,Yes,,,,,,,0.1,,,,,,,0.1,,,,,,,,,,,,,,,,,,,,,,,,,,,,,0.2,,,0.1,,,,0.1,,,,,0.1,,,,,,,,,,,,,,,,,,,,,,,,,,,,,,,,,,,,,,,,,,,,,,,,,,,,,,,,,,,,,0.1,,,,,,,,,,
Murcia_hdbscan_5_5,113,10,-1.1295861,37.992752720000006,-1.12955375,37.99273645,4.7222100000191493e-07,21176525.397979863,0.00023202675957340984,0.000556758468635962,0.00018075677027431573,0.0002134024685897927,Yes,,,,0.2,,,,,,0.1,,0.1,0.1,0.1,,,,,,,,,,,,,,,,,,,,,,,,,,,,,0.1,0.1,,0.1,,,,,,,0.1,,,,,,,,,,,,,,,,,,,,,,,,,,,,,,,,,,,,,,,,,,,,,,,,,,,,,,,,,,,,,,,,,,,,,,,,,
Murcia_hdbscan_5_5,114,15,-1.1281581733333335,37.98728914666666,-1.1281024,37.9872879,5.957269500021414e-07,25179320.828017063,0.0002533834812084041,0.0005926685838011891,0.000224512269795853,0.00019065890963217705,Yes,0.133,,,,,,0.067,0.067,,,,0.133,0.267,,,,,,,,,,,,,,,,,,,,,,,,,,,,,,,0.067,,,,,0.067,,,,,,,,,,,,,,,,,,,,,,,,,,,,,,,,,,,,,,0.067,,0.067,,,,,,,,,,,,,,,,,,,,,,,,,,,,,,,,,,0.067,,,
Murcia_hdbscan_5_5,115,36,-1.1272297735170178,37.98860744411529,-1.12715705,37.9886165,1.3152708307248728e-06,27370788.706809275,0.0004007027829853737,0.000896606109081547,0.00017423602334517912,0.00042079761827980446,Yes,0.028,,,,,,,,,0.028,,0.083,0.083,,0.028,0.056,,0.028,,,,,,,,,,0.028,,,,,,,,,,,,,0.028,,,0.056,,0.028,0.056,,0.028,0.194,,,,,,,,,,,,,,,,,,,0.028,,,,,,,,,,0.028,,,,,,,,,,,,,,,,,0.028,,,,,,,,0.028,,,,,,,,,,,,,,,,,,,,0.028,,
Murcia_hdbscan_5_5,116,5,-1.1278447799999998,37.98802806,-1.1278329,37.9880443,5.627074999969041e-08,88856110.85737278,0.00014004448996987094,0.0002636862150311369,4.408289464178762e-05,0.00016180673162677667,No,,,,,,,,,,,,,0.4,,,,,,,0.2,,,,,,,,0.4,,,,,,,,,,,,,,,,,,,,,,,,,,,,,,,,,,,,,,,,,,,,,,,,,,,,,,,,,,,,,,,,,,,,,,,,,,,,,,,,,,,,,,,,,,,,,,,,,,
Murcia_hdbscan_5_5,117,9,-1.131007788888889,37.99127595555555,-1.1309528,37.9913019,2.0224670000018425e-07,44500108.03633286,0.0001820557452527355,0.00037930805698696947,0.00012940883916612577,0.0001564026435629406,Yes,,,,,,,,,,,,,,0.222,,,,,,,,,,,,,,,,,,,,,,,,,,,,,0.222,0.111,,,,,,0.111,,,,,,,,,,,,,,,,,,,,,,,,,,,,,,,,,,,,,,,,,,,,0.111,,,,,,,,,,,,,,,,,,,,,,,,,,,,,,,0.111,
Murcia_hdbscan_5_5,118,36,-1.1315921305555556,37.99019479444444,-1.13161095,37.99018805,1.8397619499990037e-06,19567748.968837786,0.00040856227435631085,0.000822492524024464,0.0002728729494954755,0.00037892961523533383,Yes,0.028,,,0.028,,,0.028,,,0.167,,0.028,,0.028,,0.028,,,,,0.028,,,,,,,0.028,,,,,,,,,,,,0.028,,,0.056,0.111,,0.056,0.028,,,,,,,,,,,,0.028,,,,0.028,,,,,,,,,,,,,,,0.028,,0.028,,,,,,,,,,0.028,,,,,,,,,,,,,,0.028,,,,,,,,,0.028,,0.056,,,,,,,,,,,0.028
Murcia_hdbscan_5_5,119,9,-1.1279783888888888,37.991771588888895,-1.1280273,37.9918154,2.052766800009627e-07,43843265.586513735,0.00021197415605616064,0.00040108882255629317,0.0002002801562503365,0.00011312431160640608,Yes,0.111,,0.111,,,,,,,,,0.222,0.111,,,,,,,,,,,,,,,0.111,,0.111,,,,,,,,,,,,,,,,,,,,0.111,,,,,,,,,,,,,,,,,,,,,,,,,,,,,,,,,,,,,,,,,,,,,,,,,,,,,,,,,,,,,,,,,,,,,,,,,,,,
Murcia_hdbscan_5_5,120,13,-1.1277238435897436,37.99330606666666,-1.1277984,37.9932263,4.818617399959064e-07,26978693.10003828,0.0003088720714954317,0.00046424039660360395,0.00016972064296053862,0.0002790610961502489,Yes,0.077,,,,,,,,,0.077,0.077,0.077,,,,,,,,,,,,,,,,,,,,,,,,,,,,0.077,,,,,,,,,,0.154,,,,,,,,,,,,,,,,,,,,,,,,,,,,,,,,,,,,,,,,,,,,,,,,,,,,,,,,0.077,,,,,,,,,,,,,,,,,,,,
Murcia_hdbscan_5_5,121,9,-1.128467111111111,37.992484600000004,-1.1284433,37.9924233,2.6930065000159024e-07,33419897.055379756,0.00020600668225022203,0.0004504991344303856,0.00012186068953652402,0.00020146440545841708,Yes,,,,0.111,,,0.111,,,,,,,0.111,,0.111,,,,,,,,0.111,,,,,,,,,,,,,,,,,0.111,,,,,,0.111,,,,,,,,,,,,,,,,,,,,,,,,,,,,,,,0.111,,,,,,,,,,,,,,,,,,,,,,,,,,,,,,,,,,,,,,,,,,,,,,,,
Murcia_hdbscan_5_5,122,19,-1.128796052631579,37.99349741052631,-1.1287773,37.9934822,7.338590000007942e-07,25890532.10491312,0.00029886451232946263,0.0007182667659706035,0.00019630299182216924,0.0002749186078490745,Yes,0.053,,,0.053,,,,0.105,,0.105,,0.053,,,0.053,0.053,,,0.053,,,,,,,,,,,,,,,,,,,,,0.053,,,,,,,,,,,,,0.053,,,,,,,,,,0.053,,,,,,0.053,,,,,,,,,0.053,,,,,,,,,,,,,,,,,,,,,,,,,0.053,,,,,,,,,,,,,,,,,,,,,,,0.053
