param_config,cluster_label,num_points,avg_lon,avg_lat,median_lon,median_lat,bounding_box_area,density,radius_avg,radius_max,std_lon,std_lat,has_shop,shop_rel_bakery,shop_rel_hairdresser,shop_rel_greengrocer,shop_rel_convenience,shop_rel_hardware,shop_rel_supermarket,shop_rel_butcher,shop_rel_bicycle,shop_rel_kiosk,shop_rel_travel_agency,shop_rel_florist,shop_rel_alcohol,shop_rel_seafood,shop_rel_computer,shop_rel_optician,shop_rel_jewelry,shop_rel_laundry,amenity_rel_pub,amenity_rel_bar,amenity_rel_restaurant,amenity_rel_bank,amenity_rel_post_box,amenity_rel_cafe,amenity_rel_pharmacy,amenity_rel_school,amenity_rel_community_centre,amenity_rel_fast_food,amenity_rel_dentist,amenity_rel_post_office,amenity_rel_veterinary,amenity_rel_library,amenity_rel_clinic,shop_rel_tobacco,shop_rel_repair,amenity_rel_theatre,amenity_rel_arts_centre,shop_rel_clothes,amenity_rel_college,amenity_rel_university,shop_rel_car_repair,shop_rel_beauty,shop_rel_storage_rental,amenity_rel_charging_station,amenity_rel_taxi,shop_rel_car,shop_rel_pet,shop_rel_variety_store,shop_rel_curtain,shop_rel_furniture,shop_rel_kitchen,amenity_rel_atm,shop_rel_interior_decoration,shop_rel_motorcycle,shop_rel_motorcycle_repair,shop_rel_yes,shop_rel_medical_supply,shop_rel_carpet,shop_rel_lighting,shop_rel_fabric,shop_rel_confectionery,shop_rel_newsagent,shop_rel_copyshop,shop_rel_video,amenity_rel_car_rental,shop_rel_sports,amenity_rel_hospital,shop_rel_video_games,shop_rel_massage,shop_rel_electronics,shop_rel_books,shop_rel_herbalist,amenity_rel_language_school,shop_rel_hearing_aids,shop_rel_farm,shop_rel_lottery,shop_rel_tyres,shop_rel_sewing,amenity_rel_doctors,shop_rel_shoes,shop_rel_cosmetics,shop_rel_mobile_phone,shop_rel_printer_ink,amenity_rel_biergarten,shop_rel_nutrition_supplements,shop_rel_locksmith,shop_rel_pawnbroker,shop_rel_erotic,shop_rel_mall,shop_rel_chemist,shop_rel_gift,shop_rel_ice_cream,shop_rel_wine,shop_rel_houseware,shop_rel_estate_agent,shop_rel_photo,shop_rel_hifi,shop_rel_frame,shop_rel_bathroom_furnishing,shop_rel_health_food,shop_rel_stationery,shop_rel_baby_goods,shop_rel_vacant,shop_rel_toys,shop_rel_tattoo,shop_rel_appliance,amenity_rel_parcel_locker,shop_rel_deli,shop_rel_paint,shop_rel_music,shop_rel_pastry,shop_rel_outdoor,shop_rel_second_hand,shop_rel_bag,shop_rel_craft,shop_rel_fashion_accessories,shop_rel_garden_centre,shop_rel_bed,shop_rel_tea,shop_rel_art,shop_rel_party,shop_rel_model,shop_rel_catalogue,shop_rel_wool,shop_rel_department_store,shop_rel_wigs,shop_rel_dry_cleaning,shop_rel_bookmaker,shop_rel_leather,shop_rel_skate,shop_rel_musical_instrument,shop_rel_cheese,shop_rel_antiques,shop_rel_esoteric,amenity_rel_ice_cream,shop_rel_pet_grooming,shop_rel_collector,shop_rel_tiles,amenity_rel_money_transfer,shop_rel_funeral_directors,shop_rel_tailor,shop_rel_perfumery,shop_rel_charity,shop_rel_printing,amenity_rel_bureau_de_change,shop_rel_spy,shop_rel_rental,shop_rel_hairdresser_supply,amenity_rel_bicycle_rental,shop_rel_food,shop_rel_shoe_repair,shop_rel_russian,shop_rel_car_parts
Bilbao_hdbscan_5_5,0,116,-2.972844005566284,43.275863959881484,-2.9729234809259695,43.27606725,6.663980267321553e-05,1740701.4328783986,0.001567163081381993,0.005618255568440534,0.0012319316984630887,0.001523705303220451,Yes,0.052,0.043,0.034,0.026,0.026,0.026,0.026,0.017,0.017,0.009,0.009,0.009,0.009,0.009,0.009,0.009,0.009,0.147,0.078,0.078,0.043,0.034,0.026,0.026,0.026,0.017,0.017,0.017,0.009,0.009,0.009,0.009,,,,,,,,,,,,,,,,,,,,,,,,,,,,,,,,,,,,,,,,,,,,,,,,,,,,,,,,,,,,,,,,,,,,,,,,,,,,,,,,,,,,,,,,,,,,,,,,,,,,,,,,,,,,,,,,,,,,,,,,
Bilbao_hdbscan_5_5,1,42,-2.924026711632481,43.24203474700124,-2.9245794,43.241941,2.553919662001083e-05,1644530.9782020147,0.0015933745835051668,0.0036459832504386423,0.0015055665763938578,0.0010129324689064194,Yes,,,0.024,,,0.071,0.024,,,,,,,,0.024,,,0.024,0.357,0.095,0.071,,0.048,0.048,0.048,,0.048,,,,0.024,0.024,,,,,,,,,,,,,,,,,,,,,,,,,,,,,,,,,,,,,,,,,,,,,,,,,,,,,,,,,,,,,,,,,,,,,,,,,,,,,,,,,,,,,,,,,,,,,,,,,,,,,,,,,,,,,,,,,,,,,,,,
Bilbao_hdbscan_5_5,2,10,-2.9625972167617762,43.26201972817596,-2.96263615,43.26200605,1.2206660654009099e-05,819224.8710310175,0.0010880627329135078,0.002359565109822878,0.0012093253480501224,0.0006151863577089069,Yes,,,,,,,,,,,,,,,,,,,0.3,,,,,0.1,,,,,,,,0.1,0.1,0.1,,,,,,,,,,,,,,,,,,,,,,,,,,,,,,,,,,,,,,,,,,,,,,,,,,,,,,,,,,,,,,,,,,,,,,,,,,,,,,,,,,,,,,,,,,,,,,,,,,,,,,,,,,,,,,,,,,,,,,
Bilbao_hdbscan_5_5,3,10,-2.960929551547612,43.267722029980945,-2.9605857028596585,43.2675905,6.026920848469151e-06,1659222.0557434428,0.0008443888561010388,0.002189897435035099,0.0008634693273565713,0.0005834713232007153,No,,,,,,,,,,,,,,,,,,,0.3,0.1,,0.1,,,,0.1,,,,,,,,,0.1,0.1,,,,,,,,,,,,,,,,,,,,,,,,,,,,,,,,,,,,,,,,,,,,,,,,,,,,,,,,,,,,,,,,,,,,,,,,,,,,,,,,,,,,,,,,,,,,,,,,,,,,,,,,,,,,,,,,,,,,
Bilbao_hdbscan_5_5,4,6,-2.9638305719974505,43.271602080636065,-2.9639111357987513,43.27175995,2.8121178400038833e-06,2133623.2481607934,0.0007706053036349615,0.00111076707660873,0.0006330112748281556,0.0005209161898618174,Yes,,,,,,,,,,,,,,,,,,,0.333,,,,,,,,,,,,,,,,,,0.167,0.167,0.167,,,,,,,,,,,,,,,,,,,,,,,,,,,,,,,,,,,,,,,,,,,,,,,,,,,,,,,,,,,,,,,,,,,,,,,,,,,,,,,,,,,,,,,,,,,,,,,,,,,,,,,,,,,,,,,,,
Bilbao_hdbscan_5_5,5,6,-2.9566793668878795,43.25661311110184,-2.957012376667903,43.25641101627187,6.892245805695788e-06,870543.5309694799,0.0013208328268629348,0.0017665791172777811,0.0010077138155117182,0.0009231453053732109,No,,,,,,,,,,,,,,,,,,,0.167,0.167,,,,,,0.167,,,,,,,,,,,,,,,,,,,,,,,,,,,,,,,,,,,,,,,,,,,,,,,,,,,,,,,,,,,,,,,,,,,,,,,,,,,,,,,,,,,,,,,,,,,,,,,,,,,,,,,,,,,,,,,,,,,,,,,,,,,,,,
Bilbao_hdbscan_5_5,6,10,-2.910823069961846,43.26474925354891,-2.9110616634097397,43.264891466017644,1.5117441898333334e-05,661487.5762216409,0.0018342564648560961,0.002788128369487068,0.0015852585748949164,0.0010354426895062704,Yes,,,,,,0.1,,,,,,,,,,,,,,0.1,0.1,,,0.1,0.1,,,,,,,,,,,,,0.1,,0.1,,,,,,,,,,,,,,,,,,,,,,,,,,,,,,,,,,,,,,,,,,,,,,,,,,,,,,,,,,,,,,,,,,,,,,,,,,,,,,,,,,,,,,,,,,,,,,,,,,,,,,,,,,,,,,,,
Bilbao_hdbscan_5_5,7,14,-2.896120802490376,43.26011173929522,-2.8962563,43.260283400000006,1.0467513067891503e-05,1337471.461386965,0.0009367628288723776,0.00283331417574076,0.000820150839499356,0.0008976890533383105,Yes,0.071,,0.071,,,,0.071,,,,,,,,,,,,0.429,,,,,0.071,,,,,,,,,,,,,,0.071,,,0.071,,,,,,,,,,,,,,,,,,,,,,,,,,,,,,,,,,,,,,,,,,,,,,,,,,,,,,,,,,,,,,,,,,,,,,,,,,,,,,,,,,,,,,,,,,,,,,,,,,,,,,,,,,,,,,,
Bilbao_hdbscan_5_5,8,12,-2.9328234614630175,43.2438581606041,-2.932719679160841,43.24359654179959,8.74960853808776e-06,1371489.9298366345,0.0010845816925828132,0.002240492223992595,0.0010723014467338128,0.0006638142448216284,Yes,,,,0.083,,,,,,,,,,,,,,,,0.083,,,,,0.083,,,,,,,,,,,,,,,,,0.167,0.167,,,,,,,,,,,,,,,,,,,,,,,,,,,,,,,,,,,,,,,,,,,,,,,,,,,,,,,,,,,,,,,,,,,,,,,,,,,,,,,,,,,,,,,,,,,,,,,,,,,,,,,,,,,,,
Bilbao_hdbscan_5_5,9,9,-2.900479108861308,43.25920370124518,-2.9006693,43.2592889,1.857689127779503e-05,484472.87898797716,0.00166360061796612,0.0030956484164848226,0.0012494548097025584,0.0013504559328033005,No,,,,,,,,,,,,,,,,,,,,,,,,0.111,0.222,0.222,,,,,,0.222,,,,,,,,,,,,0.111,,,,,,,,,,,,,,,,,,,,,,,,,,,,,,,,,,,,,,,,,,,,,,,,,,,,,,,,,,,,,,,,,,,,,,,,,,,,,,,,,,,,,,,,,,,,,,,,,,,,,,,,,,,,
Bilbao_hdbscan_5_5,10,9,-2.9037006329230195,43.248919571018746,-2.9035497,43.2485853,9.282431379904927e-06,969573.5558555975,0.0012202102198370143,0.0019291827157429824,0.0007510754212005791,0.0010816646118976966,Yes,,,,,,0.111,,,,,,,,,,,,,,,,,,0.111,,,0.111,,,,,,,,,,,,,,,0.111,0.222,,0.111,,,,,,,,,,,,,,,,,,,,,,,,,,,,,,,,,,,,,,,,,,,,,,,,,,,,,,,,,,,,,,,,,,,,,,,,,,,,,,,,,,,,,,,,,,,,,,,,,,,,,,,,,,,
Bilbao_hdbscan_5_5,11,10,-2.92248589,43.25071348,-2.92242185,43.2507686,2.0825999999979516e-06,4801690.194953345,0.0005492860628624533,0.0010761175244809538,0.0004645495440746922,0.0004237110897765927,Yes,,0.2,,0.1,,,,,,,,,,,,,,0.2,,,,,0.1,0.1,,,,,,,,,,,,,,,,0.1,,,,,,0.1,0.1,,,,,,,,,,,,,,,,,,,,,,,,,,,,,,,,,,,,,,,,,,,,,,,,,,,,,,,,,,,,,,,,,,,,,,,,,,,,,,,,,,,,,,,,,,,,,,,,,,,,,,,,,
Bilbao_hdbscan_5_5,12,13,-2.959115507490949,43.28062289552976,-2.9592692,43.2806881,3.2911243199936666e-06,3950017.907565709,0.000779561245523133,0.0014657054874153712,0.0004701672129203143,0.0007248045162542874,Yes,,,,,,,0.077,,,,,,,,,,,,0.231,,,0.077,,,,,,,,,,,,,,,,,,0.231,,,,,,,0.077,0.077,0.077,0.077,,,,,,,,,,,,,,,,,,,,,,,,,,,,,,,,,,,,,,,,,,,,,,,,,,,,,,,,,,,,,,,,,,,,,,,,,,,,,,,,,,,,,,,,,,,,,,,,,,,,,,
Bilbao_hdbscan_5_5,13,6,-2.9375207397149716,43.27093458527499,-2.93745375,43.2709679,1.6168264114053577e-06,3710973.520518356,0.0005325093083606514,0.0013002994610726761,0.0006806271196403939,0.0002406879100618149,No,,,,,,,,,,,,,,,,,,,,,0.333,,,,,,,,,,,,,,,,,,0.167,,,,,,,,,,,,0.333,,,,,,,,,,,,,,,,,,,,,,,,,,,,,,,,,,,,,,,,,,,,,,,,,,,,,,,,,,,,,,,,,,,,,,,,,,,,,,,,,,,,,,,,,,,,,,,,,,,,,
Bilbao_hdbscan_5_5,14,7,-2.9583709714285717,43.274193471428575,-2.9584185,43.2742221,3.5964683999892384e-07,19463538.175452746,0.000209695841986221,0.0006258087705895856,0.0002971351290203482,9.914777879906391e-05,Yes,0.143,,,0.143,,0.143,,,,0.143,,,,,,,,,,,,,0.286,,,,,,,,,,,,,,,,0.143,,,,,,,,,,,,,,,,,,,,,,,,,,,,,,,,,,,,,,,,,,,,,,,,,,,,,,,,,,,,,,,,,,,,,,,,,,,,,,,,,,,,,,,,,,,,,,,,,,,,,,,,,,,,,,,,,
Bilbao_hdbscan_5_5,15,13,-2.9568614166550047,43.2753736500633,-2.9567878,43.275320150822914,8.288431199997824e-07,15684512.166793896,0.0004011408661106234,0.0007153305117924598,0.00022306961346454606,0.0003770969301987964,Yes,0.077,0.154,,,,,,,0.077,,,,,,,,,0.077,0.077,0.077,,,0.385,0.077,,,,,,,,,,,,,,,,,,,,,,,,,,,,,,,,,,,,,,,,,,,,,,,,,,,,,,,,,,,,,,,,,,,,,,,,,,,,,,,,,,,,,,,,,,,,,,,,,,,,,,,,,,,,,,,,,,,,,,,,,,,,,,,,
Bilbao_hdbscan_5_5,16,14,-2.9573370785714284,43.27660398571428,-2.95729915,43.2766521,1.7660112000039767e-06,7927469.542644166,0.0007067028591171326,0.0011845349892082792,0.0007398178242731878,0.00021913276750856457,Yes,0.071,0.071,,,,0.071,,,,,,,,,,,,0.071,,0.214,0.143,,0.286,,,,,,,,,,,,,,,,,,,,,,0.071,,,,,,,,,,,,,,,,,,,,,,,,,,,,,,,,,,,,,,,,,,,,,,,,,,,,,,,,,,,,,,,,,,,,,,,,,,,,,,,,,,,,,,,,,,,,,,,,,,,,,,,,,,,
Bilbao_hdbscan_5_5,17,5,-2.947035356882311,43.27433516379124,-2.947036,43.2745288,1.1385689087233944e-06,4391477.724089784,0.0005344457794171522,0.0008567321987746552,0.0003343039415132786,0.000464166642282799,No,,,,,,,,,,,,,,,,,,,,,,0.2,0.2,0.2,,,,,,,,,,,,,,,,,,,,,,,,,,,,,,,,,,,,,,,,,,,,,,,,,,,,,,,,,,,,,,,,,,,,,,,,,,,,,,,,,,,,,,,,,,,,,,,,,,,,,,,,,,,,,,,,,,,,,,,,,,,,,,,,
Bilbao_hdbscan_5_5,18,8,-2.9618736875000002,43.276421524999996,-2.9619658,43.2764728,5.242962399966145e-07,15258549.250804579,0.00034114574789298046,0.0005995801037207576,0.00028308267978412454,0.00022378308554107257,Yes,,,0.125,0.25,,0.125,,,,,,,,,,,,,0.5,,,,,,,,,,,,,,,,,,,,,,,,,,,,,,,,,,,,,,,,,,,,,,,,,,,,,,,,,,,,,,,,,,,,,,,,,,,,,,,,,,,,,,,,,,,,,,,,,,,,,,,,,,,,,,,,,,,,,,,,,,,,,,,,,,,,,
Bilbao_hdbscan_5_5,19,8,-2.96276295,43.280967525,-2.9627644,43.28096945,7.006564199971795e-07,11417864.40782517,0.0003015017159702435,0.0006440803157386735,0.00020089227834839963,0.00030100052636887004,Yes,,,0.125,,,,,,,,,,,,,,,,0.125,,0.125,,0.25,,,,,,,,0.125,,,,,,0.125,,,,,,,,,,,,0.125,,,,,,,,,,,,,,,,,,,,,,,,,,,,,,,,,,,,,,,,,,,,,,,,,,,,,,,,,,,,,,,,,,,,,,,,,,,,,,,,,,,,,,,,,,,,,,,,,,,,,,,
Bilbao_hdbscan_5_5,20,11,-2.9101081707718475,43.2473201400722,-2.9102532,43.2473027,8.428933369118553e-06,1305028.7050911062,0.0009443151674583671,0.002290979174033397,0.0007831246237027245,0.0007599515191619678,Yes,,,,,,0.091,,,,,,,,,,,,,,0.091,,,,,,,,,,,,0.091,,,,,,,,0.182,,0.091,,,,,,,,,,0.091,0.091,0.091,,,,,,,,,,,,,,,,,,,,,,,,,,,,,,,,,,,,,,,,,,,,,,,,,,,,,,,,,,,,,,,,,,,,,,,,,,,,,,,,,,,,,,,,,,,,,,,,,,
Bilbao_hdbscan_5_5,21,6,-2.94789675,43.25162191666667,-2.94781035,43.2515307,7.858327800004332e-07,7635212.163072011,0.00041425551251667524,0.0006911712591242744,0.0003480496169130778,0.00028104260303853714,Yes,0.167,,,,0.167,,,,,,,,,,,,,,,,,,0.167,0.167,,,,,,,0.167,,,,,,,,,,,,,,,,,,,,,,0.167,,,,,,,,,,,,,,,,,,,,,,,,,,,,,,,,,,,,,,,,,,,,,,,,,,,,,,,,,,,,,,,,,,,,,,,,,,,,,,,,,,,,,,,,,,,,,,,,,,,
Bilbao_hdbscan_5_5,22,6,-2.9172624500000004,43.2604365,-2.9172781,43.26045595,3.794874499991397e-07,15810799.540310495,0.0003509606912968011,0.00045192795056512376,0.00019586188798909404,0.0002975475760272566,Yes,,,,0.167,,,,,,,,,,,,,,,0.333,,0.167,,0.167,0.167,,,,,,,,,,,,,,,,,,,,,,,,,,,,,,,,,,,,,,,,,,,,,,,,,,,,,,,,,,,,,,,,,,,,,,,,,,,,,,,,,,,,,,,,,,,,,,,,,,,,,,,,,,,,,,,,,,,,,,,,,,,,,,,,
Bilbao_hdbscan_5_5,23,14,-2.9193942713399323,43.25018670258088,-2.9196422349886584,43.25017076180855,4.933989667401508e-06,2837460.340157769,0.0007769834691277157,0.0016576050898666937,0.0006683793839961236,0.0005647613809738953,No,,,,,,,,,,,,,,,,,,,,,,,,0.071,,,,,,,,0.071,,,,,,,,,,,,,,,,,,,,,,,,,,,,,,,,,,,,,,,,,,,,,,,,,,,,,,,,,,,,,,,,,,,,,,,,,,,,,,,,,,,,,,,,,,,,,,,,,,,,,,,,,,,,,,,,,,,,,,,,
Bilbao_hdbscan_5_5,24,27,-2.961523711111111,43.278815833333326,-2.9615006,43.2787561,1.9447934000023206e-06,13883222.76287434,0.0004370985864920747,0.0010508299540659782,0.0002807780385172441,0.0004410263652154713,Yes,,,,,,,,,,0.037,0.037,,,,,,,,0.037,,,,0.148,0.037,,,,,0.037,,,,,,,,0.222,,,,,,,,,0.037,,,,0.037,,,,,0.074,0.074,0.037,0.037,,,,,,,,,,,,,,,,,,,,,,,,,,,,,,,,,,,,,,,,,,,,,,,,,,,,,,,,,,,,,,,,,,,,,,,,,,,,,,,,,,,,,,,,,,,,,,
Bilbao_hdbscan_5_5,25,8,-2.960787575,43.2774976125,-2.96084695,43.27749545,3.972295999978051e-07,20139486.080705475,0.00022047907304791517,0.0005898173177180695,0.0002179489031287883,0.00017441554859963352,Yes,,,,,,,,,,,,,,,0.125,0.125,,,,,0.125,,0.125,0.125,,,,,,,,,,,,,,,,,,,,,,,,,,,0.125,,,,,,,,0.125,0.125,,,,,,,,,,,,,,,,,,,,,,,,,,,,,,,,,,,,,,,,,,,,,,,,,,,,,,,,,,,,,,,,,,,,,,,,,,,,,,,,,,,,,,,,,,,,
Bilbao_hdbscan_5_5,26,5,-2.9597567600000003,43.277218780000005,-2.9596962,43.2771846,1.3289093999921913e-07,37624837.329236895,0.00017012525290082276,0.00025938450994463164,0.0001377242549443696,0.00012135591291704263,No,,,,,,,,,,,,,,,,,,,0.6,,0.2,,,,,,,,,,,,,,,,,,,,,,,,,,,,,,,,,,,,,,,,,,,,,,,,,,,,,,,,,,,,,,,,,,,,,,,,,,,,,,,,,,,,,,,,,,,,,,,,,,,,,,,,,,,,,,,,,,,,,,,,,,,,,,,,,,,
Bilbao_hdbscan_5_5,27,13,-2.946318161538462,43.25081209230769,-2.9463441,43.25089,4.900390999970608e-07,26528495.379405383,0.00024138779545328676,0.0006462532963712375,0.00012735045853841192,0.0002711978030922508,Yes,,0.231,,,,0.077,,,,,,,,,,,,,0.692,,,,,,,,,,,,,,,,,,,,,,,,,,,,,,,,,,,,,,,,,,,,,,,,,,,,,,,,,,,,,,,,,,,,,,,,,,,,,,,,,,,,,,,,,,,,,,,,,,,,,,,,,,,,,,,,,,,,,,,,,,,,,,,,,,,,,
Bilbao_hdbscan_5_5,28,10,-2.9464961899999995,43.24946578,-2.946529,43.2494625,4.5579723000056196e-07,21939580.457712896,0.00028640060665815895,0.00060068949591249,0.00031346689282919657,0.00012414305296679285,Yes,0.1,,,,,0.1,,,,,,,,,,,,,0.8,,,,,,,,,,,,,,,,,,,,,,,,,,,,,,,,,,,,,,,,,,,,,,,,,,,,,,,,,,,,,,,,,,,,,,,,,,,,,,,,,,,,,,,,,,,,,,,,,,,,,,,,,,,,,,,,,,,,,,,,,,,,,,,,,,,,,
Bilbao_hdbscan_5_5,29,18,-2.9445808270119356,43.25193716372279,-2.94460845,43.2519214,1.394434605162451e-06,12908457.616700504,0.0003693414288792142,0.0010193093043898902,0.0003210152540655086,0.00028987638455130904,Yes,,0.056,,,,0.056,0.056,,,,,,,,,,0.056,,0.278,0.111,0.278,,,,,,,,,,,0.056,,,,,,,,,,,,,,,,,,,,,,,,,,,,,,,,,,,,,,,,,,,,,,,,,,,,,,,,,,,,,,,,,,,,,,,,,,,,,,,,,,,,,,,,,,,,,,,,,,,,,,,,,,,,,,,,,,,,,,,,
Bilbao_hdbscan_5_5,30,12,-2.945724633333333,43.253133166666665,-2.94570665,43.2530752,8.341500000003805e-07,14385901.816213543,0.0003604435610606831,0.0006075420003764199,0.00023100076238449414,0.0003132872067108041,Yes,,0.167,0.083,,,0.167,0.083,,,,,,,,,,,,0.083,,,,0.083,0.083,,0.083,,,,,,,,,,,,,,,,,,,,,,,,,,,,,,,,,,,,,,,,,,,,,,,,,,,,,,,,,,,,,,,,,,,,,,,,,,,,,,,,,,,,,,,,,,,,,,,,,,,,,,,,,,,,,,,,,,,,,,,,,,,,,,
Bilbao_hdbscan_5_5,31,29,-2.9178164373882973,43.266887842959825,-2.917798426247246,43.2666805,8.507650223600091e-06,3408696.789103347,0.0009554213397611385,0.0020676581269281507,0.0006894059594569031,0.0008159563087705116,Yes,0.069,0.034,,,,0.138,,,,,,,,,,0.034,,,0.138,0.069,0.103,0.069,0.034,0.034,,,,0.034,,,,,,,,,,,,,,,,,,,,,,,,,,,,,,,,,0.034,0.034,,,,,,,,,,,,,,,,,,,,,,,,,,,,,,,,,,,,,,,,,,,,,,,,,,,,,,,,,,,,,,,,,,,,,,,,,,,,,,,,,,,,,,,,,,
Bilbao_hdbscan_5_5,32,9,-2.9502735999999996,43.25755304444445,-2.950413,43.2576311,1.8247311200029836e-06,4932233.522704038,0.0005436905582678972,0.0009781433789370197,0.00046464785471247977,0.0003952254324686211,Yes,0.111,,,,,0.111,,,,,,,,,,,0.111,,0.111,,0.222,0.111,,0.111,,,,,,,,,,,,,,,,,0.111,,,,,,,,,,,,,,,,,,,,,,,,,,,,,,,,,,,,,,,,,,,,,,,,,,,,,,,,,,,,,,,,,,,,,,,,,,,,,,,,,,,,,,,,,,,,,,,,,,,,,,,,,,,,,,,
Bilbao_hdbscan_5_5,33,15,-2.9276736327022754,43.248861507528964,-2.9275275,43.2490381,5.357914499993606e-06,2799596.746088035,0.0008512478476792798,0.0014376854071160871,0.0006996874041398913,0.0005613784127911504,Yes,,0.133,,,,0.133,,,,,,,,,,,,0.067,0.133,0.067,,,,0.067,,,,,,,,,,,,,,,,,,,0.067,,,,,,,,0.067,,,,,,,,,,,,0.067,,,,,,,,,,,,,,,,,,,,,,,,,,,,,,,,,,,,,,,,,,,,,,,,,,,,,,,,,,,,,,,,,,,,,,,,,,,,,,,,,,,,,,,,,
Bilbao_hdbscan_5_5,34,6,-2.950109233333333,43.26079015,-2.9501641999999997,43.260776750000005,6.613937200015144e-07,9071752.299048534,0.00038796859847987035,0.0006379438248103643,0.00026374570244004956,0.0003115054988819638,No,,,,,,,,,,,,,,,,,,,,0.167,,,0.167,,,,,,,,,,,,,,,,,,,,,,,,,,,,,,,,,,,,,,,,,0.167,,,,,,,,,,,,,,,,,,,,,,,,,,,,,,,,,,,,,,,,,,,,,,,,,,,,,,,,,,,,,,,,,,,,,,,,,,,,,,,,,,,,,,,,
Bilbao_hdbscan_5_5,35,7,-2.949639271428571,43.26840692857143,-2.9496219,43.2682808,2.451902600001357e-07,28549258.03331717,0.00027429276833188437,0.0003351977585647291,0.00018583277209278354,0.00021162865532495844,Yes,,,,,,,,,,,,,,,,,,,,,,,,,,,,,,,,,,,,0.143,,,,0.143,,,,,0.143,,,,,,,,0.286,,,,,,,,,,,,0.143,,,,,,,,,,,,,,,,,,,,,,,,,,,,,,,,,,,,,,,,,,,,,,,,,,,,,,,,,,,,,,,,,,,,,,,,,,,,,,,,,,,,,,,
Bilbao_hdbscan_5_5,36,10,-2.9148265448186264,43.259121074477946,-2.9147413,43.2591639,2.26757648691157e-06,4409994.57249619,0.0006408267433879076,0.0011020631354219865,0.00038912694557446877,0.0005830821255733426,No,,,,,,,,,,,,,,,,,,,0.2,,,,0.1,,,,,,,,,0.2,,,,,,,,,,,0.1,,,,,,,,,,,,,,,,,,,,,,,0.1,,,,,,,,,,,,,,,,,,,,,,,,,,,,,,,,,,,,,,,,,,,,,,,,,,,,,,,,,,,,,,,,,,,,,,,,,,,,,,,,,,,,,,
Bilbao_hdbscan_5_5,37,33,-2.9158133914391087,43.26251150032186,-2.9158721,43.2624662,7.7529264400045e-06,4256457.255897922,0.0008988931399862083,0.0019816543323784614,0.0006371411677253983,0.0008313994252571886,Yes,0.03,0.03,0.03,,,0.061,0.03,,,,,,,,,0.03,,,0.061,,0.061,0.03,0.152,0.061,,,,,,0.03,,0.03,,,,,,,,,,,,0.03,,0.03,,,0.061,0.03,,,,,,,,,,,,,,,,,,,,,,,,,,,,,,,,,,,,,,,,,,,,,,,,,,,,,,,,,,,,,,,,,,,,,,,,,,,,,,,,,,,,,,,,,,,,,,,,,,,,,,
Bilbao_hdbscan_5_5,38,45,-2.9312990181491587,43.24925526112521,-2.9313208,43.2495015,1.9260669739996946e-05,2336367.354171098,0.0016967748359234499,0.003231993266180653,0.0008131335158640373,0.0016669128021353653,Yes,0.022,0.067,0.022,,0.022,0.022,0.067,,,,,,0.022,,,,,0.044,0.089,0.067,0.044,0.022,0.022,0.044,0.067,,0.111,,,,,,,,,,,,,0.022,,,,,,,,,,,,,,,0.089,,,,,,,,,,,,0.044,,,,,,,,,,,,,,,,,,,,,,,,,,,,,,,,,,,,,,,,,,,,,,,,,,,,,,,,,,,,,,,,,,,,,,,,,,,,,,,,,,,,,
Bilbao_hdbscan_5_5,39,8,-2.9340398125,43.250948125,-2.93404365,43.25093165,1.4062671999953233e-07,56888193.08326757,0.0001874257249411516,0.0003735219381515918,7.032240819066167e-05,0.00020498335755573613,Yes,,0.125,,,,0.125,0.125,,,,,,,,,,,,0.25,,0.125,,,,,,,,,,,0.125,,,,,,,,,,,,,,,,,,,,,,,,,,,,,,,,,,,,0.125,,,,,,,,,,,,,,,,,,,,,,,,,,,,,,,,,,,,,,,,,,,,,,,,,,,,,,,,,,,,,,,,,,,,,,,,,,,,,,,,,,,,
Bilbao_hdbscan_5_5,40,17,-2.9337459705882356,43.24885174117647,-2.9336983,43.2486962,1.9660190399971065e-06,8646915.240467366,0.0006106274203513665,0.000997880852353385,0.0003042124988047718,0.0005940427663936221,Yes,0.059,,0.059,,,,0.059,,,,,,,0.059,,,,,0.059,,0.118,,0.118,0.059,,,,,,,0.059,,,,,,,,,,,,,,,,,,,,,,,,,,0.059,,,0.059,,,,,,,,,0.118,0.059,,,,,,,,,,,,,,,,,,,,,,,,,,,,,,,,,,,,,,,,,,,,,,,,,,,,,,,,,,,,,,,,,,,,,,,,,,,,,,,,,,
Bilbao_hdbscan_5_5,41,8,-2.9122866,43.250255775,-2.91233545,43.25039655,2.544455689995021e-06,3144090.9077161625,0.0006718004719398794,0.0012196786526062948,0.00041783904795990117,0.0006327176260969851,Yes,0.125,,,,,,,,,,,,,,,,,,,,,,,0.125,,,,,,,,,,,,,,,,,,,,,,,,,,,,,,,,,,,,,,0.125,,,,,,,,0.25,0.125,0.125,,,,,,,,,,,,,,,,,,,,,,,,,,,,,,,,,,,,,,,,,,,,,,,,,,,,,,,,,,,,,,,,,,,,,,,,,,,,,,,,
Bilbao_hdbscan_5_5,42,15,-2.9471097534373443,43.26901805422259,-2.9471057,43.2691279,6.495138651484079e-07,23094195.220255442,0.0002778003933483295,0.0006058898994666737,0.00016107851187456876,0.00027760822539192224,Yes,,,,,,,,0.067,,,,,,,,,,,,,,,0.067,,,0.067,0.067,,,,,,,,,,,,,,,,,,,,,,,,,,,,,,,,,0.067,,,,,,,,,,,,,0.067,0.067,,,,,,,,,,,,,,,,,,,,,,,,,,,,,,,,,,,,,,,,,,,,,,,,,,,,,,,,,,,,,,,,,,,,,,,,,,,,,,
Bilbao_hdbscan_5_5,43,6,-2.93640985,43.251085366666665,-2.93626185,43.2510543,6.834187799994984e-07,8779389.995698398,0.00033532869333431376,0.0008328160502855136,0.00037318394369708203,0.00018682168563141454,Yes,0.167,,0.167,,,,,,,,,,,,,,,,0.167,,,,,,,,,,,,,,0.167,,,,,,,,,,,,,,,,,,,,,,,,,,,0.167,,,,,,,,,,,,,,,,,,,,,,,,,,,,,,,,,,,,,,,,,,,,,,,,,,,,,,,,,,,,,,,,,,,,,,,,,,,,,,,,,,,,,,,,,,,,
Bilbao_hdbscan_5_5,44,47,-2.938114336170213,43.25251224468086,-2.9382256,43.2524161,3.340400699995302e-06,14070168.288512843,0.0006315725555226166,0.0013197527060804053,0.0004163888620465402,0.000539833484100821,Yes,0.043,,0.064,,0.021,0.021,0.043,,,,,,,,,0.021,0.021,0.021,0.277,,0.043,0.021,,0.021,,0.021,,0.021,,0.021,,,,,,,,,,0.085,0.021,,,,,,,0.021,,0.043,,,0.021,,,,,,,0.021,,,,,,,,,0.021,,,,,,0.021,,,,,,,,,,,,,,,,,,,,,,,,,,,,,,,,,,,,,,,,,,,,,,,,,,,,,,,,,,,,,,,,,,,,,,,,,,,,,
Bilbao_hdbscan_5_5,45,5,-2.939644569412281,43.25502016940187,-2.939627,43.2551263,8.962664850124462e-07,5578697.94710729,0.0004330572838603502,0.0006865562433596826,0.00039759735224105156,0.0002828522331807466,Yes,,0.2,,,,,,,,,,,,,,,,,0.2,,,,,,,,,0.2,,,,,,,,,,,,,,,,,,0.2,,,,,,,,,,,,,,,,,,,,,,,,,,,,,,,,,,,,,,,,,,,,,,,,,,,,,,,,,,,,,,,,,,,,,,,,,,,,,,,,,,,,,,,,,,,,,,,,,,,,,,,,,,
Bilbao_hdbscan_5_5,46,20,-2.9507003800000002,43.26969668500001,-2.95058715,43.269761,1.3350341400029804e-06,14980890.301393604,0.0005469202491841801,0.00103101005747916,0.0005827218398172816,0.00019001823142747207,Yes,0.05,,0.1,,,0.05,0.05,,0.05,,,,0.05,,,,,,0.15,0.05,,,0.05,0.05,,,,,,,,,,,,0.05,,,,0.05,,,,,0.05,,,,0.05,,,,,,,,,,,0.05,,,,,,,,,,0.05,,,,,,0.05,,,,,,,,,,,,,,,,,,,,,,,,,,,,,,,,,,,,,,,,,,,,,,,,,,,,,,,,,,,,,,,,,,,,,,,,,,,,
Bilbao_hdbscan_5_5,47,5,-2.9414218,43.25534098,-2.941283,43.2552634,3.3535684000252504e-07,14909491.632740675,0.00033572398410523254,0.00045028145242849405,0.00029508231393975294,0.00018391401686796512,Yes,,0.2,,,,,,,,,,,,,,,,,,0.2,,,0.4,,,,,,,,,,,,,,,,,,,,,,,,,,,,,,,,,,,,,0.2,,,,,,,,,,,,,,,,,,,,,,,,,,,,,,,,,,,,,,,,,,,,,,,,,,,,,,,,,,,,,,,,,,,,,,,,,,,,,,,,,,,,,,,,,,,,
Bilbao_hdbscan_5_5,48,29,-2.946148365517241,43.27012687931034,-2.946147,43.2701794,1.13414016000131e-06,25570031.838010658,0.0004918775356539884,0.0009761579296832803,0.0005365423454547843,0.00014185694197291166,Yes,,0.034,0.103,,,0.034,,,,0.034,,,0.034,,,,,,0.241,0.103,,,,0.069,,,,,,,,0.034,,,,,0.034,,,,0.034,,,,,0.034,,,,,,0.034,,,0.034,,,,,,,,,,,,,,,,,,,,,,0.034,0.034,,,,,,,,,,,,,,,,,,,,,,,,,,,,,,,,,,,,,,,,,,,,,,,,,,,,,,,,,,,,,,,,,,,,,,,,,,
Bilbao_hdbscan_5_5,49,9,-2.947191177777778,43.271066499999996,-2.9472128,43.2711636,7.152414999805668e-08,125831624.70640379,0.00014466395026372698,0.00019909779965482507,9.923337003448462e-05,0.00011089779078040632,Yes,,,0.111,,,,,,,,,,,,,,,0.333,0.111,,,,,,,,,,,,,,,,,,0.111,,,,,,,,,,,,,,,,,,,,,,,,,,,,,,,,,0.111,,,,,,,,,0.111,0.111,,,,,,,,,,,,,,,,,,,,,,,,,,,,,,,,,,,,,,,,,,,,,,,,,,,,,,,,,,,,,,,,,,,,,,,,
Bilbao_hdbscan_5_5,50,12,-2.9453929916666666,43.27110918333333,-2.9453823,43.27118745,1.6068380000182157e-07,74680832.79001345,0.00018098524577162253,0.00034646826504185023,0.00017119905791376574,0.00010115555540243006,Yes,0.167,,,,,,,,,,,,,,,,,,,,0.083,,0.167,,,,,,,,,,,,,,,,,,,,,,,,,,,,,,,,0.083,,,,,,,,,,,,,,,,,,,,,,,,,,0.083,0.083,0.167,,,,,,,,,,,,,,,,,,,,,,,,,,,,,,,,,,,,,,,,,,,,,,,,,,,,,,,,,,,,,,,,,,,,,
Bilbao_hdbscan_5_5,51,10,-2.94625175,43.27115172,-2.9462616500000003,43.271172199999995,1.0330296000025027e-07,96802647.28112121,0.00013141685882911774,0.0002647016223977166,0.00014008534719948815,6.181502729906401e-05,Yes,,0.1,,,,0.1,,,,,,,,,,,,0.1,,,0.2,,,,,,,0.1,,,,,,,,,,,,,,,,,,,0.1,,,,,,,,0.2,,,,,,,,,,,,,,,,,,,,,,,,,,,,0.1,,,,,,,,,,,,,,,,,,,,,,,,,,,,,,,,,,,,,,,,,,,,,,,,,,,,,,,,,,,,,,,,,,,,,
Bilbao_hdbscan_5_5,52,13,-2.947792161538462,43.27101345384616,-2.9477393,43.2709539,1.3490048000117726e-07,96367336.86853117,0.00015521540815300136,0.0003729311471748073,0.0001532357737829325,8.755159898701343e-05,Yes,,0.154,,,,0.077,,,,0.077,,,,,,0.077,,0.077,,,,,,,,,,,,,,,,,,,,,,,,,,0.077,,0.077,,,,,,,,,,,,,,,,,,,,,,,,,,,,,,,,,0.077,0.077,,,,0.154,0.077,,,,,,,,,,,,,,,,,,,,,,,,,,,,,,,,,,,,,,,,,,,,,,,,,,,,,,,,,,,,,,,,,,,
Bilbao_hdbscan_5_5,53,13,-2.9485436,43.27100784615384,-2.9485098,43.2709375,1.7826335999974461e-07,72925810.44146495,0.00019470471203734263,0.00031998623019426845,0.000183681157695358,0.00010268340151476803,Yes,,0.154,,,,0.077,,,,0.077,,,,,,,,,0.077,,,,,,,,,,,,,,0.077,,,,0.077,,,,,,,,,,,,,,,,,,0.077,,,,,,,,,,,,,,,,,,,,,,,,,0.077,,,,,,0.077,0.077,0.077,,,,,,,,,,,,,,,,,,,,,,,,,,,,,,,,,,,,,,,,,,,,,,,,,,,,,,,,,,,,,,,,
Bilbao_hdbscan_5_5,54,7,-2.9442856428571424,43.27034681428571,-2.9442837,43.2703302,1.1087119999971049e-07,63136323.95083916,0.0001332599591472341,0.00026652757141540834,6.320664199136101e-05,0.00014484187859826052,Yes,,,,0.143,,,,,,,,,,,,,0.143,,,0.143,,0.143,0.286,,,,,,,,,,,,,,,,,,,,,,,,,0.143,,,,,,,,,,,,,,,,,,,,,,,,,,,,,,,,,,,,,,,,,,,,,,,,,,,,,,,,,,,,,,,,,,,,,,,,,,,,,,,,,,,,,,,,,,,,,,,,,,,,,,,,
Bilbao_hdbscan_5_5,55,15,-2.9439121600000004,43.27032507333333,-2.9439591,43.270339,1.3589351999984125e-07,110380539.11634287,0.0001714944716512258,0.00032368129023097904,8.714625101900464e-05,0.00017172106245021826,Yes,0.133,0.133,,,,,,,,0.067,,,,0.067,,,,,0.2,0.067,,0.133,0.067,,,,,0.067,,,,,,,,,,,,,,,,,,,,,,,,,,,,,,,,,,,,,,,,,,,,,,,,,,,,,,,,,,,,,,,,,,,,,,,,,,,,,,,,,,,,,,,,,,,,,,,,,,,,,,,,,,,,,,,,,,,,,,,,,,,,
Bilbao_hdbscan_5_5,56,7,-2.9245961571428576,43.26804314285714,-2.9245731,43.2680731,2.1151950000188212e-07,33093875.505273573,0.0002106484215555655,0.00043469558571838614,0.00018921782502222013,0.00013728885978239012,Yes,0.143,,,,,,,,,,,,0.143,,,,,,0.286,,,,,,,,0.143,,,,,,,,,,,,,,,,,,,,,,,,,,,,,,,,,0.143,,,,,,,,,,,,,,,,,,,,,,,,,,,,,0.143,,,,,,,,,,,,,,,,,,,,,,,,,,,,,,,,,,,,,,,,,,,,,,,,,,,,,,,,,,,,,,,
Bilbao_hdbscan_5_5,57,64,-2.926283747521299,43.26743637022409,-2.9262925500000003,43.2674432,7.253836799990349e-06,8822916.997537792,0.0008532733238549273,0.00198448440073993,0.0007632481520967107,0.0005478611383442211,Yes,0.016,0.109,0.016,,,0.031,0.031,,,,,,,,,,0.016,0.016,0.141,0.062,0.078,0.016,0.016,0.031,0.016,,,,,0.016,0.016,,0.016,,,0.016,0.031,,,,,,,0.016,,,,,0.016,,,,,,,,,,,0.016,0.031,,0.016,,,,,,,,,,,0.016,0.016,,,,0.016,,,,,0.016,,,,,0.016,0.016,0.016,0.016,0.016,,,,,,,,,,,,,,,,,,,,,,,,,,,,,,,,,,,,,,,,,,,,,,,,,,,,,,,,,,,
Bilbao_hdbscan_5_5,58,111,-2.912510583543243,43.25478439714254,-2.9123857,43.2548999,1.5268670399982842e-05,7269788.206321144,0.0011534276010626517,0.0022473806474967483,0.0008633001010506856,0.0009036799934947544,Yes,0.063,0.045,0.054,0.027,,0.018,0.009,,,,0.009,,0.009,,0.009,0.009,,0.018,0.126,0.018,0.063,,0.072,0.018,0.009,,0.027,0.027,,,,0.009,0.009,,,,0.099,,,0.036,,,,,,,0.036,,0.009,0.009,,,,,,,,,,,,,,,,,,,,0.009,,,,,,,,,0.009,,0.009,,,,,,,,0.009,0.009,,,,0.018,0.009,0.009,0.009,0.009,0.009,,,,,,,,,,,,,,,,,,,,,,,,,,,,,,,,,,,,,,,,,,,,,,,,,,,,,
Bilbao_hdbscan_5_5,59,157,-2.9287449075158216,43.256355272669914,-2.928754,43.2564558,1.9971461720017856e-05,7861217.280988266,0.001395036857993417,0.003197579897031712,0.0013960787961650395,0.0007590135824629232,Yes,0.019,0.064,0.025,0.064,,0.006,0.006,,,0.006,,,,,,0.013,0.013,0.064,0.127,0.172,0.006,0.013,0.032,0.019,,,0.038,,,,,,0.006,,0.006,0.006,0.032,,,,,,,,,,,,0.006,,,,,,0.064,,0.006,,,,,,,,,,,,,0.013,,,,,,,,,0.013,,0.051,,,,,,0.006,,,0.013,,0.006,,,,,,,,0.006,0.006,0.006,,,,,,,,,,,,,,,,,,,,,,,,,,,,,,,,,,,,,,,,,,,,,,,,,,
Bilbao_hdbscan_5_5,60,7,-2.9224743285714285,43.26635045714285,-2.9223877,43.2663431,5.989320000014603e-07,11687470.363885937,0.00029848671038565036,0.0006108878817562913,0.0002726626000561041,0.00020912014220922834,Yes,,,,,,0.143,,,,,,,,,,,,0.286,,,,,,0.143,,,0.143,,,,,,,,,,,,,,,,,,,,,,,,,,,,,,,,,,,,,,,,,,,,,,,,,,,,,,,,,,,,,,,,,,,,,,,,,,,,0.143,,,,,,,,,,,,,,,,,,,,,,,,,,,,,,,,,,,,,,,,,,,,,,,,,
Bilbao_hdbscan_5_5,61,12,-2.914532241666667,43.25304799166667,-2.9146336,43.253031899999996,3.898485799997585e-07,30781181.76038357,0.00032271520278373707,0.0006748149994427855,0.00033570395305567764,0.00010709752921496763,Yes,0.083,0.083,,,,,,0.083,,,,,,,,,,,0.25,,,,,,,,,0.083,,,,,,,,,0.083,,,,,,,,,,,,,,,,,,,,,,,,,,,,,,,,,,,,,,,,,,,,,,,,,,,,,,,,,,,,,,,,,,,,,,,,,,,,,,,,,,,,,,,,,,,,,,,,,,,,,,,,,,,,,,,,,,,
Bilbao_hdbscan_5_5,62,21,-2.9242293809523807,43.254534061904764,-2.9241782,43.2544727,2.1199401400043814e-06,9905940.07996688,0.0005658681597667471,0.0011852521075633082,0.0005943080519306613,0.00031165783661052165,Yes,,0.095,,,,,,0.048,,0.048,,,,,,,,0.381,,0.19,,,0.048,0.048,,,,,,,,,,,,,,,,,,,,,,,,,,,,,,,,,,,,,,,,,,,,,,,,,,,,,,,,,,,,,,,,,,,,,,,,,,0.048,,,,,,0.048,,,,,,,,,,,,,,,,,,,,,,,,,,,,,,,,,,,,,,,,,,,,,,,,
Bilbao_hdbscan_5_5,63,18,-2.9162026611111114,43.25424297777778,-2.9162522500000003,43.25427305,1.846880840004525e-06,9746162.075056178,0.00048111989755089083,0.0010852933560453987,0.00041318821395869857,0.00035404442369727575,Yes,0.056,,,,,0.056,,,,,,,0.056,,0.111,,0.056,,0.111,0.056,0.056,,0.056,,,,,,,,,,,,,,0.056,,,,,,,0.056,,,,,,,,,,,,,,,,,,,,,,,,,,,0.056,,,,,,,,0.056,0.056,0.056,,,,,,,,,,,,,,0.056,,,,,,,,,,,,,,,,,,,,,,,,,,,,,,,,,,,,,,,,,,,,,,,,,,,,,,,,,
Bilbao_hdbscan_5_5,64,8,-2.9175325125000002,43.2550803,-2.9175739,43.25506515,3.8738700000223394e-07,20651183.441762026,0.0002587580361251817,0.0004416705051908788,0.00024385213469172806,0.00015255586681626887,Yes,,0.125,0.125,,,,,,,,,,,,,,,,,0.125,0.125,0.125,,0.125,,,,,,,,,,,,,,,,,,,,,,,,,,,,,,,0.125,,,,,,,,,,,,,,0.125,,,,,,,,,,,,,,,,,,,,,,,,,,,,,,,,,,,,,,,,,,,,,,,,,,,,,,,,,,,,,,,,,,,,,,,,,,,,,,,,,,,
Bilbao_hdbscan_5_5,65,7,-2.9199363654949786,43.2560323200967,-2.9198541,43.256233733237536,9.975528262953165e-07,7017172.239385459,0.0004225403444029282,0.0006706510268873197,0.00031398719193534127,0.00033362214493150554,No,,,,,,,,,,,,,,,,,,,0.143,,,0.143,,,,,,,,,,0.571,,,,,,,,,,,,,,,,,,,,,,,,,,,,,,,,,,,,,,,,,,,,,,,,,,,,,,,,,,,,,,,,,,,,,,,,,,,,,,,,,,,,,,,,,,,,,,,,,,,,,,,,,,,,,,,,,,,,,,,,
Bilbao_hdbscan_5_5,66,16,-2.9386342400727328,43.26770384272854,-2.93858505,43.2677512,1.050886661879883e-06,15225238.43948912,0.00037018379157499273,0.000589935685053418,0.00025497819315249893,0.0002942177050774748,Yes,,,,,,,,,,,,,,,,,,0.125,,0.125,0.062,,0.125,,,,,,0.062,,,,,,,,,,,,,,,,,,,,,,0.062,,,,,,,,,,,,,0.062,,,,,,,,,,,,,,,,,,,,,,,,,,,,,,,,,,,,,,,,,0.062,0.062,,,,,,,,,,,,,,,,,,,,,,,,,,,,,,,,,,,,,,,,,,,,,,
Bilbao_hdbscan_5_5,67,16,-2.9406415230098255,43.267861366593465,-2.94070025,43.26797045,1.7632186199962634e-06,9074314.335470157,0.0004889612464124391,0.0011870940874526331,0.0004931348070176596,0.00030678662318856057,Yes,,,,,,0.062,,,,,,,,,,,,,,0.438,,,,,,,0.25,,,,,,,,,,,,,,,,0.062,,,,,,,,,,,,0.062,,,,,,,,,,,,,,0.062,,,,,,,,,,,,,,,,,,,0.062,,,,,,,,,,,,,,,,,,,,,,,,,,,,,,,,,,,,,,,,,,,,,,,,,,,,,,,,,,,,,,,,
Bilbao_hdbscan_5_5,68,10,-2.9469689699999995,43.259334839999994,-2.9468252,43.259345499999995,1.702432889998258e-06,5873946.667002088,0.0003883258495584058,0.0009890424371587023,0.00037795837085579905,0.0003029570438201555,Yes,0.1,0.1,0.1,0.1,,,,,,,,,,,,,,,,0.1,,,0.2,,,,,,,,,,,,,,,,,,,,,,0.2,,,,,,,,,,,,,,,,,,,,,,,,,,,,,,,,,,,,,,,,,,,,,0.1,,,,,,,,,,,,,,,,,,,,,,,,,,,,,,,,,,,,,,,,,,,,,,,,,,,,,,,,,,,,,,
Bilbao_hdbscan_5_5,69,14,-2.9468167928571423,43.257856607142855,-2.94683415,43.2577531,1.772150380005556e-06,7900006.770281034,0.00043243607848932844,0.0009826096115319594,0.00039356980768396113,0.0003129342228114149,Yes,,0.143,0.071,,0.071,,,,,,,,,,,,,,,0.071,0.071,,0.143,0.071,,,0.071,,,,,,,,,,,,,,,,,,,,,,,,,,,,,,,,,,,,,,,,,,,,,,,,,,,,0.071,,,,,,,,,,,,,,,,,,,,,,,,,,,,,,,,,,,,,,,,,,,,,,,,,,,,,,,,,,,,,,,,,,,,,,,,,
Bilbao_hdbscan_5_5,70,10,-2.9200917100000003,43.257103810000004,-2.9201039,43.25711465,5.323064700012175e-07,18786170.305194914,0.000322443231250063,0.0005760722109228964,0.000268229936621603,0.00021648311920325437,Yes,,,,,,,0.1,,,,,,,,,,,,0.3,,,,0.1,,0.1,,,,,,,,,,,,,,,,,,,,,,,,,,,,,,,,,,,,,,,,,,,,,,,,,,,0.1,,,,,,,,,,,,0.1,0.1,,,,,,,,,,,,,0.1,,,,,,,,,,,,,,,,,,,,,,,,,,,,,,,,,,,,,,,,,,,,,,,,,,
Bilbao_hdbscan_5_5,71,5,-2.9453852799999996,43.26067397999999,-2.9454558,43.2607332,7.224443100032679e-07,6920948.688733368,0.0003942973957203437,0.0007400795786965372,0.0004272545817191709,0.00020491205333059983,Yes,,,,,,0.2,,,,,,,,,,,,,0.4,,,,0.2,,,,,,,,,,,,,,,,,,,,,,,,,,,,,,,,,,,,,,,,,,,,,,,,,,,,,,,,,,,,,,,,,,,,,,,,,,,,,,,,,,,,,,,,,,,,,,,,,,,,,,,,,,,,,,,,,,,,,,,,,,,,,,,,,
Bilbao_hdbscan_5_5,72,17,-2.9194169117647055,43.25801994705882,-2.9194141,43.2580056,1.471906800025683e-07,115496443.11517122,0.00027201680414887404,0.00047200145189105295,0.0002998289058826299,5.1190751895462006e-05,Yes,0.059,,,0.059,,,,,,,,,0.059,,,,,0.059,0.471,,,,,0.059,0.059,,0.059,,,,,,,,,,,,,,,,,,,,,,,,,,,,,,,,,,,,,,,,,,,,,,,,,,,,,0.059,,,,,,,,,,,,,,,,,,,,,,,,,,,0.059,,,,,,,,,,,,,,,,,,,,,,,,,,,,,,,,,,,,,,,,,,,,,
Bilbao_hdbscan_5_5,73,8,-2.9223043874999997,43.254896437499994,-2.9223176,43.254907149999994,2.391000200006111e-07,33458801.048948273,0.0002040488831434312,0.00028973694373897815,0.00015016597015882392,0.0001516630140930596,Yes,,,0.125,,,,,,,,,,,,,,,,,0.25,,,0.125,,,,,,,,,,,,,0.125,,,,,,,,,,,0.25,,,,,,,,0.125,,,,,,,,,,,,,,,,,,,,,,,,,,,,,,,,,,,,,,,,,,,,,,,,,,,,,,,,,,,,,,,,,,,,,,,,,,,,,,,,,,,,,,,,,,,,,,,,,
Bilbao_hdbscan_5_5,74,12,-2.9223552999999995,43.26518694166666,-2.92243635,43.26528385,9.39926999999658e-07,12766948.922633743,0.0003233432240352639,0.0006831808094490403,0.00026641667552915297,0.00025429062919749533,Yes,0.083,0.083,0.083,,,,0.083,0.083,,,,,,,,,,,0.083,0.083,0.083,,0.167,,,,,,,,,,,,,,,,,,,,,,,,,,,,,,,,0.083,,,,,,,,,,,,,,,,,,,,,,,,,,,,,,,,,,,,,,,,,,,,,,,,,,,,,,,,,,,,,,,,,,,,,,,,,,,,,,,,,,,,,,,,,,,,,,,,,
Bilbao_hdbscan_5_5,75,8,-2.9438876124999998,43.2583655375,-2.94386955,43.258405249999996,9.285834999977782e-08,86152726.1686121,0.0001442814427165139,0.00031300274209724606,6.152790906366366e-05,0.0001589702640227967,Yes,,,,,,,,,,0.125,,,,,,,,0.125,,,,,,,,,,,,,,,,,,,0.25,,,,0.125,,,,,,,,,,,0.125,,,,,,,,,,,,,,,,,,,,,,,0.125,,,,,,,,,,,,,,,,,,,,,,,,,,,,,,,,,,,,,,,,,,,,,,,,,,,,,,,,,,,,,,,,,,,,,,,,,,,,,
Bilbao_hdbscan_5_5,76,10,-2.94357818,43.25797873999999,-2.94361645,43.25793055,1.260895000009161e-07,79308744.97818887,0.00013772156997575756,0.0002959980337876235,8.9767753675837e-05,0.00013486582369150272,Yes,,,,,,,,,,,,,0.1,,,0.1,,0.1,,,0.1,,,,,,,,,,,,,,,,0.2,,,,,,,,,,,,,,,,,,,,,,,,,,,,,,,,0.1,,,,,,,,,0.1,,,,,,,0.1,,,,,,,,,,,,,,,,,0.1,,,,,,,,,,,,,,,,,,,,,,,,,,,,,,,,,,,,,,,,,,,,,,,,,,
Bilbao_hdbscan_5_5,77,10,-2.9228387200000006,43.26311656,-2.92283035,43.2630298,2.6815527999950445e-07,37291825.84067888,0.0003045273206165313,0.0005614038991664906,7.705334256214325e-05,0.0003422690058999121,Yes,,,,0.1,,,,,,,,,,,,,,0.1,,0.2,,0.1,0.1,0.1,,,0.1,,,,,,,,,,,,,,,,,0.1,,,,,,,,,,,,,,,,,,,,,,,,,,,,,,,0.1,,,,,,,,,,,,,,,,,,,,,,,,,,,,,,,,,,,,,,,,,,,,,,,,,,,,,,,,,,,,,,,,,,,,,,,,,,,,,
Bilbao_hdbscan_5_5,78,41,-2.922573548780488,43.26142759268293,-2.9225951,43.2614475,1.3404330899974835e-06,30587129.119646676,0.0005067872662837128,0.0010529309599076524,0.00018163418223739744,0.0005361799490387235,Yes,0.024,0.049,,0.049,,0.024,,,,0.024,,,0.024,,,,,,0.122,0.024,,,0.073,,,,0.049,,0.024,0.024,0.024,,,,,,0.024,,,,0.024,,,,,,0.049,0.024,,,,0.024,,,,,,,,,,,,,,,,,,,,,,,,,,,0.024,,0.024,,,,,,,,0.024,,,,,,,,,,,,,,,0.024,,,0.073,0.049,0.049,0.024,0.024,,,,,,,,,,,,,,,,,,,,,,,,,,,,,,,,,,,,,,,,,
Bilbao_hdbscan_5_5,79,5,-2.92530896,43.258892780000004,-2.925311,43.2589757,6.356115000086518e-08,78664404.27732886,0.0001818824580477333,0.0003340934270595211,3.959427231312995e-05,0.00019651032950154026,Yes,,,0.2,,,,,,,,,,,,,,,,,0.4,,,,,,,,,,,,,,,,,,,,,,,,,,,,,,,,0.2,,,,,,,,,,,,,,,,,,,,,,,,,,,,,,,,,,,,,,,,,,,,,,,,,,,,,,,,,,,,,,,,,,,,,,,,,,,,,,,,,,,,,,,,,,,,,,,,,,,,
Bilbao_hdbscan_5_5,80,11,-2.935822190909091,43.255823618181815,-2.9357801,43.2559352,8.229431499972793e-07,13366658.438114913,0.00034843230181955256,0.0010269747206065813,0.0001679881892740202,0.00039772907822945263,Yes,,0.091,,,,,,,,,,,,,,,0.091,0.091,0.091,,,,0.091,0.091,,,,,,,,,0.091,,,,,,,,,,,,,,,,0.091,,,,,,,,,,,,0.091,,,,,,,,,,,,,,,,,,,,,,,,,,,,,,,,,,,,,,,,,,,,,,,,,,,0.091,,,,,,,,,,,,,,,,,,,,,,,,,,,,,,,,,,,,,,,,
Bilbao_hdbscan_5_5,81,647,-2.9236618538565913,43.2576356883126,-2.9234411,43.2576413,1.9594959299986062e-05,33018695.782667954,0.0014322655918681919,0.002729761222543067,0.0011021210518045216,0.0010763224430562761,Yes,0.011,0.028,0.011,0.014,0.003,0.005,0.008,,,0.006,,,0.008,,0.006,0.017,0.002,0.074,0.048,0.079,0.012,0.002,0.043,0.012,,0.003,0.019,,,0.002,0.003,0.002,0.006,,0.002,,0.181,,0.002,,0.008,,,,,0.002,0.012,0.002,0.005,,0.003,0.011,,,0.028,,0.002,0.003,0.005,0.014,0.002,0.002,,,0.002,,0.002,,0.006,0.012,0.003,0.002,,,0.005,,0.002,,0.032,0.005,0.005,,,,0.002,,0.002,,0.003,0.028,,,,,0.002,,0.002,,,0.002,0.011,0.009,0.002,0.011,0.002,,0.015,0.002,0.002,0.003,,0.002,0.009,0.006,0.005,0.005,0.005,0.003,0.003,0.002,0.002,0.002,0.002,0.002,0.002,0.002,0.002,0.002,0.002,0.002,0.002,0.002,0.002,0.002,,,,,,,,,,,,,,,,,,
Bilbao_hdbscan_5_5,82,34,-2.9211606295834027,43.2581321854282,-2.9212208,43.25810945,1.2543055199965184e-06,27106633.47801768,0.0003786946299912477,0.0007555522437188985,0.0003654967783500683,0.00022457230357130094,Yes,0.059,0.029,,0.029,,,,,,,,,,,,,,0.235,0.176,0.147,,,,,,,,0.029,,,,,0.029,,,,,,,,,,,,,,,,,,,,,,,,,,,0.029,,,,,,,,0.029,,,,,,,,,,,,,,,,,,,,,,,,,,,,,,,,,,,,0.029,,,0.029,,,,,,,,,,,,,,,,,,,,,,,,,,,,,,,,,,,,,,,,,,,,,
Bilbao_hdbscan_5_5,83,6,-2.9480578333333334,43.2617075,-2.94811085,43.261707,2.1175380000077905e-07,28334792.575046707,0.00019113613069384123,0.0003710682791329886,0.00015292605693230027,0.00015417484663067185,Yes,0.167,,,,,,,,,,,,,,,,,0.167,0.167,,,,,0.167,,,0.167,,,,,,,,,,,,,,,,,,,,,,,,,,,,,,,,,,,,,,,,,,,,,,,,,,,,,,,,,,,,,,,,,,,,,,,,,,,,,,,,,,,,,,,,,,,,,,,,,,,,,,,,,,,,,,,,,,,,,,,,,,,,,
Bilbao_hdbscan_5_5,84,14,-2.94841777529486,43.26083661866394,-2.9484990499999997,43.2609154,5.676140400016266e-07,24664647.125289362,0.00029834985051762226,0.0004759211922503897,0.00022396882861586086,0.00022437008377849916,Yes,,,0.071,,,,,,,,,,,,,,,,0.214,0.071,,,,,,,,,,,,,,,,,,,,0.071,,,,0.071,,,,,,,,,,,,,,,,0.143,,0.071,,,,,,,,,,,,,0.071,,,,,,0.143,,,,,,,,,,,,,,,,,,,,,,,,,,,,,,,,,,,,,,,,,,,,,,,,,,,,,,,,,,,,,,,,,,,,,,,
Bilbao_hdbscan_5_5,85,8,-2.9410285125,43.256733712499994,-2.9410179,43.25677935,1.1627511000110066e-07,68802342.99433707,0.0002002422217097453,0.00040434934501268663,0.00021535868009846118,7.036528685223272e-05,Yes,,0.125,,,,,,,,,,,,,,,0.125,,0.125,,,,,,,,,,,,,,,,,,,,,0.125,,,,,,,,,,,,,0.125,,,,,,,,,,,,,,,,,,,,,,,,,,,,,,,,,0.25,,,,,,,,,,,,,,,,,,,,,,,,,,0.125,,,,,,,,,,,,,,,,,,,,,,,,,,,,,,,,,,,,,,,,
Bilbao_hdbscan_5_5,86,28,-2.9424997021391905,43.25714650377176,-2.9424335,43.257154799999995,1.4661093900023086e-06,19098165.655944616,0.00044725303815270045,0.0008785144146839296,0.0004524851543020259,0.00020365309979958966,Yes,0.036,0.036,,0.036,,,,,,,,,,,,0.036,,0.393,,0.071,0.036,,,0.071,,,,,,,,,,,,,,,,,,,,,,,,,,,,,,,0.036,,,,,,,,,,,,,,,0.036,,0.036,,,,,,0.036,,,,,,,0.036,,,,,,,,,,,,,,,,,,,,,,,,,,,,,,,,,,,,,,,,,,,,,,,,,,0.036,,,,,,,,,,,,,,,,,
Bilbao_hdbscan_5_5,87,9,-2.943014388888889,43.25936757777778,-2.9429889,43.2593252,4.504405499992071e-07,19980439.15010725,0.00023325255320134203,0.0005762673574630775,0.0001689675408962748,0.0002447048098231191,Yes,,,,,,,,,,,,,,,,,,,0.333,,,,0.222,0.111,,,,0.111,,,,,,,,,,,,,,,,,,,,,,,,,,,,,,,,,,,,,,,,,,,,,,,,,,0.111,,,,,,,,,,,,,,,,,,,,,,,,0.111,,,,,,,,,,,,,,,,,,,,,,,,,,,,,,,,,,,,,,,,,,,,,,,,,,
Bilbao_hdbscan_5_5,88,7,-2.9389756285714284,43.25834832857144,-2.9389464,43.2583118,5.359209899965039e-07,13061626.864149628,0.00029424487849647704,0.0006677918464602911,0.00032946260882265606,0.0001501916272560356,Yes,,0.143,0.143,,,,,,,,,,,,,,,,,0.429,,,0.143,,,,,,,,,,,,,,,,,,,,,,,,,,,,,,,,,,,,,,,,,,,,,,,,,,,,,,,,,,,,,,,,,,,,,,,,,,,,,,,,,,,,,,,,,,,,,,,,,,,,,,,,,,,,,,,,,,,,,,,,,,,,,,,,,
Bilbao_hdbscan_5_5,89,11,-2.9400897636498513,43.25835771753372,-2.940136183976084,43.2583349,5.004006791935403e-07,21982384.23202764,0.0002670951097296769,0.0005383198687556631,0.00022113718205251775,0.00018410466553851358,Yes,,,,,,,,,,,,,,,,,,0.182,0.091,,,,,,,,,,,,,0.273,,,,,0.091,,,,,,0.091,,,,,,,,,,,,,,,,,,,,,,,,,,,,,,,,,,,,,,,,,,,,,,,,,,,,,,,,,,,,,,,,,,,0.091,,,,,,,,,,,,,,,,,,,,,,,,,,,,,,,,,,,,,,,,,,
Bilbao_hdbscan_5_5,90,8,-2.942689200670361,43.2603850453197,-2.9426122,43.260277099999996,8.286526514221841e-07,9654226.033392778,0.00038476720629969824,0.0006641669038012537,0.00032325598885784434,0.0002827024811581398,Yes,,,,,,,,,,,,,,0.125,,,,,0.25,0.125,0.125,,0.125,,,,,,,,,,,,,,,,,,,,,,,,,,,,,,,,,,,,,,,,,,,,,,,,,,,,,,,,,,,,,,,,,,,,,,,,,,,,,,,,,,,,,,,,,,,,,,,,,,,,,,,,,,,,,,,,,,,,,,,,,,,,,,,,,
Bilbao_hdbscan_5_5,91,15,-2.9261862999999995,43.2632251,-2.926108,43.2631074,6.47523799998993e-07,23165171.689478174,0.0003561568107227357,0.000512530506407041,0.00020654320290595864,0.00031262066683619406,Yes,,0.067,,0.067,,,,,,,,,,,,,,0.067,0.133,0.267,,0.067,,,,,,,,,,,,,,,,,,,,,,,,,,,,,,,,,0.067,,,,,,0.067,,,,,,,,,,,,,,,,,,,,,,,,,,,,,,,,,,,,,,,,,,,,,,,,,,,,,,,,,,,,,,,,,,,,,,,,,,,,,,,,,,,,,,,,,,,
Bilbao_hdbscan_5_5,92,17,-2.943831670588235,43.26493218823529,-2.9437959,43.2649469,7.382167399966061e-07,23028467.222347405,0.00041854391547592484,0.000689686338642283,0.0004150194464113989,0.0001744016725573373,Yes,,0.059,,,,,,,,,,,,,,,,0.118,0.118,0.176,0.059,,,,,,,,,,,,,,,,0.059,,,,,,,,,,,,,,,0.059,,,,,,,,,,0.059,,,,,,,,,,,,,,,,,,,,,,,,,,,,,,,,,,,,,,,,0.059,,,,,,,,,,,,,,,,,,,,,,,,,,,,,,,,,,,,,,,,,,,,,,,,,,
Bilbao_hdbscan_5_5,93,13,-2.9273561392253176,43.26071196454721,-2.9273474500000005,43.260753020617244,3.4268691000295225e-07,37935502.11733505,0.0002206949382357689,0.0003873053300690751,0.00017793553663511316,0.00016965473480693856,Yes,,0.077,,0.077,,,,,,,0.077,,,,,,,,,,,,0.077,,,,0.154,,,,,,0.077,,,,,,,,,,,0.077,,,,,,,0.077,,,,,,,,,0.077,,,,,,,,,,,,,,,0.154,,,,,,,,,,,,,0.077,,,,,,,,,,,,,,,,,,,,,,,,,,,,,,,,,,,,,,,,,,,,,,,,,,,,,,,,,,,,,,,,
Bilbao_hdbscan_5_5,94,6,-2.9276019666666664,43.25994666666667,-2.9276016,43.259947249999996,1.4943000000561185e-09,4015257980.174443,1.751525126405206e-05,2.9905945155673316e-05,1.732624855195722e-05,1.0080784801678339e-05,No,,,,,,,,,,,,,,,,,,,,,,,,,,,,,,,,,,,,,,,,,,,,,,,,,,,,,,,,,,,,,,,,1.0,,,,,,,,,,,,,,,,,,,,,,,,,,,,,,,,,,,,,,,,,,,,,,,,,,,,,,,,,,,,,,,,,,,,,,,,,,,,,,,,,,,,,,,,
Bilbao_hdbscan_5_5,95,11,-2.941566936363636,43.264372481818185,-2.9415326,43.2643253,2.889199999998164e-07,38072822.92678593,0.00022933036868950728,0.0003979728597636944,0.00011612070735957031,0.00022182300814367032,Yes,,,,,,,,,,0.091,,,,,,,,,0.091,0.091,,,,0.091,,,,0.091,,,,,,,,,,,,,0.091,,,,,,,,,,,,,,,,,,,0.091,,,,,,,,,,,,,,,,,,,,,,,,,,,,,,,,,,,,,,,,,,,,,,,,,,,,,,,,,,,,,,,,,,,,,,,,,,,,,,,,,,,,,,,,,,,,
Bilbao_hdbscan_5_5,96,11,-2.942549336363636,43.26458677272728,-2.9425554,43.2645331,4.181290799960349e-07,26307665.56610775,0.00026571216365314494,0.0004806629534237332,0.0002421875129005385,0.00016699873211722756,Yes,,,,,,,,,,0.182,,,,,,,,,,0.182,,,,,,,0.091,0.182,,,,0.091,,,,,0.091,,,,,,,,,,,,,,,,,,,,,,,,,,,,,,,,,,,,,,,,,,,,,,,,,,,,,,,,,,,,,,,,,,,,,,,,,,,,,,,,,,,,,,,,,,,,,,,,,,,,,,,,,,,,,,,,,,,
Bilbao_hdbscan_5_5,97,9,-2.9329412666666665,43.25637416666666,-2.9329449,43.2563469,1.198033200001766e-07,75123126.80472238,0.00012866554355905416,0.00026729153663898765,9.54985049330208e-05,0.00011714991345353136,Yes,,0.222,,0.111,,,,,,,,,,,,,,0.222,0.111,0.111,,,,,,,,,,,,,,,,,,,,,,,,,,,,,,,,,,,,,,,,0.111,,,,,,,,,,,,,,,,,,,,,,,,,,,,,,,,,,,,,,,,,,,,,,,0.111,,,,,,,,,,,,,,,,,,,,,,,,,,,,,,,,,,,,,,,,,,,,,
Bilbao_hdbscan_5_5,98,88,-2.944803979545455,43.26276068409091,-2.94473495,43.262742,5.068795650002624e-06,17361126.010269213,0.0008148378337151425,0.0015043866632253222,0.0007206228423698791,0.0005090355452601385,Yes,0.011,0.068,0.034,0.023,,,0.011,0.011,0.011,,0.011,,,,,,,0.023,0.034,0.034,0.045,,0.08,,,,0.011,,,,,0.011,0.011,,,,0.034,,,0.045,0.057,,,,0.034,0.011,,,,,,0.011,,,0.034,,,,,0.045,,0.023,,0.011,,,,,,0.011,0.011,,,,0.023,,,,,,,,,,0.011,0.011,,,,,,,,,,,,,,0.011,,,0.011,,,,,,,,,,,,,,0.011,,,,,,,,,,0.011,,,0.011,,,,,,0.011,0.011,0.011,,,,,,,,,,,,,,
Bilbao_hdbscan_5_5,99,13,-2.9404108076923077,43.25969627692307,-2.940474,43.2597045,5.275660499965684e-07,24641464.324864272,0.00033282290653839283,0.0005745496375226346,0.0003312523821952225,0.00014305534783544478,Yes,,,,,,,,,,,,,,,,,,0.308,,,,,0.308,,,,,,,0.077,,,0.077,,,,,,,,,,,,,,,,,,,,,,0.077,,,,,0.077,,,,,,,,,,,,,,,,,,,,,,,,,,,,,,,,,,,,,,,,,,,,,,,,,,,,,0.077,,,,,,,,,,,,,,,,,,,,,,,,,,,,,,,,,,,,,,,
Bilbao_hdbscan_5_5,100,20,-2.937050395,43.266543379999995,-2.9371305,43.266518149999996,5.039607500025683e-07,39685630.2795368,0.0002735631990839506,0.00054847304166195,0.0002575346354862296,0.00014861886690494192,Yes,0.05,,,,,,,,,0.1,,,,,,,,,0.1,0.05,,,0.15,0.05,,,,,,,,,0.05,,,,0.05,,,,,,,,,,,,0.05,,,,,,0.1,,,0.05,,,,,,,,,,,,0.05,,,,,,,,,,,,,,,,,,,,,,,,,,,,,,,,,,,,,,,,,,,,,,,,,,,,,,,,,,,,,,,,,,,,,0.05,,,,,,,,,,,,,
Bilbao_hdbscan_5_5,101,6,-2.9422072,43.26347611666666,-2.9421925499999997,43.263518399999995,1.0366251999912684e-07,57880128.71045908,0.00016912791583968394,0.00023874477364631383,0.00014820147322710224,9.18687000859878e-05,Yes,,0.167,,,,0.167,,,,,,,,,,0.167,,,,0.167,,,,,,,,,,,,,,,,,,,,,,,,,,,,,,,,,,,,,,,,,,,,,,,,,,,0.167,,,,,,,,,,,,,,,,,,,,,,,,,,,,,,,,,,,,,,,,,,,,,,,,,,,,,,,,,,,,,,,,,,,,,0.167,,,,,,,,,,,,
Bilbao_hdbscan_5_5,102,8,-2.9299843875000002,43.2615947125,-2.9299953,43.261620300000004,1.4792715999880692e-07,54080670.514221475,0.00018199751123757193,0.00024591417265144806,0.00010816226742142832,0.0001546470856291905,Yes,,,,,,,,,0.125,,,,,,,,,,,,0.125,,,,,,,,,,,,,,,,0.25,,,,,,,,,,0.125,,,,,,,,,,,,,,,,,,,,,,0.125,,,,,,,,,,,,,,,,,,,,,,,,,,,,,,,,,,,,,,,,,,,,,,,,,,,,,,,,,,,,,,,,,,,,,,,,,,,,,,,,,,,
Bilbao_hdbscan_5_5,103,46,-2.930260606521739,43.26026072391304,-2.9302807499999997,43.26027775,3.5530672800020543e-06,12946560.358962132,0.000613196713654114,0.0011283531923566498,0.0005132396471359718,0.00042132444597470887,Yes,,,,,,0.043,,,,,,,,,0.022,,,0.022,,0.174,0.043,,0.065,0.022,,,0.022,,,,,,,,,,0.109,,,,,,,,,,,,0.022,,0.022,0.022,,,0.065,0.022,,,,,,,,,,,,,0.022,0.022,0.022,,,,,,,,0.022,0.022,0.022,,,,,,0.022,,,,,,,,,,,,,,,,,,,,,,,,,,,,,,0.022,,,,,,,,,,,,,,,,,,,,,,,,0.022,0.022,,,,,,,,,,
Bilbao_hdbscan_5_5,104,12,-2.9285924519907165,43.26070918202115,-2.92856015,43.26069975,4.746025599648746e-07,25284313.681089547,0.00023947875799433497,0.0006534465261883745,0.00028479733783277157,0.00010277640469270348,Yes,,,,,,,,,,0.167,,,,,,0.167,,,,,,,0.083,,,,0.167,,,,,,,,,,0.083,,,,,,,,,,,,,,,,,,0.083,,,,,,,,,,,,,,0.083,,,,,,,,,,,,,,,,,,,,,,,,,,,,,,,,,,,,,,,,,,,,,,,,,,,,,,,,,,,,,,,,,,,,,,,,,,,,,,,,,,,
Bilbao_hdbscan_5_5,105,15,-2.92837034,43.26406802,-2.9282194,43.2640551,5.177907200014071e-07,28969232.974973436,0.00033494557671632087,0.0007737150754648252,0.0003305812190672338,0.0001480622445679607,Yes,0.067,,,,,,,,,,,,,,,,,0.2,,0.133,,,0.333,,,,0.067,,,,,,0.067,,,,,,,,,,,,,,,,,,,,,,,,,,,,,,,,,,,,,,,,,,,,,0.067,,,,,,,,,,,,0.067,,,,,,,,,,,,,,,,,,,,,,,,,,,,,,,,,,,,,,,,,,,,,,,,,,,,,,,,,,,,,,
Bilbao_hdbscan_5_5,106,7,-2.9250228999999996,43.262258457142856,-2.9250483,43.2622554,6.597319199976065e-07,10610370.34561765,0.000388475895284741,0.0005822214469293308,0.0003584116268840628,0.0002074069075656865,Yes,,,,,0.143,,,,,,,,,,,,,,0.143,0.143,,,0.286,,,,,,,,,,,,,,,,,,,,,,,,,,,,,,,,0.143,,,,,,,,,,,,,,,,,,,,,,,,,,0.143,,,,,,,,,,,,,,,,,,,,,,,,,,,,,,,,,,,,,,,,,,,,,,,,,,,,,,,,,,,,,,,,,,,,,,,
Bilbao_hdbscan_5_5,107,12,-2.92963865,43.26415769166667,-2.92956695,43.26422995,7.176816000026849e-07,16720506.698172431,0.0003923867997964671,0.0009415705705021286,0.00041289735306334274,0.0001894761966509368,Yes,0.083,,,,,,,,,,,,,,,,,0.083,,,0.167,,0.083,,,,0.083,0.083,,,,,,,,,,,,,0.083,,,,,,,,,,,,,,,,,,,,,,,,,,,,,,,,,,,,,,,,,,,,,,,,,,,,,,,,,,,,,,,,,,,,,,,,,,,,,,,,,,,,,,,,,,,,,,,,,,,,,,0.083,,,,,,,,,
Bilbao_hdbscan_5_5,108,17,-2.9313852470588238,43.26642954705883,-2.9314614,43.2664511,4.039464000040577e-07,42084791.447155446,0.0002603374833272433,0.0004318564035095913,0.0002445923045243606,0.0001437927516697028,Yes,0.059,0.059,,,,,,,,,,,,,,,,,0.235,0.118,,,,,,,0.059,,,,,,0.059,,,,,,,,0.059,,,,,,,,,,,,,,0.059,,,,,,,,,,,,,,,,,,,,,,,,,,,,,,,,,,,,,,,,,,,,,,,,,,,,0.059,,,0.059,,,,,,,,,,,,,,,,,,,,,,,,,,,,,,,,,,,,,,,,,,
Bilbao_hdbscan_5_5,109,8,-2.9261257,43.2607115375,-2.9261363,43.260674699999996,2.002565000018161e-07,39948765.70761723,0.00021718349478880622,0.0003202799110278972,0.00014091650896883823,0.0001784774631253671,Yes,,,,,,,,,,,,,,,0.125,,,,,,0.125,,0.125,,,,,,,,,,,,,,0.25,,,,,,,,,,,,,,,,,,,,,,,0.125,,,,,,,,,,,,,,,,,,,,,,,,,,,,,,,,,,,,,,,,,,,,,,,,,,,,,,,,,,,,,,,,,,,,,,,,,,,,,,,,,,,,,,,,,,,,
Bilbao_hdbscan_5_5,110,8,-2.9313167499999997,43.262412412500005,-2.9313706,43.2623997,1.9698590000147854e-07,40612043.805876225,0.00017057164815636284,0.0003245624903702617,0.00014640054644712196,0.00012385366806761454,Yes,,,,,,,,,,,,,,,,,,,0.25,,,0.125,,,,,,,,,,,0.125,,,,0.25,,,,,,,,,,,,,,,,,,,,,,,,,,,,,,,,,,,,,,0.125,,,,,,,,,,,,,,,,,,,,,,,,,,,,,,,,,,,0.125,,,,,,,,,,,,,,,,,,,,,,,,,,,,,,,,,,,,,,,,,,
Bilbao_hdbscan_5_5,111,12,-2.935213108333333,43.267149616666664,-2.9351912000000002,43.267160450000006,9.631934000222111e-08,124585571.28530243,0.00015549534338028212,0.0003592805872116616,0.00017227462309895152,4.818057757637345e-05,Yes,,,,,,,,,,,,,,,,,,,0.083,0.5,,,,,,,0.083,,,,,0.083,,,,,0.083,,,,,,,,,,,,,,,,,,,,,,,,,,,,,,,,,,,,,,,,,,,,,,,,,,,,,0.083,,,,,,,,,,,,,,,,,,,,,,,,,,,,,,,,,,,,,,,,,,,,,,,,,,,,,,,,,,,,,,
Bilbao_hdbscan_5_5,112,32,-2.9313473825748115,43.264569838137426,-2.9312617000000003,43.26452715,1.595178520005626e-06,20060450.66347003,0.00042299675144535334,0.0010430216356681144,0.00039723316632437467,0.00026513023585083293,Yes,0.062,0.062,0.062,0.031,0.062,0.031,0.031,,,,,,,,,0.031,,,,0.062,0.031,,0.031,0.031,,,,,,0.031,,0.031,,,,,0.062,,,,0.031,,,,,,,,,,,,,,0.031,,,,,,,,,,0.031,,,,,,,,,,,,0.031,,,,,,,,,,,,,,,,,,,,,,,,,,0.031,,,,,,,,,,,,0.031,,0.031,,,,,,,,,0.031,,,,,,,,,,,,,,,,,,0.031,,,,,,,,
Bilbao_hdbscan_5_5,113,49,-2.9325532244897965,43.26525582857144,-2.9325368,43.2651786,2.122230839997294e-06,23088911.477727126,0.0005127957637940574,0.0008711417143809413,0.00028494814532247544,0.00048760095218469153,Yes,0.041,0.02,0.02,0.02,,0.02,,,,0.02,,,,,,,,,0.163,0.245,,,0.02,0.02,,,,,,0.02,,0.041,0.02,,,,0.041,,,,0.041,,,,,,,,,0.02,,,,,0.02,0.02,,,,,0.02,,,,,,,,,,0.02,,,,,,,,0.02,,,,,,,,,,,,,,,,,,,,,,,,,0.02,,,,,,,,,,,,,,,,,,,,,,0.02,,,,,0.02,,,,,,,,,,,,,,,,,,,,,
Bilbao_hdbscan_5_5,114,26,-2.935139734615385,43.26410936153846,-2.9351443,43.26410615,7.003943900018504e-07,37121942.110260636,0.0003105482775241878,0.0006291889580928307,0.0003011646712123084,0.00017447211387664187,Yes,0.038,,,,,,,,,0.038,0.038,,,,0.038,,,,0.077,0.038,,,0.115,0.077,,,,,,,,0.038,0.038,,,,0.154,,,,0.038,,,,,,,,0.038,,,,,,,,,,,,,0.038,,,,,,,,,,,,,,,,,0.038,,0.038,,,,,,,,,,,,,,,,,,,,,0.077,,,,,,,,,,,,0.038,,,,,,,,,,,,,,,,,,,,,,,,,,,,,,,,,,,,,,
Bilbao_hdbscan_5_5,115,22,-2.933324781818182,43.26625107727272,-2.9333228499999997,43.26627455,6.960323800034049e-07,31607724.916321248,0.0003260648341630408,0.0005676148453633498,0.0001801713594340655,0.0003081317795598371,Yes,0.045,0.045,,,,,,,,,,,,,,,,0.045,0.045,0.091,,,0.091,,,,,,,0.045,,0.091,,,,,0.091,,,,,,,,,,,,,,,0.091,,,0.045,,,,0.045,0.045,,,,,,,,,,,,,,,,,,,,,,,,,,,,,,,,,,,,,,,,,,,,0.045,,,,,,,,,,,,,,,0.091,,,,,,,,,,,,,,,,,,,,,,,,,,,,,,,,,
Bilbao_hdbscan_5_5,116,30,-2.9325306533333344,43.26336629666667,-2.9324321500000003,43.26341635,1.0993558499924925e-06,27288707.291824453,0.0004273457224722521,0.0007970063727395148,0.0004133238244067394,0.00023543121073617282,Yes,,0.033,,,,,,0.033,,0.033,,,,,,,,0.033,0.033,0.3,0.033,,0.033,,,,0.033,,,,,,,,,,0.133,,,,,,,,,,,,,,,,,,0.067,,,,,,,,,,,,,,,,,,,,,,,,,,,,,,,,,,,,,,,,,,,,,,,,0.033,,,,0.033,,,,0.033,,,,0.033,,,,,,,,,,,,,,,,,,,,,,,,,,0.033,,,,,,,,,,,
Bilbao_hdbscan_5_5,117,57,-2.926035896491228,43.26169634561404,-2.9258414,43.2618046,2.8838843000053162e-06,19765009.296626404,0.0006268025132461886,0.00138751346046328,0.0006260053183353885,0.0002971802141357582,Yes,0.018,0.07,,,,,,,,0.018,,,,,0.018,,,0.018,0.088,0.211,,,0.053,0.018,0.018,,0.035,0.018,,,,,0.018,,,,0.018,0.018,,,0.035,,,,,,,,,,,0.018,,,0.018,,,,,0.018,,,,,0.018,,,,,0.018,,,,,,,,,,,,,,,,,0.035,,,,,,,,,,,,,,,0.018,,0.018,,,,,0.018,,,,,,,,,,,,,,,,,,,,,,,,,,,,,,,,,,,,0.018,0.018,0.018,0.018,,,,
Bilbao_hdbscan_5_5,118,14,-2.9284058500000003,43.2618854,-2.92836035,43.26182315,2.893195499992237e-07,48389401.96069559,0.00021883282508114538,0.00040133007923716835,0.00019250396192582646,0.00013281428494566725,Yes,,,,,,,,,,,,,,,0.143,,,,,0.214,,,0.071,0.071,,,,,,,,,,,,,0.143,,,,,,,,,,,,,,,,,,0.071,,,,,0.071,,,,,,,,,,,,,,,,,,,0.071,0.071,,,,,,,,,,,,,,,,,,,,,,,,,,,,,,0.071,,,,,,,,,,,,,,,,,,,,,,,,,,,,,,,,,,,,,,,,,,
Bilbao_hdbscan_5_5,119,13,-2.9289575,43.26233851538462,-2.9289241,43.2623405,1.9766747000021364e-07,65767017.709013775,0.0001652418431012089,0.00030124726912853227,0.00014554186815005324,0.00012315887704139383,Yes,,0.077,,,,,,,,,,,,,,,,,0.308,0.308,,,,,,,0.154,,,,,,,,,,,,,,,,,,,,,,,,,,,,0.077,,,,,,,,,,,,,,,,,,,,0.077,,,,,,,,,,,,,,,,,,,,,,,,,,,,,,,,,,,,,,,,,,,,,,,,,,,,,,,,,,,,,,,,,,,,,,,,,,,,,
Bilbao_hdbscan_5_5,120,15,-2.931483713333334,43.26320386,-2.9314391,43.263221,3.2214262000076416e-07,46563227.18168871,0.00019341670765640696,0.0004392860310878731,0.00013467289688553496,0.00017634930412831573,Yes,,0.067,,,,,,,,,,,0.067,,0.067,0.067,,,,0.067,,,0.067,0.067,,,,,,,,,,,,,0.133,,,,,,,,,,,,,,,,,,0.067,,,,,,,,,,,,,,,0.067,,,,,,,,,0.133,,,,,,,,,,,,,0.067,,,,,,,,,,,,,,,,,,,,,,,,,,,,,,,,,,,,,,,,,,,,,,,,,,,,,,,,,0.067,,,
Bilbao_hdbscan_5_5,121,48,-2.9301579541666665,43.26303473125,-2.9302399,43.26301785,2.116252159994655e-06,22681607.091718804,0.0005309193638347688,0.0010003956178652718,0.0005289045561970247,0.00024648424320472637,Yes,0.021,0.042,,,0.021,,,,,0.042,0.042,,,,0.021,0.021,,0.021,,0.042,0.062,,0.042,0.021,,,,,,,,0.062,,,,,0.167,,,,0.021,,,,,,,,,,0.042,,,,0.042,,,0.021,,0.021,,,,,,,,,,0.042,,,,,0.021,,,,0.021,0.042,,,,,,,,,,0.021,,,,,,,,,,,,,,,,,,,,0.021,,,,,,,0.021,,,,,,,,,,,,,,,,,,,,,,,,,0.021,,,,,,,,,,
Bilbao_hdbscan_5_5,122,8,-2.9326228,43.262152300000004,-2.93261485,43.262120249999995,1.1489676000058713e-07,69627724.92417645,0.00016051406273876202,0.0002680010634302874,7.636365300321459e-05,0.00015350709267113985,Yes,,,,,,,,,,,,,,,,0.125,,,0.25,0.125,,,,,,,,,,,,,,,,,,,,,,,,,,,,,,,,,,,,,,,,,,,,,,,,,,,,,,,,,,0.125,0.25,,,,,,,,,,,,,,,,,,,,,,,,,,,,,,,,,,,,0.125,,,,,,,,,,,,,,,,,,,,,,,,,,,,,,,,,,,,,
Bilbao_hdbscan_5_5,123,20,-2.9350457199999997,43.26632148,-2.9350674,43.2661085,1.4317568099983593e-06,13968852.713208271,0.00045776568202734216,0.0010027925681798185,0.0002983478349175646,0.0004246478395096355,Yes,,0.1,,,,0.05,,,,,,,,,,0.05,,,0.1,0.1,0.05,,0.1,,,,,,,,,0.1,0.05,,,,0.05,,,,,,,,,,,,0.05,,,,,,,,,,,,,,,,,,,,,0.05,,,,,,,,,,,,,,,,,,,,0.1,,,,,,,,,,,,,,,,,,,,,,,,,,,,,,,,,,,,,,,,,,,,,,,,,,,,,,,,,,,,,,
Bilbao_hdbscan_5_5,124,7,-2.9326006714285713,43.25703015714286,-2.9325583,43.2569987,8.96577699991e-08,78074661.01454751,0.0001389581061892239,0.0002050527104957165,0.00010487743478232416,9.910650630408279e-05,Yes,,,,0.286,0.143,,,,,,,,,,,,,,,,,,0.143,,,,,,,,,,0.143,,,,,,,,,,,,,,,,,,,,,,,,,,,,,,,,,,,,0.143,,,,,,,,,,0.143,,,,,,,,,,,,,,,,,,,,,,,,,,,,,,,,,,,,,,,,,,,,,,,,,,,,,,,,,,,,,,,,,,,,,,,,,
Bilbao_hdbscan_5_5,125,10,-2.9341055899999997,43.26594134,-2.9341151500000002,43.2659801,1.217332599993569e-07,82146818.38022599,0.00015154622527014988,0.00025691574046676936,0.0001388384417227223,8.846043409292095e-05,Yes,0.1,0.1,0.1,,,0.1,,,,,,,,0.1,,,,,,,,,,,,,,,,,,,,,,,,,,,,,,,,,,,,,,0.1,,,,,,,,,,,,,,,,,,0.1,,,0.1,,,,,,,,,,,,,,,,,0.1,,,,,,,,,,,,,,,,,,,,,,,,,,,,,,,,,,,,,,,,,,,,,,,,,,,,,,,,,,,,,,
Bilbao_hdbscan_5_5,126,32,-2.9434468593750003,43.263013215624994,-2.9434143500000003,43.26302175,1.643860330004648e-06,19466374.007522598,0.0005260409716657708,0.0010576879590702007,0.00025090648389805895,0.0005411873798125183,Yes,0.062,0.062,,,,,0.031,,,,,,,,,0.031,,0.062,0.031,0.062,0.062,,0.031,0.031,,,,,,,,,,,,,0.094,,,,0.031,,,,,,,,,,,,,,0.156,,,,,,,,,,0.031,,,,,,,,,,,,,,,,,,,,,,,,,,,,,,,,,,,,,,,,,,0.031,,,,,,,,,,,,,0.031,,,,,,,,,,,,,,,,,,,,,,,,,,,,,,,,
Bilbao_hdbscan_5_5,127,27,-2.934283796296296,43.264238577777775,-2.9342782,43.2642187,8.082173699967747e-07,33406854.396247074,0.00037719844163131667,0.0007339272053295151,0.00017118271044898025,0.00040028048530133415,Yes,0.037,0.037,,,,0.037,,,,,,,0.037,,,0.074,,,,0.037,0.037,0.037,0.037,0.037,,,0.037,,,,,,,,,,0.148,,,,0.037,,,,,,,,,0.037,0.037,,,,,,,,,,,,,,,,,,,,,,,,,,,,,,0.037,,,,,,,,,0.037,,,,,,,,,,,,0.074,,,,,,,,,,,,0.037,,,,,,,,,,,,,,,,,,,,,,,,,,0.037,,,,,,,,,,,,
Bilbao_hdbscan_5_5,128,18,-2.9373405666666668,43.26384939444444,-2.9374072,43.2637761,6.098202000001145e-07,29516896.947652142,0.00025180630836088385,0.0005946189200121831,0.0001910249518314827,0.0002113188598415317,Yes,,,,,,,,,,,,,,,,0.056,,,,0.056,0.056,,0.056,,,,,,,,,,0.056,,,,0.333,,,,,,,,,,,,0.111,,,0.111,,,,,,,,,,,,,,,,,,,,,,,,,,,,,,,,,,,,,,,,,,,,,,,,,,0.111,,,,,,,,,,,,,,,,,,,,,,,,,,,,,,,,,,,,,,,,,,,,,,,,,,
Bilbao_hdbscan_5_5,129,26,-2.9367034463685804,43.26475564581059,-2.9367092,43.26483285,1.5350757999936987e-06,16937274.367889017,0.0005051553557893578,0.000928723345351789,0.00035572504238399046,0.00041068864802048437,Yes,,,,,,,,,,,,,,,,,,,,0.077,0.038,,0.077,0.038,,,0.038,,,,,,,,,,0.038,,,,0.077,,,,0.038,,,,0.154,,,0.038,,,0.038,,0.038,,0.038,,,,,,,0.038,,,,,,,,,,,,,,,,,,,,,,,,,,,,,,,,0.038,,,,0.038,,,,,,,,,,,,,,,,,,,,,,,,,,,,,,0.038,,,,,,,,,,,,,,,,,,,,
Bilbao_hdbscan_5_5,130,8,-2.9327129375,43.259532975,-2.93274725,43.259579099999996,1.0007283999949078e-07,79941770.41483691,0.00014211817756254837,0.0002382744573609454,0.00011162210732536798,0.00010168584894161307,Yes,,0.125,,,,,,,,,,,,,,,,,,0.125,0.125,,,,,,,,,,,,,,,,0.125,,,,,,,,,,,,,,0.125,,,,0.125,,,,,,,,,,,,,,,,,,,,,,,,,,,,,,,,,,,,,,,,,,,,,,,,,,,,,,,,,,,,,,,,,,,,0.125,,,,,,,,,,,,,,,,,,,,,,,,,,,,,
Bilbao_hdbscan_5_5,131,21,-2.934369242857142,43.26522112857143,-2.9343398,43.2652586,4.6350324999951833e-07,45307125.67823812,0.00021955047419993808,0.0005067689285439787,0.00018992905084198013,0.000154806623282931,Yes,0.143,0.095,,,,,0.095,,,,,,,,,0.048,,,0.095,0.143,0.048,,0.048,,,,,,,,,,,,,,,,,,,,,,,,,,,,,0.048,,,,,,,,,,,,,,,,,,,,,,,0.048,,,,,,,,,,,,,,,,,,,,,,,,,,,,,,,,0.048,,,0.048,,,,,,,,,,,,,,,,,,,,,,,,,,,,,,0.048,,,,,,,,,,,,
Bilbao_hdbscan_5_5,132,11,-2.935153072727273,43.26534784545454,-2.9351615,43.2653804,1.206934799985202e-07,91139968.78816377,0.00016120547323851956,0.00031539198135059073,0.00015966491668441678,7.40353522873017e-05,Yes,,,,,,0.091,0.091,,0.091,,,,,,,,,,0.182,0.182,,,,,,,,,,,,,,,,,,,,,,,,,,,,,,0.091,,,,,,,,,,,0.091,,,,,,,,,,,,,,,,,,0.091,,,,,,,,,,,,,,,,,,,,,,,,,,,,,,,,,,,,,,,,,,,,,,,,,,,,,,,,,,,,,,,,,,,,,,,,,
Bilbao_hdbscan_5_5,133,6,-2.9394331499999997,43.2602316,-2.9394524,43.260243349999996,1.0060466000120177e-07,59639384.49698381,0.00015623504134317672,0.0001955309758111316,0.00010976837355695185,0.00011633261222373297,Yes,,,,,0.167,,,,,,,,,,,,,,,0.5,,,,,,,,,,,,,,,,,,,,,0.167,,,,,,,,,,,,,,,,,,,,,,,,,,,,,,,,,,,,,,,,,,,,,,,,,,,,,,,,,,,,,,,,,,,,,,,,,,,,,,,,,,,,,,,,,,,,,,,,,,,,,,,,,,,,,0.167,,
Bilbao_hdbscan_5_5,134,19,-2.933620878178223,43.257310521027854,-2.9335393,43.2572711,6.707944784992787e-07,28324621.93562977,0.00033335879143000304,0.0006566592531247759,0.0003138565181211105,0.0002084161143097688,Yes,,0.053,0.105,,,,,,,,,,,,0.053,,0.053,,0.053,0.053,0.105,0.053,0.105,,,,0.053,,,,,,,,,,0.105,,,,,,,,,,,,,,,,,,0.053,,,,,,,,,,,,,,,,,,,,,,,,0.053,,,,,,,,,,,,,,,,,,,,,,,,,,,,,,,,,,,,,,,,,,,,,,,,,,,,,,,,,,,,,,,,,,,,,,,,,
Bilbao_hdbscan_5_5,135,6,-2.931081166666667,43.259724716666675,-2.93108175,43.25972795,7.191092999980881e-08,83436551.30055963,0.00010901086677394865,0.00021305284491068927,5.926642294660476e-05,0.00011888099675289553,Yes,,0.167,,,,,,,,,,,,,,,,,,0.167,,,,,,,,,,,,,,,,,,,,,,,,,,,,,,,,,,,0.333,,,,,,,,,,,,,,,,,,,,,,,,,,,,,,,,,,,,,,,,,,,,,,,,,0.167,,,,,,,,,,,,,,,,,,,,,,,,,,,,,,,,,,,,,,,,,,,,,,,,
Bilbao_hdbscan_5_5,136,35,-2.9352719942857144,43.25758800285714,-2.9352418,43.2575715,8.276407500052685e-07,42288879.56492863,0.0002768193184588332,0.0006111740000464895,0.000263731672016287,0.0001687681596340086,Yes,,0.143,,,,,0.029,,,0.029,,,0.029,,0.057,0.086,0.029,,0.057,0.057,0.114,,0.029,,,,,,,,,,,,,,,,,,0.029,,,0.029,,,,,,0.029,,0.029,,,0.114,,,,,,,,,,,,,,,,,,,,,,,,,,0.029,,,,,,,,,,,,,,,,,,,,,,,,,,0.029,,,,,,,,,,,,,,,,,,,,0.029,,,,,,,,,,,,,,,,,,,,,,,,,
Bilbao_hdbscan_5_5,137,31,-2.9332399612903237,43.26161547096773,-2.9333393,43.2615535,1.324455040003504e-06,23405853.02157028,0.0004023360442448265,0.0007294250458521062,0.00030179952722061705,0.0003154938465665716,Yes,,0.032,,,,,,,0.032,,,,,,,,,,0.097,0.065,0.065,,,0.032,,,,,,,,,,,,,0.419,,,,,,,,,,,,,,0.032,,,,0.032,,,,,0.032,,,,,,,,,,,,,,,0.032,,,,0.032,0.032,,,,,,,,,,,,,,,,,,,,,,,,,,,,,,,,,,,,,,,,,,,,,,,,,,,,,,,,,,,,,0.032,,,,,,,,,,,
Bilbao_hdbscan_5_5,138,6,-2.9396162166666673,43.26382636666667,-2.9395943,43.2638624,7.173071999993508e-08,83646170.00924332,0.00012196023674648765,0.00024445015454333137,0.00010199219605224651,9.288702217666108e-05,Yes,,,,,,,,,,,,,,,,,,,,0.167,0.167,,,,,,,,,,,,,,,,0.167,,,,,,,,,,,,,,,,,,,,,,,,,,,,0.167,,,,,,,,,,,,,,,,,,,,,,,,,,,,,,,,,,,,,,,,,,,,,,,,,,,,,,,,,,,,,,,,,,,,,,,,,,,0.167,,,,,,,,,,,,
Bilbao_hdbscan_5_5,139,11,-2.9368450909090913,43.25769183636364,-2.9368593,43.2577057,9.849487999997685e-08,111680932.04441272,0.0001517292675636011,0.00026856371775497187,5.501142781353257e-05,0.00016122672501619174,Yes,0.091,0.091,,,,,,,,,,,,,,,,,0.091,0.182,,,0.182,,,,,,,,,,,,,,0.091,,,,0.091,,,,,,,,,,,,,,0.091,,,,,,,,,,,,,,,,,,,,,,,,,,,,,,,,,,,,,,,,,,,,,,,,,,,,,,,,,,,,,,,,,,,,,,,,,,,,,,,,,,,,,,,,,,,,,,,,,
Bilbao_hdbscan_5_5,140,16,-2.9402371687499995,43.26339254375,-2.9401557499999997,43.2633656,4.7683054999827306e-07,33554897.017521106,0.00027164599770220345,0.0005476351263754836,0.0002465430127755205,0.00017948897935770244,Yes,0.062,0.25,,,,,0.062,,,,,,,,,,,,0.062,0.188,,,0.125,,,,,,,,,,,,,,,,,,,,,,,,,,,,,,,,0.062,,,,,,,,,,,,,,,,,,,,,,,,,,,,,,,,,,,,,,,,,,,,,,,,,,,,,,,,,,,,,,,,,,,,,,,,,,,,,,,,,,,,,,,,,,,,,,,,,
Bilbao_hdbscan_5_5,141,13,-2.9409492615384614,43.26303956153846,-2.9409587,43.2630547,1.4567020000106402e-07,89242686.5611844,0.00014305976024461584,0.00028882851426528165,7.981736401081204e-05,0.00014515819242608553,Yes,0.077,,,,,,,,,0.077,,,,,,,,,,,,,0.077,,,,,,,,,0.077,,,,,0.077,,,,,,,,,,,,,,,,,,0.308,,,,,,,,,,,,,,,,,,,,,,,0.077,0.077,,,,,,,,,,,,,,,,,,,,,,,,,,,,0.077,,,,,,,,,,,0.077,,,,,,,,,,,,,,,,,,,,,,,,,,,,,,,,,,
Bilbao_hdbscan_5_5,142,11,-2.9357597363636363,43.25826058181818,-2.9357411,43.2582655,2.3074470000382845e-07,47671734.171218194,0.00021107139648805808,0.0004554028584385099,0.0002199702553145608,9.178370640100355e-05,Yes,,0.273,,,,,,,,,,,,,,,,,,,,,0.182,,,,,,,,,,,,,,0.182,,,,,,,,,,,,,,,,,,0.182,,,,,,,,,,,,,,,,0.091,,,,,,,,,,,,,,,,,,,,,,,,,,,,,,,,,,,,,,,,,,,,,,,,,,,,,,,,,,,,,,,,,,,,,,,,,,,,,,,,,
Bilbao_hdbscan_5_5,143,17,-2.9363751588235294,43.25878267647059,-2.9364043,43.2588525,2.407332199986136e-07,70617590.70932505,0.00021229545424594076,0.0003476828201474463,0.00014301331924326393,0.00016716345832438735,Yes,,0.059,0.059,,,0.118,,,,0.059,,,0.059,,,,,,0.118,0.118,,,0.059,,,,,,,,,,,,,,0.118,,,,,,,,,,0.059,,,,,,,,,,,,,,,,,,,,,,,,,,,,,,,,,,,,,,,,,,,,,,,,,,,,,,,,,,,,,,,,,,,,,,,,,,,,,,,,,,,,,,,,,,,,,,,,,,,,,,,,,
Bilbao_hdbscan_5_5,144,25,-2.9346546520000003,43.258767328000005,-2.9347341,43.2587761,8.718894800007861e-07,28673358.92156591,0.0003488628383259752,0.0008510867433407619,0.00035797483612121805,0.00016200607524481577,Yes,,0.04,0.04,,,,,,,,,,,,,,,,,0.08,0.04,0.08,0.04,,,,,0.04,,,,,0.04,,,,0.08,,,,0.08,,,,,,,,,,,,,,0.04,0.04,,,,,,,,,,,,,,,,,,,,,,,,,,,,,,,,,0.04,,,,,,,,,,,,,0.04,0.04,0.04,,,,,0.04,0.04,,0.04,,,,,,,,,,,,,,,,,,,,,,,,,,,,,,,,,,,,,,,,
Bilbao_hdbscan_5_5,145,5,-2.9360764,43.261189460000004,-2.935976,43.2611696,1.3437566999743305e-07,37209116.79990517,0.00021611349284414793,0.0003921120370504414,0.0002267824949153549,7.544626166885676e-05,Yes,0.2,,,,,,,,,,,,,,,,,,,,,,,,,,0.2,,,,,,,,,,0.4,,,,,,,,,,,,,,,,,,,,,,,,,,,,,,,,,,,,,,,,,,,,,,,,,,,,,,,,,,,0.2,,,,,,,,,,,,,,,,,,,,,,,,,,,,,,,,,,,,,,,,,,,,,,,,,,,,,,,,
Bilbao_hdbscan_5_5,146,34,-2.9330670205882354,43.258306450000006,-2.93304215,43.2583511,1.0415873699974661e-06,32642484.902714126,0.0003829098603597365,0.0007229582792328252,0.00035792134099664073,0.00021828956787018104,Yes,0.029,0.059,,0.029,,,,,,,,,,0.059,,,,,0.029,0.206,,,0.029,,,,,0.029,,,,0.059,,,,,0.147,0.029,,,0.029,,,,,,,,,,,,,,,,,,,,,0.029,,,,,,,,,,,,,,,,,,,,,,,,,,,,,,,,,,0.029,,,,,,,,0.029,,,0.029,,,,,,,,,,0.029,,,,,,,,,,,,,,,,,,,,,,,0.029,,,,,,,,,,,0.029,
Bilbao_hdbscan_5_5,147,15,-2.9312719333333335,43.25888602666667,-2.9312347,43.2588878,2.503386599985805e-07,59918831.554363415,0.00020322154292514485,0.00037432464494854085,0.00012065688910660993,0.00017871629086939632,Yes,,0.133,,0.067,,,,,,0.067,,,,,,,,,,,,,0.067,,,,0.067,,,,,,0.067,,,,0.133,,,,0.067,,,,,,,,,,,,,,,,,,,,,,,,,,,,,,,,,,,,,,,,,,,,,,,,,,,,,,,,,,,,,,,,,,,,,,,,,,,,0.067,,,,,,,,,,,,,,,,,,,,,,,,,,,,,,,,,,,
Bilbao_hdbscan_5_5,148,10,-2.93193146,43.2587281,-2.9318594,43.258725,1.7705085000059615e-07,56480948.83456548,0.00017345899105069334,0.00040373067706004224,0.0001604705592936607,0.00010927135031674017,Yes,0.1,0.3,0.1,,,,,,,,,,,,,,,,0.1,,,,0.1,,,,,,,,,0.1,,,,,0.2,,,,,,,,,,,,,,,,,,,,,,,,,,,,,,,,,,,,,,,,,,,,,,,,,,,,,,,,,,,,,,,,,,,,,,,,,,,,,,,,,,,,,,,,,,,,,,,,,,,,,,,,,,,,,,,,,,,
Bilbao_hdbscan_5_5,149,10,-2.9319572500000004,43.25832694,-2.9319702000000003,43.258351649999994,1.553068800009639e-07,64388647.81739184,0.00015887474993342188,0.0002881029678756112,0.00013919148142039188,0.00011568566203280241,Yes,,0.1,,,,,,,,,0.1,,,,,0.1,,,,,,,0.1,,,,,,,,,,,,,,,,,,0.1,,,,,,0.1,,,,,0.1,,,0.2,,,,,,,,,,,,,,,,,,,,,,,,,,0.1,,,,,,,,,,,,,,,,,,,,,,,,,,,,,,,,,,,,,,,,,,,,,,,,,,,,,,,,,,,,,,,,,,,,,,,
Bilbao_hdbscan_5_5,150,7,-2.933453671428571,43.259872428571434,-2.9334155,43.2598556,8.743772000024329e-08,80056982.27241656,0.00013735049060247643,0.00027633756826363437,0.0001227959365811238,8.589576264693039e-05,Yes,,,,,,0.286,,,,,,,,,,,,,,0.429,,,,,,,,,,,,,0.143,,,,,,,,,,,,,,,,,,,,,,,,,,,,,,,,,,,,,,,,,,,,,,,,,,,,,,,,,,,,,,,,,,,,,,,,,,,,,,,,,,,,,,,,,,0.143,,,,,,,,,,,,,,,,,,,,,,,,,,,,,
Bilbao_hdbscan_5_5,151,8,-2.93584665,43.2603035625,-2.9358410499999996,43.260311900000005,6.668486999957165e-08,119967242.94508466,0.00013381812158356755,0.0002483785999358269,4.202894835703354e-05,0.00014033785071630015,Yes,,,,,,,,,,,,,,,,,,0.125,,0.25,0.125,,,,,,,,,,,,,,,,,,,,,,,,,,,,,,0.125,0.125,,,0.125,,,,,,,,,,,,,,,,,,,,,,,,,,,,,,,,,,,,,,,,,,,,,,0.125,,,,,,,,,,,,,,,,,,,,,,,,,,,,,,,,,,,,,,,,,,,,,,,,,,,
Bilbao_hdbscan_5_5,152,6,-2.93596535,43.25976326666666,-2.9359745999999998,43.259772749999996,7.978694000018762e-08,75200277.13791117,0.00012072281647343467,0.00021700538460063526,0.00011764387999387185,7.026418401732215e-05,Yes,,0.167,,,,,,,,,,,,,,,,0.167,,,,,0.167,,,,,,,,,,,,,,0.167,,,,,,,,,,,,,,,,,,,,,,,,,,,,,,,,,0.167,,,,,,,,,,,,,,,,,,,,,,,,,,,,,,,,,,,,,,,,,,,0.167,,,,,,,,,,,,,,,,,,,,,,,,,,,,,,,,,,,,,,,
Bilbao_hdbscan_5_5,153,11,-2.9348041272727277,43.261578345454545,-2.9348496,43.2615726,1.682334899997948e-07,65385316.56219827,0.00016945249775703375,0.0002859230365139766,0.00013715642755569513,0.00011786559651874202,Yes,,0.091,,,,,,,,,,,,,,,,,0.091,,,,,,,,,,,,,,,,,,0.636,,,,,,,,,,,,,,,,,,,,,,,,,,,,,,0.091,,,,,,,,,,,,,,,,,,,,,,,,,,,,,,,,,,0.091,,,,,,,,,,,,,,,,,,,,,,,,,,,,,,,,,,,,,,,,,,,,,,,,,,,
Bilbao_hdbscan_5_5,154,20,-2.93510487,43.259625310000004,-2.935035,43.259666100000004,2.65934549999003e-07,75206474.67609975,0.000187044598316928,0.00037780343169662947,0.00016672572416995957,0.00012235862413425397,Yes,,0.05,,,,,0.05,,,,,,0.05,,,,,,,,,,0.1,,,,,,,,,,0.05,,,,0.05,,,,0.1,,,,,,,,,,,,,,0.1,,,,,,,,,,,,,,,0.05,,,,,0.05,,,,0.1,,0.05,,,0.05,,,,,,,,,,,,,,,,,0.05,,,,,,,,,,,,,,,,,,,,,,,,,,,,,,0.05,,,,,,,,,,,,,,,,,,,,,
Bilbao_hdbscan_5_5,155,10,-2.93543224,43.26103285,-2.9354907,43.261004650000004,1.389672899996026e-07,71959379.79382484,0.00016666861503147925,0.00035397357542647794,0.0001711161254820405,7.967052466236694e-05,Yes,,,,,,,,,,,,,,,,,,0.1,,,,,0.1,0.1,,,,,,,,,,,,,0.2,,,,,,,,,,,,,,,,,,,,,,,,,,,,,,,,,,,,,,,,,,,,,,,,,,,,,,,,,,,,,,,,,0.3,,,,,,,,,,,,,,,,,,,,,,,,,,,,,,,,,,,,,,,,,,,,,,,,,,0.1
Bilbao_hdbscan_5_5,156,8,-2.9391198625,43.2608825875,-2.93914105,43.260874799999996,2.4565659999977786e-07,32565784.920931228,0.00017660853284837504,0.00042977555370381,0.00019451381016203514,0.00010477054019992792,Yes,0.125,,,,,0.125,,,,,,,,,,,,,,,,,0.125,,,,,,,,,0.125,,,,,0.125,,,,,,,,,,,,,,,,,,,,,,,,,,,,,,,,,,,,,,,,,,,,0.25,,,,,,,,,,,,,,,,,,,,,,,,,,,,,,,,,,,,,,,,,,,,,,,,,0.125,,,,,,,,,,,,,,,,,,,,,,
Bilbao_hdbscan_5_5,157,13,-2.937897853846154,43.26058649230769,-2.9378272,43.260564,1.7259514000211218e-07,75320776.70229249,0.00024024720495801732,0.0005701171369827501,0.0002743489990038914,6.315277521803245e-05,Yes,0.077,,,,,,0.077,,,,,,,,,0.077,,0.077,,,,,0.077,,,,,,,,,,,,,,0.077,,,,0.077,,,,,,,,,,,0.077,,,0.077,,,,,0.077,,,,,,,,,0.077,,,,,,,,,,,,,,,,,,,,,0.077,,,,,,,,,,,,,,,,,,,,0.077,,,,,,,,,,,,,,,,,,,,,,,,,,,,,,0.077,,,,,,,,,,,,
Bilbao_hdbscan_5_5,158,13,-2.9340679307692312,43.2607805,-2.9340905,43.2607946,1.7152249999913452e-07,75791805.74015418,0.00014550257751052493,0.0003193179862333858,0.00010915131617381091,0.00012270756355545903,Yes,,,,,,,,,,,0.077,,,,,0.077,,0.077,,,0.077,,,,,,,,,,,,,,,,0.231,,,,,,,,,,,,,,0.077,,,,0.154,,,,,,,,,,,,,,,,,,,,,,,,0.077,,,,,,,,,,,,,,,,,,,,,,,,,,,,,,,,,,,,,,,,,,,,,,,,,,,,,,,,,,,,,,,,,,,,,,,,,
Bilbao_hdbscan_5_5,159,15,-2.9423736199999997,43.26238802666668,-2.9423696,43.2624993,2.8287420000050894e-07,53027105.33506772,0.00020339037354951916,0.0004773220482924253,0.00011620444168218295,0.00019214161952962758,Yes,0.067,,,,,,,,,,,,,,,0.067,,0.133,0.2,0.133,,,0.133,,,,,,,,,,,,,,,,,,0.067,,,,,,,,,,,,,,0.067,,,,,,,,,,,,,,,,,,,,,,,,,0.067,,,,,,,,,,,,,,,,,,,,,,,,,,,,,,,,,,,,,,,,,,,,,,0.067,,,,,,,,,,,,,,,,,,,,,,,,,,
Bilbao_hdbscan_5_5,160,11,-2.9426068,43.2616859,-2.9425561,43.2616373,1.1723504000110152e-07,93828602.77862869,0.00015214452915528846,0.00025585816383438364,0.00013425024123902058,9.597105624362641e-05,Yes,0.091,,,,,,,,,,,,,,,0.091,,0.091,,,,,,,,,0.091,,,,,,,,,,,,,,,,,,,,,,,,,,,,0.091,,,,,,,,,,,,,,0.091,,,,,,,,,,,,,,,0.091,,,,,,,,,,,,,,,,,0.091,0.091,,,,,0.091,,,,,,,,,,,,,,,,,,,,,,,,,,,,,,,,,0.091,,,,,,,,,,,,
Bilbao_hdbscan_5_5,161,11,-2.9343210272727274,43.26106551818182,-2.9343138,43.261079,1.3425359999998347e-07,81934488.16271113,0.0001513477152216585,0.00031966429718876963,7.600988082789634e-05,0.00016034483192182343,Yes,,,,,,,,,,,0.091,,,,,,,,0.091,0.091,,,,,,,0.091,,,,,,,,,,0.455,,,,,,,,,,,,,,,,,,0.091,,,,,,,,,,,,,,,,,,,,,,,,0.091,,,,,,,,,,,,,,,,,,,,,,,,,,,,,,,,,,,,,,,,,,,,,,,,,,,,,,,,,,,,,,,,,,,,,,,,,
Bilbao_hdbscan_5_5,162,10,-2.93465781,43.26019650999999,-2.93465255,43.260201249999994,1.2667395999943932e-07,78942822.97675277,0.00016427756128726707,0.00030435543726928856,7.7065367708165e-05,0.00017476955942026363,Yes,,0.2,0.1,,,,,,,,,,,0.1,,,,0.1,0.1,0.2,,,,,,,,,,,,,,,,,,,,,,,,,,,0.1,,,,,,,,,,,,,,,,,,,,,,,,,,,,,,,,,,,,,,,,,,,,,,,,,,,,,,,,,,,,,,,,,,,,,,,,,,,,,,,,,,,,,,,,,,,,,,,,,,,,,,,,,
Bilbao_hdbscan_5_5,163,9,-2.9344498444444445,43.259906855555556,-2.9345016,43.2599005,1.1668320000074205e-07,77131926.44650441,0.00013824345773218253,0.000314705498232301,0.00011719914780798497,0.00010091248255763527,Yes,,0.222,,,,0.111,,,,,,,,,,0.111,,,,,,,0.111,,0.111,,0.111,,,,,,,,,,,,,,,,,,,,,,,,,,,,,,,,,,,,,,,,,,,,,,,,,,,,,,,,,,,,,,,0.111,,,,,,,,,,,,,,,,,,,,,,,,,,,,,,,,,,,,,0.111,,,,,,,,,,,,,,,,,,,,,,,,,
Bilbao_hdbscan_5_5,164,17,-2.940754788235294,43.26156742941176,-2.9407618,43.2615675,3.0315284999635895e-07,56077322.05124966,0.00023855244873303953,0.00048298824045211216,0.0002477170513078713,0.00010707545863025452,Yes,,0.118,,,,,,,,,,,0.059,,,0.059,,,0.235,0.118,,,,,,,,,,,,0.059,,,,,0.059,,,,,,,,,,,,0.059,,,,,,,,,0.059,,,,,,,,,,,,,,,,,,,,,,0.059,,,,,,,,,,,,,,,,,,,,,,,,,,,,,,,,,,,,,,,,,,,,,,,,,,,,,,,,,,,,0.059,,,,,,,,,,,,
Bilbao_hdbscan_5_5,165,6,-2.9399159499999996,43.2625605,-2.9399067,43.26259545,4.604460000020804e-08,130308440.07707508,0.0001141728941633739,0.00027612314734783925,3.712872876891304e-05,0.00013436817579607965,Yes,,,,,,0.167,,,,,,,,,,0.167,,,,,,,,,,,,,,,,,,,,,0.333,,,,,,,,,,,,,,,,,,,,,,,,,,,,,,,,,,,,,,,,,,0.167,,,,,,,,,,,,,,,,,,,,,,,0.167,,,,,,,,,,,,,,,,,,,,,,,,,,,,,,,,,,,,,,,,,,,,,,,,,,
Bilbao_hdbscan_5_5,166,30,-2.9404878433333335,43.26197706333334,-2.9404533500000003,43.2619865,5.792235200002467e-07,51793476.89470073,0.0003117866900002896,0.0006300425365702134,0.00032021109983192565,0.00012735885123843453,Yes,0.033,,0.033,,,0.033,0.033,,,,0.033,,,,,,,0.133,0.167,0.033,,,0.033,,,,0.067,,,,,,0.033,,,,0.167,,,,,,,,,,,,,,,,,,0.033,,,,,,,,,,,,,,,,,,,,0.033,,,,0.067,,0.033,,,,,,,,,,,,,,,,,,,,,,,,,,,,,,,,,,,,,,,,,,,,,,,,,,,,,,,,,,,,,,,,,,,,,,,
Bilbao_hdbscan_5_5,167,5,-2.93558672,43.2621278,-2.9355741,43.2621267,2.266053999847672e-08,220647875.13166538,8.455108920194837e-05,0.000141384279182728,8.754268444588773e-05,3.140159231436032e-05,Yes,,,,,,,,,,0.2,,,,,,,,,,,,,0.2,,,,,,,,,,,,,,0.2,,,,,,,,,,,,,,,,,,,,,,,0.2,,,,,,,,,,,,,,,,,,,0.2,,,,,,,,,,,,,,,,,,,,,,,,,,,,,,,,,,,,,,,,,,,,,,,,,,,,,,,,,,,,,,,,,,,,,,,,,
Bilbao_hdbscan_5_5,168,15,-2.941584153333333,43.26247371333333,-2.9416305,43.2624534,3.264395399975835e-07,45950315.945522524,0.00022450018101470345,0.0004332719604158996,0.00014287652415827256,0.0001962807270773451,Yes,,,,,,,,,,,,,,,,,,0.333,0.067,0.067,,,0.067,,,,0.067,,,,,,,,,,0.133,,,,,,,,,,,,,,,,,,,,,,,,,,,,,,,,,,,,,,,,,,,,0.067,,,,,0.067,,,,0.067,,,,,,,,,,,,,,,,,,,,,0.067,,,,,,,,,,,,,,,,,,,,,,,,,,,,,,,,,,,,,,,,,
Bilbao_hdbscan_5_5,169,15,-2.9400348266666665,43.261174600000004,-2.9400607,43.2611393,2.636460199995523e-07,56894467.81720988,0.00019406937851354676,0.00039779042394075183,0.00011778139336169713,0.0001759053457595212,Yes,,,0.067,,,,,,,,,,,,,0.067,,0.067,,,,,,,,,,,,,,0.067,,,,,0.2,,,,0.067,,,,,,,,,,,,,,0.133,,,,,0.067,,,,,,,,,,,,,,,,,,,,0.067,,,,,,,,,,,,,,,,,,,,0.067,,,0.067,,,,0.067,,,,,,,,,,,,,,,,,,,,,,,,,,,,,,,,,,,,,,,,,,,,,
Bilbao_hdbscan_5_5,170,10,-2.93836589,43.261269760000005,-2.9383838,43.2612777,1.1532851999759482e-07,86708821.02890553,0.00013378931602581404,0.00025611775748809925,0.00013355651575270975,7.869328052506265e-05,Yes,,,,,,,,,,,,,,,,0.2,,,,0.3,,,,,,,,,,,,,,,,,0.2,,,,,,,,,,,,,,,,,,,,,,,,,,,,,,,,,,,,,,,,,,,,,,,,,0.1,,,,,,,,,,,,,,,,,,,,,0.1,,,,,,,,,,,,,,,,,,,,,,,,,,,,,,,,,,,,,,,,,,,,,
Bilbao_hdbscan_5_5,171,10,-2.94205338,43.26159511,-2.94207035,43.26157255,6.290023999970408e-08,158981905.31621256,0.00011059524983395967,0.00026405158681233826,4.8690631542369456e-05,0.000119580303143708,Yes,,0.1,,,,,,,,,,,0.1,,,0.1,,,,,,,,,,,,,,,,,,,,,0.1,,,,0.2,,,,,,,,,,,0.1,,,0.1,,,,,,,,,,,,,,,,,,,,,,,,,,0.1,,,,,,,,,,,,,,0.1,,,,,,,,,,,,,,,,,,,,,,,,,,,,,,,,,,,,,,,,,,,,,,,,,,,,,,,,,
Bilbao_hdbscan_5_5,172,5,-2.9418175599999996,43.262113420000006,-2.9418398,43.2621528,3.296106000047288e-08,151694150.6106984,8.845268586177468e-05,0.00014304807583998336,7.135092431081024e-05,6.329453057032042e-05,Yes,0.2,0.2,,,,,,,,0.2,,,,,,,,0.2,,,,,,,,,,,,,,,,,,,,,,,,,,,,,,,,,,,,,,,,,,,,,,,,,,,,,,,,,,,,,,,,,,,,,,,,0.2,,,,,,,,,,,,,,,,,,,,,,,,,,,,,,,,,,,,,,,,,,,,,,,,,,,,,,,,,,,,,,
Bilbao_hdbscan_5_5,173,18,-2.9363647444444445,43.26241089444444,-2.9363777,43.2624424,3.704215199976064e-07,48593289.07271995,0.00023034315352934303,0.000493929313209082,0.00019351459095779297,0.00016199648306203612,Yes,,,,,,,,,,,0.056,,,,,0.167,,,0.056,0.056,,,0.056,0.056,,,,,,,,,0.056,,,,0.111,,,,,,,,,,,,,,,,,,,,,,,,,,,,,,,,,,,,,,,,,0.056,0.167,,,,,0.056,,,,,,,,,,,,,,,,,,0.056,,,,,,,,,,,,,,,,,,,,,,,,,,,,,,,,,,,,,,,,,,,,,,,,,,
Bilbao_hdbscan_5_5,174,12,-2.9368879500000005,43.26260834166666,-2.93688185,43.2625941,2.023840799993169e-07,59293201.32315004,0.00018529284071526408,0.0003356433040750138,0.00010577156596492227,0.00017636673183143436,Yes,,,,,,,,,,,,,,,,0.083,,,,,,,,,,,,,,,,,,,,,0.5,,,,,,,,,,,,,,,,,,0.083,,,,,,,,,,,,,,,,,,,,,,,,0.083,,0.083,,,,,,,,,,,,,,0.083,,,,,,0.083,,,,,,,,,,,,,,,,,,,,,,,,,,,,,,,,,,,,,,,,,,,,,,,,,,,
Bilbao_hdbscan_5_5,175,27,-2.937365437037038,43.261656951851855,-2.9373075,43.2616388,3.870652499968082e-07,69755680.72882453,0.00024551094987050967,0.0003954492138401056,0.0001869215524662891,0.00017538800662173564,Yes,,,,,,,,,,,,,,,0.111,0.074,,,,0.037,,,0.037,,,,0.037,,,,,,,,,,0.259,,,,0.037,,,,,,,,,,,,,,,,,,,0.037,,,,,0.037,,,,,,,,0.037,,,,,,0.111,0.037,,,,,,,,,,,,,,,,,,,,,0.037,,,,,,,,,0.037,,,,,0.037,,,,,,,,,,,,,,,,,,,,,,,,,,,,,,,,,,,,,
Bilbao_hdbscan_5_5,176,9,-2.937450155555555,43.26230468888889,-2.9374252,43.2622978,1.9720080000151599e-07,45638760.08581513,0.00016650352746964782,0.0002818266092028181,0.00013569575536730405,0.000123489058845712,Yes,,,,,,,,,,,,,,,,,,,,,,,,,,,,,,,,,,,,,0.778,,,,,,,,,,,,,,,,,,,,,,,,,,,,,,,,,,,,,,,,,,0.111,0.111,,,,,,,,,,,,,,,,,,,,,,,,,,,,,,,,,,,,,,,,,,,,,,,,,,,,,,,,,,,,,,,,,,,,,,,,
Bilbao_hdbscan_5_5,177,13,-2.9378258461538453,43.26291930000001,-2.9377942,43.2628542,1.9864179999908457e-07,65444433.145792626,0.0002224531113061213,0.00038197248769211706,9.911642428042788e-05,0.00022204585458485406,Yes,,0.077,,,,0.077,,,,,,,,,,,,,,,0.077,,0.077,,,,,,,,,,,,,,0.462,,,,,,,,,,,,,,,0.077,,,0.077,,,,,,,,,,,,,,,,,,,,,,,,,,,,,,,,,,,,,,,,,,,,,,,,,,,,,,,,,,,,,,,,,,,,,,,,,,,,,,,,,,,,,,,,,,,,,,,,,
Bilbao_hdbscan_5_5,178,12,-2.939705066666667,43.26208623333333,-2.9397214,43.26208025,1.5933707999950755e-07,75312036.59585759,0.00015335563461346956,0.0003153181550217202,8.280886962686168e-05,0.00015171054859611935,Yes,,,,,,,,,,,,,,,,,,0.083,0.083,0.167,,,,,,,0.083,,,,,,,,,,0.167,,,,,,,,,,,,,,,,,,,,,,,,,,,,,,,,,,,,,,,,,,0.25,0.083,,,,,,,,,,,,,,,,,,,,,0.083,,,,,,,,,,,,,,,,,,,,,,,,,,,,,,,,,,,,,,,,,,,,,,,,,,,
Bilbao_hdbscan_5_5,179,7,-2.9387938285714283,43.26142801428572,-2.9387713,43.2614149,4.6458080000676485e-08,150673467.34729615,9.401621890615746e-05,0.00018146047075940982,6.544012998337363e-05,8.052707492500953e-05,Yes,,,,,,,,,,,,,,,,0.143,,,,,,,,,,,,0.143,,,,,,,,,0.429,,,,0.143,,,,,,,,,,,,,,,,,,,,,,,,,,,,,,,,,,,,,,,,,,,,,,,,,,,,,,,,,,,,,,0.143,,,,,,,,,,,,,,,,,,,,,,,,,,,,,,,,,,,,,,,,,,,,,,,,,
Bilbao_hdbscan_5_5,180,10,-2.93916101,43.26259527999999,-2.93911605,43.26261115,9.218983999973797e-08,108471822.92569792,0.0001405256916663181,0.0002820787664813866,0.00014306777729454953,5.6303566494638545e-05,Yes,0.1,,,,,,,,,,,,,,,,,0.1,,,,,0.1,,,,,,,,,,,,,,0.6,,,,,,,,,,,,,,,,,,,,,,,,,,,,,,,,,,,,,,,,,,,,,,,,,,,,,0.1,,,,,,,,,,,,,,,,,,,,,,,,,,,,,,,,,,,,,,,,,,,,,,,,,,,,,,,,,,,,,,
Bilbao_hdbscan_5_5,181,6,-2.9391956166666664,43.26213456666667,-2.9391991500000003,43.26212525,3.406776000064771e-08,176119592.24457157,8.775746488371703e-05,0.00016675533391639306,3.9180157251243156e-05,9.551227960776675e-05,Yes,,,,,,,,,,,,,,,,,,,0.167,0.167,,,,,,,,,,,,,,,,,0.333,,,,,,,,,,,,,,,,,,,,,,,,,,,,,,,,,,,,,,,,,,0.167,,,,,,,,,,,,,,,,,,,,,,,,,,,,,,,,,,,,,,,,,,,,,,,,0.167,,,,,,,,,,,,,,,,,,,,,,,,,
Bilbao_hdbscan_5_5,182,17,-2.9385192705882353,43.26240040588235,-2.9384728,43.262474,2.201605999987116e-07,77216359.33086795,0.00019984271322500704,0.00032812643234852827,0.00014523452338208133,0.00015135754113760965,Yes,,,,,,,,,,,,,,,,,,,,,,,0.059,,,,,,,,,,0.059,,,,0.294,,,,,,,,,,,,,,,,,,0.059,,,,,,,,,,,,,,,,,,,,,,,,0.235,,,,,,,,,,,,,,,,,,,,,,0.059,,0.059,,,,,,,0.059,,,,,,,,,,,,,,,,,,,,,,,,,,,,,,,,,,,,,,,,0.059,,0.059
Bilbao_hdbscan_5_5,183,19,-2.93824612631579,43.26175764736842,-2.9382781,43.2617357,1.9764005999907413e-07,96134356.56763618,0.00017494966173490223,0.0003151272855445617,0.00014161213091847617,0.00011629531089033424,Yes,0.053,,0.053,,,,,,,,,,,,,0.053,,,0.053,,,,,,,,,,,,,,,,,,0.263,,,,,,,0.053,,,,,,,,,,,,,,,,,,,,,,,,,,,,,,,,,,,0.316,,,,,,,,,,,,,,,,,,,,,,,,,,,,0.053,,,,,,0.053,,0.053,,,,,,,,,,,,,,,,,,,,,,,,,,,,,,,,,,,,,
Bilbao_hdbscan_5_5,184,5,-2.93897094,43.26193204,-2.9389689,43.2619025,3.50409600005526e-08,142690154.60538608,0.00011460647558777684,0.0001712521509356364,3.7580558803718904e-05,0.0001192905796802301,No,,,,,,,,,,,,,,,,,,,0.2,0.6,,,0.2,,,,,,,,,,,,,,,,,,,,,,,,,,,,,,,,,,,,,,,,,,,,,,,,,,,,,,,,,,,,,,,,,,,,,,,,,,,,,,,,,,,,,,,,,,,,,,,,,,,,,,,,,,,,,,,,,,,,,,,,,,,,,,,,,
Bilbao_hdbscan_5_5,185,5,-2.9387047400000004,43.26175059999999,-2.9387078,43.261736,2.6630939999475024e-08,187751540.1295848,7.625556896231412e-05,0.0001306850703071992,7.78019434205503e-05,4.183161483823223e-05,Yes,,,,,,,,,,,,,,,,,,,,,,,,0.2,,,,,,,,,,,,,,,,,,,,,,,,,,,,,,,0.2,,,,,,,,,,,,,,,,,,,,,,,,,,,,,,,,,,,0.2,,,,,,,,,,,,,,,,,,,,,,,0.2,,,,,,,,,,,,,,,,,,,,,,,,,,,,,,,,,,,,,,,
